1.247919461431400796e-03
1.686717207792803050e-03
1.363059951063997103e-03
2.524034785898339982e-03
1.940802813735951343e-02
2.136164372946492557e-02
1.727857303601739846e-03
5.726112711611615336e-03
6.581082221297591614e-04
1.643061539348276241e-03
3.403741238049629112e-03
1.531587186613406638e-03
1.167973560653965846e-03
5.303710809890687175e-04
5.169611079128660913e-02
2.362593532870680899e-02
3.974209096158726889e-02
8.626955190022206690e-03
1.419595958516972969e-02
3.415293738076017639e-03
1.418295261911388383e-02
2.079054419906291654e-02
3.671228172561012693e-03
3.038753261989187923e-02
3.190743163727779302e-02
2.535937660242352024e-02
2.156776669512772138e-02
7.622652658220860356e-02
1.512998583243414796e-01
6.442874475526040763e-03
2.330921118948182588e-03
2.563712779132598174e-04
2.549122616311407311e-04
3.522817198183799802e-03
3.289530622204430376e-04
3.413827168622174391e-01
1.872449875083149473e-01
8.454070091088096428e-02
1.950330103265337234e-01
1.759502579799263333e-01
2.503970827592573722e-01
1.105872801764475055e-01
3.658724791883719712e-02
1.887738817342275862e-04
6.242563874227347433e-04
1.361946711538963980e-03
3.446414993937053830e-03
9.097530155318266434e-03
1.452698363577595644e-02
1.013498065709488999e-01
2.668409098073672853e-02
5.438862970609084635e-02
4.575998082937926233e-04
8.091031405508830338e-04
1.465945718805359383e-03
6.880056552592755470e-04
8.564410814573474376e-03
2.577837994319728127e-02
1.833990567496954910e-02
1.292457248550350594e-02
3.695565178598976541e-02
1.161537917878000849e-02
1.147402158355653734e-02
1.257245189088841177e-02
1.593551105621773475e-02
1.340439679294821475e-02
1.417329848774937049e-04
1.432178248388922374e-02
2.646831593394796678e-02
1.393561488004883310e-02
2.087647049677353317e-02
1.933673245465315424e-02
2.052651433614147147e-02
2.182886101612161941e-02
4.169531862974983766e-02
2.702458246042986623e-02
1.146202348496764417e-02
3.187680222449294776e-02
2.977542474889852131e-02
2.371497980908052888e-02
1.776108583217615028e-02
2.079327412271316303e-02
2.105887339862247409e-02
3.184328368433905071e-02
5.482283746385987859e-03
4.520038222858804855e-03
1.053972673332302656e-02
9.204364299159880497e-03
2.095708159443149764e-04
3.104440568486031230e-03
1.020238142504898034e-02
1.179962929111612498e-02
3.381101337256608996e-02
8.588468516169074640e-02
6.060596529054006892e-02
2.244426417060114975e-02
4.559964803632371444e-02
3.916365971741062046e-02
1.077152158690979425e-02
7.918043941304933348e-05
8.732532666514650210e-03
4.115628544179280451e-02
4.920603541869979225e-02
2.954278373060279655e-02
9.056380678404554047e-03
4.978028510622860628e-03
7.007864999998669742e-03
1.923765625558603379e-02
4.818058054479083113e-02
9.032583484328934875e-02
3.286541962826528170e-03
5.577772700324869215e-02
2.068839474421836633e-01
2.461746380969707382e-01
1.070836474923573117e-01
9.857309189558022267e-02
1.070471370882305519e-02
1.734497930842506322e-02
7.493695634407277449e-03
8.991498940645184848e-05
2.769807038357269616e-02
4.704178623088801220e-02
4.499703155601032095e-02
8.925802295508018791e-02
1.065940468197557334e-01
3.251933895312236061e-02
2.520387852407036597e-02
2.118769257500606809e-02
9.656102763690090074e-03
1.148704150000064411e-03
4.188410226279143909e-04
1.375751084179514198e-03
1.987910801285327003e-03
1.571659685917132978e-03
3.768502855655412372e-03
2.900313378015669831e-03
1.821230859380053302e-02
6.777825421951275131e-02
7.882520016772603944e-02
5.344458759601857650e-02
4.163440041003039355e-02
1.598632004958036590e-04
9.226646850221324845e-06
2.457081611346483355e-02
2.663273407433847106e-02
3.526406729826797593e-02
6.947031062992757577e-02
4.524346693142723697e-02
3.935914968119560986e-02
5.055918744967998618e-02
6.032574473126507686e-02
9.689851365192042598e-03
7.330449651701149982e-02
4.863266142401630882e-02
1.620241644540837411e-02
3.598146854409626366e-02
5.843122907152267786e-02
4.825818328778879590e-02
8.373678397410129481e-02
4.629673064203490562e-02
3.587784319921889786e-02
6.533165927774142734e-02
1.370442853777598435e-06
3.243809330564379341e-05
6.648686141544363502e-06
4.961263514203642644e-02
1.592214644534005186e-01
8.490751202039466261e-02
1.006208099257645341e-07
9.824921299306910161e-02
1.615973670584581502e-05
1.983820823601625122e-02
2.839656264697368315e-02
5.751582560946420786e-02
1.497540134815524178e-02
3.520234488283061070e-02
4.509397227522475571e-02
6.623109005065289101e-02
2.552809667985038167e-01
1.154347545040348560e-01
8.066860162481104268e-02
4.041756660854427946e-02
3.486216177086999025e-03
6.944628363066519990e-03
8.963738741173106137e-03
1.080696255432139546e-03
5.612006260390968448e-04
6.377512624356105556e-04
1.394607799804062354e-03
3.263139724940742389e-03
6.412692200860934874e-03
8.060252331606955825e-03
1.182785119737082315e-02
6.169511054176359498e-03
2.619804194236121427e-04
7.136874067963073186e-03
1.620801463604338091e-02
1.928002762004817419e-02
2.122015274886042413e-03
9.535489492952133397e-03
1.524054294023027487e-02
2.118343656508618264e-02
2.758129909982611275e-02
3.583787347606121054e-02
2.679108035511591421e-02
3.528708178415663338e-02
5.018528951908061975e-02
3.543169447098218350e-02
4.832923204163233621e-02
2.762856676976461340e-02
4.381703271391534232e-02
1.986963898931294950e-02
5.879093526875775466e-02
7.827770565075156325e-03
9.530881971933715963e-04
1.504766533832319596e-04
4.838265777037646263e-04
2.278537547247465843e-03
9.946800615845409824e-03
1.808639266436514736e-01
2.424339449522981138e-01
3.447839954917653049e-01
3.896980370370502905e-02
3.809243174154485628e-02
4.836360310525236234e-07
1.491452005342404630e-01
7.241377961155288923e-02
1.176560683948471020e-01
1.001859104680180024e-01
6.862658002881730224e-02
8.636213513131094088e-02
1.169297085743284670e-01
9.580709222246071299e-02
1.056276449879890444e-01
6.520498037084876408e-03
7.259357290908867444e-02
1.205718460033682916e-02
3.667751387772498484e-03
1.667149539369737823e-04
1.138253816223656683e-04
1.191608121287298814e-03
3.225906509446462077e-04
2.250307399242481795e-04
2.761173839249188647e-02
1.245820532599211002e-02
2.246142837794197749e-03
1.673082347508399875e-02
3.586342725911160351e-02
2.014894328963961687e-02
3.494158596873152278e-02
1.026567737030811001e-01
8.723845900362418859e-02
1.006275878202119638e-04
8.229807583806368274e-03
1.038366943232355878e-02
1.015295000857379358e-02
1.071531247342618655e-02
3.598737840724708457e-03
6.612243526718229736e-02
5.749296916681759240e-02
1.039866164538789522e-01
8.586147497955472219e-02
4.411839567737268347e-02
6.261929169253338534e-02
2.340470459082884952e-02
7.552660150714830822e-02
4.752010809077687449e-06
8.599241093387013232e-06
1.454539265259231003e-04
1.406909401773080866e-04
1.073957094520416877e-01
1.375059215777967303e-01
9.269101662280991583e-02
1.497742768920315090e-02
2.483174103456522730e-01
1.792920102380382297e-01
1.444738659769050776e-02
1.108037748036356900e-02
1.014803025107243947e-02
6.206500834834050191e-03
4.619492121678559805e-03
3.065017177826730513e-02
3.921445777595271298e-02
4.789988624299458542e-02
1.797275769610565122e-02
2.413854196558903875e-02
1.601657866542949282e-02
8.675685369689042220e-03
5.802311999542201549e-05
8.186166997620307473e-04
7.719741689251477523e-03
2.079944670861305286e-02
3.431845538064231399e-02
1.165089936593435432e-01
4.602148611075251167e-02
2.122558279814368634e-02
1.200115516042747892e-03
4.229329559997421604e-05
1.685307574457905111e-04
4.690282840553355176e-02
8.101459090621860313e-05
1.525270739468212455e-01
9.911368636799095921e-04
1.344445196151301250e-03
1.546270857759296687e-02
1.506801274976789801e-06
1.027217829270826976e-04
1.744133583616056340e-04
1.750248931870668938e-04
2.207909460981818950e-02
6.395333023042888698e-02
6.216207472495941530e-04
4.995989081955827266e-04
4.341743438992490267e-02
3.334337844472447937e-02
5.897862928491922480e-03
9.751994025223309492e-02
3.775685041099548656e-03
3.230326960373554324e-02
7.935599368146659311e-05
1.465827910125101048e-04
5.312046030238715512e-05
1.362564353917099268e-04
1.692424714051532790e-04
1.242118705333954175e-04
4.318976895545644781e-05
1.411590911179755727e-04
1.643864689049667240e-03
3.628937935738543123e-03
4.125149219583294086e-03
5.626250210321062824e-03
5.797965155083300778e-04
8.256941508037325380e-04
1.414856488052169785e-03
7.777154129032301001e-03
6.775030432125320363e-03
5.795817403426156179e-03
1.018519679527617704e-02
2.446184348324852847e-02
1.491363186076219947e-02
2.233457477470793956e-02
2.369854834730877879e-02
3.199704215841563809e-02
1.493793100725547204e-02
4.941190880437917703e-04
2.357786553270146447e-03
6.788313091101400541e-03
9.561548608550988690e-03
6.718890071753834577e-03
1.072178001266420148e-02
6.924241411418230246e-04
1.404599678867479674e-04
7.155303931483471269e-02
5.319242609213992862e-02
6.305908331288105628e-02
6.801405043088648572e-02
3.948317707625119410e-02
5.998691600103120414e-02
2.443183113103553246e-03
6.690451132571825950e-03
1.314140520932926062e-02
1.706064473208082979e-02
2.516041732692099464e-02
3.349559060209236772e-02
1.275191217602253575e-02
9.896187773726644252e-03
3.207043979190235539e-02
1.810802667057682946e-01
1.032946666758043780e-02
1.741243646738180328e-03
1.391463731188925280e-03
9.821716287821193395e-03
9.527153859711047154e-03
1.654281157537582786e-02
9.323682831390687001e-03
1.278518817225676903e-02
6.525426124639420455e-02
3.557580219970254976e-03
1.045313117577859607e-01
5.031140202615441009e-02
4.507672187655212270e-02
3.978955073061170300e-02
4.109529651832546232e-02
3.704141236500242684e-02
3.155763168655779938e-02
3.306534470146717253e-02
7.826770692198802004e-02
1.147867866066905676e-02
3.749528879419761207e-02
3.210015751966634233e-04
4.221703793076385532e-05
4.739668705216568568e-04
1.078659635207173577e-03
1.317961194242574371e-03
1.428549258983142752e-03
2.463201854974152605e-03
2.220893646872031026e-03
1.866998342727656073e-03
1.534115261081947686e-03
2.980493722068709370e-03
3.986292381488513959e-04
7.572366093404717417e-04
1.080153085505122269e-02
3.203728115619416689e-03
4.671423883661999545e-03
3.714443637679622646e-03
4.194487550196918622e-03
6.968378250080409404e-03
5.989280473407731023e-03
1.755839766905189364e-02
2.283249569374926069e-02
2.131444566598040408e-02
1.925947285994868835e-02
3.619965176258171415e-03
1.994882418588858359e-03
1.509343898045430784e-03
2.570279253111872140e-03
7.546327300674264375e-03
6.074575920558912545e-03
3.963234510011306132e-03
4.608839316263693177e-03
3.610207418475457238e-03
3.641012409354154201e-03
3.617823049990259374e-03
4.454450852430858962e-03
3.704402772355741297e-03
2.731197377143318190e-03
4.338172660306328227e-04
3.282786997832208889e-04
3.051552680377799475e-04
6.597296811310902898e-04
1.033485428553047652e-03
2.957819515410634514e-04
7.277127564971418812e-04
7.199948857745989104e-04
3.833650027203943603e-03
7.133889841031399934e-03
2.189404329637165050e-03
4.817063975280900211e-04
1.118690626086786674e-03
2.492907814702332008e-03
6.709334391347071026e-03
2.327474653134902448e-03
1.466656852482035476e-03
1.310387229678744219e-03
2.949459114308240586e-03
1.426830716178338881e-03
3.493681911609350290e-03
7.308168107155918990e-03
9.590133971090087500e-03
8.948463351932538917e-03
8.729012117028965914e-03
8.485924911182100849e-03
4.327798186070215547e-03
2.698632727672526255e-03
2.400984244599500047e-03
9.416347260352286863e-03
7.223862430634275800e-03
4.310814913267330302e-03
9.947189260757174911e-03
6.791048456381765762e-03
7.343677901882455714e-03
6.525926055002696444e-03
8.600580508217058745e-03
1.007963164970890509e-02
1.001352674624216878e-02
1.623042315153439344e-02
1.571740750797288129e-03
1.028181566087533376e-03
5.873844664670403379e-03
1.193751636181774982e-02
2.053945852055262533e-02
1.755790570220303742e-02
1.960967611962615223e-02
2.352533745500991202e-02
3.535492384540566552e-02
4.559021754597501752e-02
5.404825078989021481e-02
2.550275686340077591e-02
2.303444719599187160e-02
2.295728042587949491e-02
2.103617323050829130e-02
1.875453306833762407e-02
1.815968118010377955e-02
8.838313367811953189e-03
5.243604656327352509e-03
3.336538169119379095e-03
4.827667935105976055e-02
4.303332670909261470e-02
3.689817610193851100e-02
3.923796189572025667e-02
4.406796673560852556e-02
8.187426110945478230e-02
4.794014911598217660e-02
1.755830143237891924e-02
1.347365772129524922e-02
1.028662542578249843e-02
1.068741182935727292e-02
5.403513519184686975e-03
4.584636577755232985e-03
2.109129846838913615e-03
2.572542691632082480e-03
7.205829757379584146e-04
1.265721302534938324e-03
4.677832212941712697e-03
4.294809558296711072e-03
4.592278712722656919e-03
6.045505062913023378e-03
7.491324609139594394e-03
1.957970142617744547e-02
1.291643296307606360e-02
2.374412737185490133e-02
2.683535102436815714e-02
2.942351242703063197e-02
3.880121573513237859e-02
3.642781994219904118e-02
4.688633201656658422e-02
6.414790568685667382e-02
3.035870504674475362e-02
2.974425012495230530e-02
3.328975592771538095e-02
3.452443096060300864e-02
1.123422200509621369e-02
1.188253963318506440e-01
1.037058155023570377e-01
7.612745069968090104e-03
2.534341539004301286e-02
5.046054174167800138e-02
9.633670113647431477e-02
6.634431909038317199e-02
3.397040435798545730e-03
6.819770305936842004e-03
1.685418816873405709e-02
1.044893047135625891e-01
2.089563396496673525e-02
6.998214974115118947e-02
2.263766450415854725e-01
8.287949633142571715e-02
3.855802131532979574e-03
1.273905805565440051e-02
1.745251060520517164e-02
2.504981567446348898e-03
1.457050298006649621e-03
4.805742965606449833e-03
5.676278044287451190e-03
8.550613705754129060e-03
1.289913578614246964e-02
4.547466107309895353e-03
3.091127335138689741e-03
2.466459635332794026e-02
2.060812407963474521e-02
1.324375248104108643e-02
2.021639505553799593e-02
3.088224718484592832e-02
7.505466963075557718e-02
1.810131005145624306e-01
9.805321944219619335e-02
6.332227914008173308e-02
8.653275170250043780e-02
3.096034211345227022e-03
1.244636790505178163e-03
3.701684633275137415e-03
2.731507527074216943e-03
1.365654107670200229e-03
4.960161379004918852e-03
8.646196052336531032e-03
9.236238064848157139e-03
1.229305523234731738e-02
2.847087940145903717e-02
4.875490351249607557e-02
3.341232211179322870e-02
4.629295674594890997e-02
1.554215358823553793e-02
5.934164768560418884e-02
4.049743579314799002e-02
5.108236699264202818e-02
2.634124065133184450e-02
8.520255553527496251e-02
5.407454586904464344e-02
8.708338649575748935e-02
3.925902727927541719e-02
3.070771989484145925e-02
2.549681558666399769e-02
1.001202712020610869e-02
3.356622711318835162e-02
3.895751458001363993e-02
5.576745216801373001e-02
2.598148464438329586e-02
1.419409516878634460e-03
3.434164880154658541e-04
6.983959744081507217e-04
1.044281311478930307e-03
2.114460958565017590e-03
7.516762312799649647e-04
5.583932900023950985e-03
2.091788891392593660e-03
8.015256280743270761e-03
1.189218448982716850e-02
1.164998612082414255e-03
6.843701197577271812e-04
1.941410322281639494e-03
2.845763990645648264e-03
5.199892773874187184e-03
1.615783561945412705e-03
5.027466627328643425e-03
5.743965808689621526e-03
6.682142529657525594e-03
4.593157574495667674e-03
6.866958343821402168e-03
4.641931429420698835e-03
1.531482017226964976e-02
5.896210188538197894e-03
3.353498970489603073e-03
6.464147485808996452e-02
4.758635900674353450e-03
5.787362298276696633e-03
7.748108590740190350e-03
1.997360860118175749e-02
3.863547653398290843e-02
4.464240644186308338e-02
5.209507645696585809e-02
4.632418632882582404e-02
2.863634969640264233e-02
6.576420433690419003e-03
8.408570640030994109e-03
2.114718249247121984e-01
1.009350918372891627e-02
1.310778388112219250e-01
9.941164357547072408e-03
1.408433903157666790e-02
7.074653311630244024e-02
2.747257264240658345e-02
1.667751541334982351e-02
1.320879947413223197e-02
2.012089145224150305e-02
1.625215504736762448e-02
1.921616749718444567e-02
6.220851923393237205e-03
6.919038278682697329e-03
5.823163359239397902e-03
1.607558515695928225e-02
2.030571940765549775e-03
3.171830365978832358e-03
1.961115254657926077e-02
5.701105225784370428e-02
8.727840018316312390e-05
9.713366759236792764e-04
2.817582837504012221e-04
5.602529835740184712e-04
1.939374022301399228e-03
1.669950751519936813e-02
3.316483886035627437e-02
2.204109772843246620e-02
2.884660381341290838e-02
1.567263951326756249e-02
8.664645942070281492e-03
8.775956341869305122e-03
1.783742193030724704e-04
7.909414298542618606e-04
2.584108610421403853e-03
4.728918588093697362e-03
2.341650984431567148e-02
2.525114526426056397e-02
2.545791565956427929e-02
2.567649716083682601e-02
6.156991720604133161e-02
5.832533288632389679e-02
1.447681278425757244e-02
5.445406246017643398e-04
3.934521419006231473e-03
6.255130175949243088e-02
8.100611990677511476e-02
1.204374843433848007e-02
6.117725415547893911e-03
1.106461829547897291e-02
2.587682583672134065e-02
4.681055364314321704e-02
3.130421397936149902e-02
3.348380763332069188e-02
1.767412957807000052e-03
2.357391532515705837e-02
2.658198276246371769e-03
3.686768874313310542e-03
3.309508254432747508e-03
6.653795958795189619e-03
5.531810240198139356e-02
4.477980158162851027e-02
5.101528251858829244e-02
5.200273363995069897e-02
1.654114499500025420e-04
2.328644797497252692e-05
8.665406180569437938e-05
2.457892893998720146e-04
1.131812560261642687e-03
1.376659082988807795e-03
3.322954989168845717e-03
1.765628217108679548e-03
2.713993724304474952e-03
4.443317482149317446e-03
2.727268431210985028e-03
4.135475216946338933e-03
7.255295768696324622e-03
6.231152612665429458e-04
1.716212443001838284e-03
2.480380742773615962e-03
1.402867874973281028e-03
4.731561865901599134e-03
9.247144291220279338e-03
8.345445491184324063e-03
3.855784603225282780e-03
2.500309000895107377e-03
8.228154791248244458e-06
8.702770566244185085e-04
4.874357140483709795e-04
4.425513029676423054e-04
5.786213457118217747e-04
1.252148644200010196e-03
2.507499744101000273e-03
2.779222417983815557e-03
1.975081178649851481e-03
1.580473436649220895e-03
1.526832031913111362e-03
4.563957104559419713e-03
1.776898378077883256e-02
2.245227934101930167e-02
2.079809346405718911e-05
5.847880132266735124e-05
1.262041361940878135e-04
1.866518476109945747e-04
8.943315796089064970e-04
2.484296974880958672e-02
4.748333794036371097e-02
7.597163224075532765e-06
3.469228384285025116e-04
6.467902983260589034e-04
1.257813374413138284e-03
1.291791919667049145e-03
4.578095928245345080e-03
1.745564586373025615e-04
1.702560129435532092e-05
4.800536833641787932e-02
6.147428778389782021e-04
4.208945427404934755e-03
1.775610444135448246e-02
3.069036369188006541e-02
2.808530187935199054e-02
5.114083030467994617e-02
5.465221363911541147e-02
8.078935472599173273e-02
7.130681213239882521e-02
3.828009729887901780e-02
6.232095923345913613e-03
2.255391629850658775e-02
1.410553747887993981e-01
5.719449427386486592e-04
2.006009840674621934e-03
4.052968123240595355e-03
8.866269058913249512e-02
2.666560534264615949e-04
4.786376901124417526e-05
5.806619834164755884e-05
1.023481334275471027e-01
9.636210445386008165e-05
2.366903027484406896e-01
1.817736347746938541e-02
6.404139049844306244e-06
4.364185292154209210e-06
2.627839319976198008e-05
5.447408004009151889e-05
5.213018877743909492e-04
9.040358874586366077e-04
1.530914966655056320e-03
8.255606903969821275e-04
6.889918614675514998e-04
1.240674575679709835e-03
2.734581764039459447e-04
3.587981079183374228e-04
5.955766813961902361e-04
9.637043692327401656e-03
6.433163316642773188e-02
9.980815045239332939e-02
2.608064471660783657e-05
2.178401072920022562e-04
4.759108742000136422e-02
8.745683406297974360e-02
8.047086907206579126e-03
1.330363943698798336e-07
1.447208912466502921e-03
4.520144033510347954e-05
1.353374905671636498e-03
3.908695048139361510e-05
5.053660852479011176e-04
2.716358440517124178e-04
5.807860207514508157e-04
3.303044294593863398e-03
6.266937541631876704e-03
1.108220987234973670e-02
2.257351065155346198e-02
2.035555693925681503e-02
2.840204916380031572e-04
5.782262613044521216e-03
2.044206196143769430e-03
3.963426174990558430e-03
9.206228960855914259e-03
6.754328863014678799e-04
2.520264732061268734e-04
3.867125039927894227e-03
1.369761093918528232e-02
7.411513992973789433e-02
4.833338703080539839e-02
1.449919274594587987e-03
8.661906474144063020e-03
2.165355493784520968e-03
3.382282617905713051e-03
3.848223534194791708e-05
7.132798997675880714e-02
1.831759894406276290e-02
3.104141738697088412e-02
1.622735484535908421e-02
4.784030152981141870e-02
3.821039885515629172e-03
1.242138942145656726e-02
1.804775988835126063e-02
2.232755078716827310e-02
3.396256512248625303e-04
5.744190737142472887e-05
6.511027067541025901e-05
1.900828495833365437e-04
7.268863984237670071e-03
1.448295777149354903e-02
3.658167024430478143e-02
3.602594134718655589e-05
1.657947041919758952e-04
5.091327189920698271e-02
4.215433264540548175e-02
3.243658796465131999e-02
7.153482711472429478e-02
1.400419920656975796e-05
1.045778469710988043e-04
2.975674792190074677e-02
2.554248917389871382e-03
6.001944980193605261e-04
9.786831548409527168e-04
2.865791915565855680e-03
1.272295831213959318e-02
1.421672293212544735e-02
1.211055465451852352e-02
9.496766396754948575e-03
2.256222336930234582e-03
5.200490217234393642e-02
2.143081188373266444e-03
6.778073629477816353e-05
1.238107139072680953e-04
4.153988554857250483e-04
1.217246273312859277e-03
1.353283808839075624e-03
4.887411058569147287e-03
5.407199370582159263e-03
6.358742027742369726e-03
8.375937408959904101e-03
4.014060773786864295e-03
1.526492142289460332e-03
1.033191719940616165e-03
1.598757365486705440e-02
1.390545881443640492e-03
2.081274690513470332e-03
2.828895633536939944e-02
7.619491635692293013e-03
7.243462747060078200e-02
2.946171381257342678e-04
8.022951470752909264e-03
1.792351236239788162e-02
3.196771541386030091e-02
5.364625146673350367e-04
9.549932875945605889e-04
3.370598624311345066e-03
3.678070708703287325e-03
3.807875439244664140e-03
1.390773137374894629e-02
4.787822205355130208e-03
9.192391508835672659e-03
1.242766818735765826e-02
5.974197170952686570e-04
2.432087314027125274e-02
2.253011821829275022e-02
1.530638243826171196e-01
7.505002318062517497e-02
7.296518751328279206e-02
8.554228270780693533e-02
3.800746808795534698e-02
2.761861945784449546e-02
3.575441288391496136e-02
1.428801750628446755e-02
1.033491420780508971e-02
4.926093724865331092e-02
4.208119793449105537e-05
4.401821985282076619e-04
1.018876683475473076e-02
6.883857909157371779e-02
1.322788839531719440e-01
5.315519193719349389e-02
4.122224157531148570e-02
9.032794739779461548e-06
3.536210468677280713e-03
3.070754807332427144e-02
1.990158968424972363e-02
9.619620481225987785e-02
2.633121647714477633e-04
2.885343210106380927e-03
4.923637705458603492e-02
7.854000313667786060e-02
1.003436382468478327e-01
7.404644269326596251e-02
5.596120439577160349e-02
1.854509075069520811e-04
5.205091934413470876e-04
7.913102006895681925e-04
1.180770474493570262e-04
1.229805464468333037e-04
7.936667181500600904e-05
3.134502844914117676e-04
1.446236365213358563e-02
2.282160371164083587e-02
2.339056984716678111e-02
4.167709591030991506e-02
8.594863824660504276e-03
2.431233070363791535e-02
2.817875031272960851e-02
2.223238476614229978e-02
6.103949303244002832e-03
1.137994880878565040e-02
2.372885321879626610e-03
1.947760225073999138e-03
6.771105558904624323e-03
1.141926643158542275e-02
4.319173812170464671e-02
8.573387555987012354e-02
1.399863851149109606e-01
1.283846366254368654e-01
2.688048652892911436e-02
1.560540200248028767e-02
1.027056419497275879e-05
1.809725553445894891e-03
2.304565042883427450e-02
4.221131305697007480e-02
5.743133375333007995e-02
5.379022529144556614e-02
6.627463514999896999e-02
3.798923233854709786e-02
4.521146092999375060e-02
6.979544808783198773e-02
3.981797712297300423e-02
2.627743526821747083e-02
4.571679073672179489e-02
3.328160921835399556e-05
3.286593380976973256e-04
9.176929867635512383e-03
1.035126245568920161e-02
2.453336611225494669e-03
1.143493329517687902e-02
6.195317664673250999e-03
1.346898802253340818e-03
1.971189173564044412e-04
1.202523017975288351e-04
1.055117185862919918e-04
4.165702361582039723e-05
9.284773408459134588e-05
7.676893695953263506e-04
8.166445355507694071e-03
1.122358706669732568e-05
1.766515049557144945e-02
1.338374114077513222e-02
5.272422862409776971e-03
1.539239681406281285e-02
3.497156568374187174e-02
8.589816775199300702e-03
1.355511974293901849e-03
1.639653024379912963e-02
6.676544862994095858e-03
1.993806191700818464e-02
3.550762980025563202e-05
1.364240930306610637e-02
1.655668140074157205e-02
1.106072179383696397e-02
1.172393217012507836e-02
2.157898278351985319e-02
1.392213620038041701e-02
6.409018981194045984e-03
5.814823882698872543e-03
1.062922257536384404e-02
5.327451999246071929e-04
2.756471111037036556e-05
7.098032578796167294e-05
3.486449315730167677e-03
3.535836025195659461e-03
2.706051734249151179e-03
4.283045078235096434e-03
9.829143564976593542e-03
5.152178291225047863e-03
4.138207270882026528e-03
8.556064965180335338e-03
4.349457914749854659e-02
8.399916166892137590e-03
1.967687679014707065e-05
1.381548391669984010e-04
5.390038746854224289e-04
2.634932448128931085e-03
7.408847082401749792e-04
4.902220880342162117e-04
1.748848214804057954e-04
3.665551859436111111e-04
2.280676765683029017e-02
1.707781736935622902e-05
1.993256181519881604e-05
7.082592879720703283e-02
5.111718805781127750e-02
1.446178837043438081e-02
1.889316343038236626e-05
1.061603443645677724e-04
5.870134392646400145e-04
2.907084296058326067e-04
1.340780044913525704e-01
6.212337336236233021e-02
2.383374535945158301e-02
2.362872846114866948e-02
1.939961094989612472e-02
1.642516996448142079e-07
4.194767767447679587e-04
1.902614102174382245e-04
9.589251781350596391e-06
2.444809554946747454e-02
2.907135644250557344e-02
1.943350714747647616e-04
1.876913075175568697e-03
4.913764334992713409e-03
1.150470436110853992e-02
1.244898390904630378e-02
1.164533996915723471e-02
4.715811991518031182e-03
6.139033141476886966e-03
4.922544863246103991e-03
2.406945542957919255e-03
2.715560700435321832e-03
2.460115582634419575e-03
3.509875705910543535e-03
1.635386779570906267e-03
2.506993375205637722e-03
1.861475600884249714e-03
1.019997360349114831e-03
1.073846637264117172e-03
2.401192368034328183e-03
1.346470737782228325e-02
1.067778007996030704e-02
4.826041616833732194e-03
2.999166800979139076e-03
3.261826615807185821e-05
6.745689962520605779e-03
2.770937413968258684e-02
4.497975748904700644e-02
7.220441688476185449e-02
4.977406309154874114e-02
1.108967008150192196e-01
1.393926162941048208e-01
3.437829656116778848e-02
7.241760484995439506e-02
2.737817048837796197e-01
7.168292009004220700e-02
9.121577563972421698e-02
3.255525147514098244e-02
5.310237449814792648e-02
1.315099065193063299e-01
2.982956440313034308e-01
2.103051623706551215e-02
6.142328958860653922e-03
2.115046745144484597e-02
1.264165103465941797e-02
1.304832570042050756e-02
3.221794022874666097e-02
1.010842456426623570e-02
3.480512507315532134e-02
9.225721108848546070e-02
9.542757080566191216e-05
2.134116774024340799e-04
2.794898729914986504e-04
3.511123276594080105e-04
8.238365643015583802e-04
2.347604860709633003e-03
8.618643011525401344e-04
4.263536422989232244e-04
6.800225553993999306e-02
3.317016068465009071e-02
6.572567277708409039e-02
4.220152198728553532e-08
5.211771255210906876e-05
1.132705513136425838e-04
4.174643816845164984e-04
6.472830404966311299e-04
7.973754987330337884e-02
6.721743627944143753e-05
7.255419132046755188e-04
3.443954892639952779e-03
5.506308126292205549e-03
7.436605162494428715e-04
4.483777486636476438e-04
5.305694698710120482e-04
7.510753172155450186e-02
1.288464081550677043e-01
2.681406054700583041e-04
9.017521387562543115e-05
1.342745134429100262e-01
1.652419595146103690e-02
1.024546009664891177e-01
1.267503296110226441e-01
7.367054664941827345e-04
4.846450561160119217e-04
3.929491513394637800e-03
5.754189300321287635e-03
3.944703017117526939e-03
7.027931635232890009e-03
2.132137647687054605e-02
1.869525342080170446e-02
1.280049561921296829e-04
2.103380113219770382e-04
1.508283704656705618e-03
1.505448441372670776e-03
7.147215023659863296e-03
5.608013827007990101e-03
3.680610664977768121e-03
6.224865720158485882e-02
2.402791550283618280e-02
1.642334271396525894e-02
7.953790265773669210e-02
2.743042883104302256e-05
4.910793834482013454e-02
3.444555919128957505e-02
4.858233289140342914e-02
2.211786868170597525e-02
6.846947994730715262e-04
2.511873267299893995e-03
1.005951234195925394e-03
7.116355498434281945e-02
6.804505071938132810e-02
8.750543712155915699e-02
6.656697955988687132e-02
1.349143042542864815e-04
4.947937080104291598e-03
4.715356977195070388e-04
3.539602216783872303e-03
1.122881943457252479e-02
1.521674281641036304e-02
3.487055310220087828e-02
3.980040501549628185e-02
5.579942606393527987e-02
4.314639653201889774e-02
2.067208377298438218e-02
5.507204283094123409e-02
5.568481886212679755e-02
3.044619303645028496e-05
2.050401481184618065e-04
1.811148955597392286e-04
5.556083380172679997e-02
2.160188014335690898e-04
1.842670694222590597e-02
8.655851784212928099e-03
6.094118848652284662e-03
4.670780646230578842e-03
8.433266133122442078e-06
2.547982039095060563e-05
2.737358481538299860e-04
2.460453363457047802e-04
4.514406677500578313e-04
1.999928157487608504e-04
4.272114254410407271e-03
6.101555280352160583e-03
1.216174639777152142e-04
4.019007328429832597e-03
9.669176121879112518e-03
1.196322596888770365e-02
1.210271537754545150e-02
1.353569434794852852e-02
6.070660660015630983e-03
2.637128727120224793e-04
4.014907156965309091e-04
3.085622302106572502e-04
2.054946488051229148e-02
4.057695102347133424e-03
1.965456337104727353e-03
2.230755445261870251e-01
2.257420800612107079e-02
1.498642653942368064e-01
4.096566105063504520e-02
3.379813122893289470e-04
2.442087879551027574e-02
6.751099112742214735e-07
1.240450871687962192e-03
1.825847643534827657e-03
4.569128959290674448e-04
1.211541315602327959e-02
1.501103591399258067e-03
3.235660912074334906e-03
7.560573442095133191e-03
6.622230469521602804e-03
2.774113458224225417e-03
5.730210542122374023e-04
9.925395817713426536e-04
4.195854471608942925e-04
1.057867243424158617e-02
5.169376302201052209e-03
2.165842834225813196e-02
5.135094356294873366e-04
1.076419534122964074e-03
1.420399862867291431e-03
6.826702224053200069e-03
1.046072262361464819e-02
2.652743904452581781e-04
1.415741783866645946e-03
1.538610901144524766e-04
4.780687751784633982e-02
2.877330088934666394e-02
5.269430676116298312e-02
4.231876963502720357e-02
1.952861592304866445e-02
1.418334577838880652e-02
1.381338579822013156e-02
1.388567854235239936e-02
1.694153099282217842e-02
4.061946532744874216e-02
1.465080145807153358e-02
5.190908072378204712e-04
2.514334729869038484e-02
2.518950061146955216e-02
3.380218066475884631e-02
1.698196507774569000e-02
2.929020917537189864e-02
1.119798728211382488e-02
1.836896182632851305e-03
2.021803599023809690e-03
1.694972461468399240e-04
2.772255354845726749e-04
2.774171025192014245e-04
3.147778108838794262e-03
2.460944048426946112e-03
8.500769269710594170e-03
2.567436917347837213e-03
1.130209959603627537e-02
2.934116575867777924e-02
3.641407397689615331e-03
1.148307374226046387e-04
8.075550636443978164e-03
8.548833298262586977e-03
1.912526867125831104e-03
3.824106838125713656e-04
1.720618945775309345e-03
2.509559268218847054e-03
1.043162056196426934e-02
8.418075866218775738e-02
6.844359001527133834e-02
8.401610977637460898e-02
6.486457325695914322e-02
6.075239022428567106e-04
6.284178142977759479e-04
6.204657428359338159e-03
1.955756135662289896e-02
8.282726857626749803e-03
4.548179045711251908e-03
9.453158465765972365e-03
2.937047487761508882e-02
4.359189530432420329e-02
3.889746844093489031e-02
2.672913403680560185e-02
1.899955044114808381e-02
1.573711958969667979e-01
2.754140841894801017e-01
6.371180634300106088e-03
1.587604285607942603e-02
1.140131496995998306e-02
2.575194425497047586e-03
9.920256264175534439e-03
2.745957497487876847e-02
4.103448164486060701e-02
2.257877777357734234e-02
5.134925744727246444e-02
5.442063019333823887e-02
1.016584610707560732e-01
1.909499854459022206e-02
2.906165575746143259e-02
3.167688703861156613e-02
3.288992479882862918e-02
3.840476848309426483e-02
3.457095994984529796e-02
3.105790856682553655e-02
1.861936196181925365e-02
3.999445710120035774e-02
3.527043233866451050e-02
3.958994059950267375e-02
3.282734601559465781e-02
7.168305371103546320e-02
1.545464731072533323e-04
6.126018950037163740e-04
7.930052436798041464e-04
3.523054378889004662e-03
6.043185665436603786e-03
1.536163862166083248e-06
5.869316008868824541e-02
2.805975425381023383e-06
5.490047849757539458e-07
1.382013632761057986e-01
9.704850445834008708e-04
1.190123153699023712e-04
2.936126213477377803e-02
4.420321129935678856e-02
1.021454312588306219e-02
1.006110436673674814e-02
2.017045579819440614e-05
5.782753903162066687e-03
1.350875773865792273e-02
7.021987358392048177e-03
4.519842457631615372e-03
3.127870127403066004e-03
5.012094664814730101e-03
1.059042372126559398e-02
1.679994614511386955e-04
4.874937085557433727e-03
1.532211224953939236e-05
2.713730054214052328e-04
3.638423653116605073e-03
2.824739499984389376e-02
1.756447006619564835e-02
1.339944598523117557e-02
4.101790754473621375e-02
4.468860303985625060e-02
2.325662131252828266e-02
4.971562824523374606e-03
3.670421152076542431e-02
3.457753677586841712e-02
5.494653554565326337e-03
1.786205109107508529e-02
1.938913441561755267e-04
9.897081422376727625e-04
1.725755578330907510e-03
9.881237991871370807e-03
3.656383618191360110e-03
2.327813529851736896e-03
1.866406245820050871e-03
5.760131268543931815e-03
1.461404217961258982e-03
1.135666672759505459e-03
4.790210092587465947e-03
7.692149625195698719e-03
7.534055776874042099e-03
1.366884135846824916e-02
7.769733133206660480e-02
5.149497189539714581e-02
1.144841133544171989e-02
1.537248910239083673e-02
9.436393900719550545e-03
6.737462617580535808e-03
3.391252934255010315e-02
1.268965421450882203e-01
7.654217756238430870e-02
1.805806629588379338e-03
1.762671402245682831e-04
8.969156309605092912e-04
8.133685473785238346e-03
5.788086875544325854e-02
3.768029471388097129e-02
2.354938448926109651e-02
1.562088710928098353e-02
7.297855453322895725e-04
2.497867478077915333e-03
8.371114376966679038e-02
6.736787835298579941e-02
1.721528419822906247e-02
1.569990027760491749e-02
1.852217718371569621e-02
1.743174710667304977e-02
2.888345423417859256e-02
3.331591060691633382e-02
4.028739519286610171e-03
2.154583320945586966e-02
5.724975865489685114e-04
1.152471649173551771e-01
2.060608685796404271e-03
9.585339110822267174e-04
4.669799587900647780e-02
4.994731932502967375e-02
4.181022644211643269e-02
5.494329405243335990e-02
6.825036283419357030e-02
3.993567815747381400e-02
4.426488533628973598e-02
4.445035435385150113e-02
5.453302396080496328e-02
4.007073406729926707e-02
5.465510244675268747e-02
5.830882423934326958e-02
5.442312361120622138e-02
9.814132562642483015e-02
1.610292853552596215e-01
1.960946490015227639e-01
2.407150339080373624e-01
2.550532793451796842e-01
1.304322996652436950e-01
8.734533841234974616e-02
1.588914930689385436e-05
1.189535522361632180e-01
6.671999606735026789e-02
3.869151888266894601e-02
3.196920437206411513e-06
4.302879156824392787e-02
3.397892352766055529e-02
2.466689626152912540e-02
9.327024540418759821e-03
2.279406663573782521e-02
2.571244195329921409e-05
1.364664723903670485e-04
1.426396470883050348e-03
7.692295115385178877e-04
6.843749681042723618e-03
3.810753006296174750e-02
6.013517691291788564e-02
2.597983941470584021e-02
1.028256131342574348e-01
4.705074208795829299e-02
5.974072177344163202e-04
1.598018261383859964e-03
3.705279079145708748e-05
5.519549681478456288e-02
6.536214240066984260e-02
1.760129010829391064e-02
3.317084447619647603e-02
4.520411631612732822e-02
2.450220514650068918e-02
6.305392396252088028e-02
7.309971452815110238e-02
8.551644103820141242e-04
1.200695968294502409e-03
6.867156519019518681e-04
2.466659919998833374e-05
8.136046017710429554e-03
4.404012492479683627e-02
4.902617524971587815e-02
3.446392976870963493e-02
3.489287166463489465e-02
3.413657359105483347e-02
7.020315106950750228e-02
4.760040792541085641e-02
4.959150196836738939e-02
1.201894193209465805e-01
1.188351126504947758e-01
8.318891857275056978e-02
5.691868498405991406e-02
8.651475153377777977e-03
4.910490111290291971e-05
2.833373542615860372e-03
1.918751704525714251e-03
1.661301662851808608e-02
1.158996382839077958e-02
1.622667089044466104e-02
2.470211261269668335e-02
2.429867762663157765e-02
1.762463542832846258e-02
2.436612341632428055e-02
4.245091324903525754e-02
3.164950268973431343e-03
4.724231114325499331e-02
9.184070325078427799e-02
6.341378069843810195e-02
7.082679555511822711e-02
9.487350137679813333e-02
3.985953133916184110e-02
6.479297655866875748e-03
1.067158033382409853e-02
1.392976754480183767e-04
9.895509490666336966e-05
3.068879888446165863e-04
1.423336295045811222e-03
6.935836920425143349e-04
3.528643779247285506e-02
1.310475803659645264e-02
1.954305703542873196e-03
2.876066403711215105e-04
4.394568680892081171e-03
2.135253252979151667e-03
6.375136576136723179e-04
1.760423751806904817e-03
6.286273346714351881e-04
3.152207197585156495e-02
3.176435262293823836e-02
3.122351315477042005e-02
2.199973122089226088e-02
1.188047242708679535e-01
1.667343342600416389e-02
2.413694484294981110e-02
4.249583246142031590e-02
8.465082273879766597e-03
1.327842007332335561e-03
2.544458407391166424e-02
4.695068567077446270e-02
1.837635692814425931e-02
3.133340884102877363e-03
4.289024098528357136e-03
6.015422260424126144e-03
9.826548292372477844e-03
9.659934740726698957e-03
8.787104819442321732e-03
5.860614729180952266e-04
2.231292468071332039e-02
3.545838731572391322e-02
3.457508077921887801e-02
2.669871958631175532e-02
2.775169393791649883e-02
2.679882270295178698e-02
3.794503970249533259e-02
3.807340866030653470e-02
8.122843037919323314e-03
4.525585861594037806e-02
6.865482194486884071e-02
1.307299813543596201e-01
1.373098509623442431e-01
1.579784655731274468e-01
2.461862858727234815e-01
6.245135602542660758e-01
1.867634855293319462e-01
8.580064085111551719e-01
3.361883875711512704e-01
5.187371702014671460e-01
4.281892564334872919e-03
7.685139729312514254e-05
1.826040538270770207e-04
2.013760951606450612e-04
5.795670434714162988e-01
8.756550215212048258e-05
2.506909994911256810e-05
5.650006118330944821e-02
1.090767286457094420e-01
2.070781032377055630e-01
9.467527165907444475e-01
1.181646043784924643e-03
5.901941411992431274e-02
2.484412576639711753e-02
3.223660187601624059e-03
2.313255306455699323e-01
2.668937685730736540e-04
8.642040392756351885e-03
6.474377253821619882e-02
6.991252931404358200e-06
5.040626274208599017e-02
1.011953025042976323e-01
1.960204813187294004e-01
1.859930956984308728e-02
3.940727277469747297e-02
1.303700616899331442e-02
2.666619205385113364e-02
4.558082784032441159e-03
2.632407716254104115e-04
1.172979664810252370e-02
8.007935725497055540e-03
5.675517918391951612e-03
2.384824789697065350e-03
1.408413347374632384e-03
2.349983319115785379e-03
2.027055693283408809e-03
5.603002258731367216e-03
6.398827007887838113e-03
3.158869808243227467e-03
2.746917952679719596e-03
4.610748033833655946e-03
8.167879726788786557e-03
3.069628792285958221e-03
3.969209624785969941e-03
2.416327924438047177e-03
1.080579878192834123e-03
1.364317367472534914e-03
8.408146544898820532e-03
4.592003930579817081e-03
5.921371828790395614e-03
9.278774184425910357e-03
1.224385137752185063e-02
1.415723267401559037e-02
1.419459307286485665e-02
3.012581009696869982e-02
1.058891117245393254e-01
1.040206089140811446e-01
4.295536826588908404e-03
1.347471146764591191e-02
8.814622400729598198e-03
3.262606643897058862e-03
3.505129198033545782e-03
2.267018892177544154e-02
7.888122578828756642e-03
1.039842631153037669e-02
1.370376010400008518e-02
2.038675467206098671e-02
2.904570412990532813e-02
3.218289970100637887e-02
6.395984843024245248e-02
6.801007863593537539e-02
8.030595374420973487e-02
5.417079293849601240e-02
4.659518634614457505e-02
1.870162430029755074e-02
2.216252447825117766e-02
3.744760274573964709e-02
1.841715193938679718e-02
1.034201963385365970e-02
9.471269788737406159e-03
1.602218171309627570e-01
4.016774142196506692e-02
6.781627960008521083e-02
4.099978695565091591e-02
7.513170662703860803e-02
4.197348556895871829e-02
2.786622866783642141e-02
3.635646199374478749e-02
3.254681630066484643e-02
3.062891914765517379e-02
7.381188011695440738e-04
1.225414061190900194e-03
1.815521255907747745e-03
2.385371183735547455e-03
5.109580686925783988e-02
4.064598009252384098e-02
4.317604918111970363e-02
9.450833359608960566e-05
1.828254273695812948e-01
6.908323583841652349e-02
1.055844845650452113e-01
3.797052609880535029e-02
4.469191382792307016e-02
3.803362699406495628e-02
5.120926352568227341e-02
4.929256931259868441e-02
1.633794399791234711e-02
1.866672295325174508e-02
1.617508370358177600e-02
1.079547548665082783e-02
2.038666403164128560e-02
3.883135746053387183e-02
4.141670709398743294e-02
5.488977404782455216e-02
7.641183179168019313e-02
3.142415326843790019e-02
3.683208886537572141e-02
2.825730164130654115e-02
2.362409280046365995e-02
1.935783393033224664e-02
2.273680440992336890e-02
6.226477472817345832e-04
2.036994766520470318e-02
1.139520935182857832e-02
3.185597521647705148e-03
5.575459467972757391e-03
8.768295789367226700e-03
2.431246536464989200e-02
1.428998933831540467e-02
6.653857633796320115e-03
1.076261477146929837e-02
8.252701407150163718e-03
3.221490167960206624e-02
3.365555647220738744e-02
1.816078779783096217e-02
2.735278400065108487e-02
3.478576765948445011e-03
1.874928009283617289e-02
2.345124093866929327e-02
1.915191972705834744e-02
9.623218063737861566e-03
1.643021321070110147e-02
2.895702046905554786e-02
4.739602816509646405e-02
2.933663735503758141e-02
7.094303791666269586e-04
1.205129504059075478e-02
2.900527370732804838e-02
1.705963695958470985e-02
7.003447608603870743e-03
1.591053265701835098e-02
2.274080022146372435e-02
4.529199803799803525e-02
8.371394186021891351e-03
9.385580532577148319e-03
6.236980130672150659e-03
6.233006509272668444e-03
8.118365430509057873e-03
6.960159976108035162e-03
4.468329800545973313e-03
7.535576840280020471e-03
8.615151496342289897e-03
1.120473462895277966e-02
1.435153727634431477e-02
1.435449932495531759e-02
6.794699659006820866e-03
6.448568823929804600e-03
6.689052611136577994e-03
2.737384248064659350e-03
4.390290779360503902e-03
3.391755611774206584e-03
9.527864274691315305e-03
1.254807426997460798e-02
1.529230226830858783e-02
1.344219121866259414e-02
1.225187538894437732e-02
1.078905100547050515e-02
1.240683617763769023e-02
8.018058509953464655e-03
1.561684377065706078e-02
1.235117997207127102e-02
2.112501170375188485e-03
1.067272612500793152e-02
2.273723983992287367e-02
5.872277272444948945e-03
4.252421196380434254e-01
1.874356276510128275e-02
2.135544368606627497e-03
1.667598697271702136e-03
2.748824786782729304e-02
8.697324766862008991e-03
1.464310315488359659e-02
6.410177128575651403e-03
1.133325000728254740e-02
3.006692585234589654e-02
2.209902587977442476e-02
2.672692702508526821e-02
2.887847846261558382e-02
1.958972103854800945e-02
1.251232482936025410e-02
6.921092589508780549e-03
2.787606832996804111e-03
1.114180120076356355e-02
1.895966034456851926e-02
5.060094633872370615e-03
2.060204278067521294e-02
4.344338224634103351e-02
3.164735010966410883e-02
4.092638010546939542e-02
3.542174671618336657e-02
2.230673267645246274e-02
3.685581304052361340e-02
9.147343618364460471e-02
1.052788354761643730e-01
3.781307954929290227e-02
1.422373754687268621e-01
7.476263578998047776e-02
3.162045752272032301e-02
3.127824388205644596e-02
1.525787279531842962e-02
8.199300141727058899e-02
3.134909078314333276e-04
6.946273936278747228e-04
6.808889044285627509e-03
3.549952488510632761e-04
1.870746935851907641e-02
9.016005874336293149e-03
2.986950493451290614e-02
1.640231498145825959e-02
3.211379192429964641e-02
4.167553005575708180e-02
4.022677086176432854e-03
1.114358955476716373e-01
1.392702626011778008e-02
8.183549259457275141e-03
1.840581664984498184e-02
2.158195506208410858e-02
1.920599400747671076e-02
1.544106582789771080e-02
1.322449942741923002e-03
9.816903455096745099e-03
7.945872410823930088e-03
9.407068204914444121e-03
4.750484759628791423e-03
8.619994280302630679e-03
1.933061773388033598e-04
1.334505870753987383e-02
4.368470960559927771e-03
1.943266136450427263e-03
1.155040657134715539e-03
1.592070454305569843e-02
1.522433786583381882e-03
2.572746765020025948e-03
2.892261454210732531e-03
9.867785835430447489e-03
6.096292272692355185e-02
4.720805618505402590e-02
1.100782785990271073e-01
8.925247700536168005e-03
3.275775310668457146e-02
2.546567082910720925e-02
1.472308721256292835e-02
1.460055206570920125e-02
7.155851096044599756e-03
6.512734744129605215e-03
9.135956177357741625e-02
7.493369647680286731e-03
6.506747184983638875e-03
1.069017658462054383e-02
8.570043104063998496e-02
5.044847013081727415e-03
4.825756909543900408e-02
1.197993375707488532e-02
2.790528717212189397e-02
2.479922585972534413e-02
2.893737612062807427e-02
2.860845357653038577e-03
7.219190648360522284e-04
3.275467905455108769e-02
2.581851055328135067e-02
9.798516401222421776e-03
2.546206151456037459e-02
2.747531164044876226e-02
6.863039759340448798e-02
7.184823117365037948e-05
2.954058490800931221e-04
3.364285684547308765e-04
2.986238252789467310e-03
3.634898639562683317e-03
1.120465477839873922e-02
2.881824961211286451e-02
2.339482203225208903e-02
4.469696556822238404e-02
5.037573258740800364e-02
5.027213955615720403e-02
3.847376790423350965e-06
1.427907371312310341e-04
3.957651580283126202e-04
3.657729103739606503e-03
4.111867351430736027e-03
1.030520182885819383e-03
2.827875641522858367e-03
1.374428881032416228e-02
2.699392101769142183e-02
5.226169220239920005e-02
1.255171488831825222e-01
2.012344303177281135e-02
6.503656735569063319e-02
6.124513022356383598e-06
3.630737993035029407e-04
5.803400611507647262e-04
3.500871459095601613e-05
1.070366182251896846e-03
9.808545961216596012e-04
2.417639390697322657e-03
3.976662170756691504e-03
1.588750097713848355e-02
4.465943336850014024e-03
4.403490644376442317e-03
3.660875496184133344e-03
4.000154966438758397e-02
1.716701959082187802e-04
7.363007222916764447e-03
3.673579433585841877e-03
1.329133052169281966e-02
4.751432037340854245e-03
1.155437452419265550e-02
8.427349517362936124e-03
5.379551056327530958e-03
5.770090789218916549e-02
2.842398565435687741e-03
3.847286177522447100e-05
5.788631207234074677e-02
2.154802349777775947e-02
6.324348027019648100e-02
1.119521165658565569e-02
6.565660900558913105e-03
1.337406538822641204e-02
3.068503977963592255e-02
2.074192551404923854e-02
2.958948707494392805e-03
1.453978515170955456e-06
9.515417629487088716e-06
2.586213492814198704e-04
9.690383253904686126e-05
2.665362393722723808e-04
6.017096461433561272e-04
1.045032221894712232e-03
2.244001562269817319e-03
1.936157555197674058e-03
3.955302817461995614e-03
1.663212378068481103e-03
2.038282067291731077e-05
1.769309645558919469e-04
2.464802509769092160e-04
5.746397442143255478e-03
7.369323857403394483e-03
1.332203192601587143e-02
1.535741164056605434e-01
2.702777808058123288e-01
1.587112789370797791e-02
3.220164934167775439e-02
3.865436840976502891e-02
2.146983062764356090e-02
2.555857276221129223e-03
7.114035805224915715e-03
1.047798382006579973e-02
1.019683240406158917e-02
1.728519357432639451e-03
3.803807805853150897e-03
8.141032598364834547e-03
7.569791810770563727e-03
6.711930511664949625e-03
3.634489517782561914e-03
8.573736856009105220e-05
1.599153094371388926e-04
3.151433713705238931e-04
2.216745904004749097e-03
6.674391285437290128e-03
8.517073065081481875e-03
2.314319496734059192e-02
1.871469461660059050e-02
2.606372003425710959e-02
9.684427358909375103e-03
1.437048918798113605e-02
2.030411204632632735e-02
2.169832831814719545e-02
2.843573830992851201e-02
1.676730065280703300e-02
7.327462051138248014e-03
6.212444062593596231e-03
6.125402344056447672e-03
2.332528878350857270e-03
4.935548839852216089e-03
7.157390648269839305e-03
5.318280282584303062e-03
5.004699560637405030e-03
4.435712310299969388e-03
1.400482226714447505e-02
3.319110277603459086e-02
1.978944698271629596e-02
9.970695621574304085e-03
3.665513293638897395e-04
1.076082245678851518e-03
2.394374736272168562e-03
8.701956352387497928e-03
1.186674398285392402e-02
1.773135623553389120e-02
6.390329177587004972e-02
1.442867434885501045e-05
3.156268349888474229e-05
7.700199478608146190e-05
1.253634859831058565e-03
1.930463473260694623e-03
6.838627785775304967e-03
7.798864576568923651e-03
3.141191606358897763e-03
7.850341057795775374e-03
1.076287276242231077e-02
1.653061710486589120e-02
8.742008832646058769e-03
1.122577103313044164e-04
1.098260910718299363e-05
4.608154476903602187e-05
2.481820830196098532e-04
4.367666512718287181e-03
1.284390487628453946e-02
1.223972834300588591e-02
1.086533372432694523e-02
1.343720371205138313e-02
2.519310619014293942e-02
7.890745962908774641e-03
2.133292747427745217e-02
6.200392220358085665e-05
1.751397211060022998e-03
1.925901219104213550e-03
1.817271038786188097e-03
3.623602381456163257e-02
4.049306400534707223e-02
9.109788491429569868e-02
7.204105947470125504e-02
9.112979988571773488e-04
7.293414465119203152e-04
2.330660122464926678e-03
1.436032002732759232e-04
3.034639260836826855e-04
8.288005231396198408e-03
2.671149326668326336e-03
1.443996763981329236e-02
1.108095168435884077e-02
6.556403255626589051e-03
3.554973686358587487e-03
8.653162316085946963e-04
8.473184397628956351e-06
7.391291979047057430e-06
1.240153178983549771e-02
7.654216906486548729e-04
3.543481290668529520e-04
3.681033316542638677e-03
6.123286076685442204e-03
4.702775617265400436e-03
2.425617344534434106e-03
6.537654900651864234e-03
1.144251340196131977e-01
3.447246872623945663e-02
3.629271251032476566e-05
4.143068948287411345e-04
1.880522132537732665e-03
3.319795411366815129e-03
6.765498048076724674e-04
2.146080904271971835e-03
8.750922167399112495e-02
7.995368603867913926e-02
4.361844109181087920e-03
1.868466730147418705e-03
1.243733544869093759e-03
2.707943887692720528e-03
1.476739566010393202e-03
3.941018667220224508e-02
2.682779056749916638e-02
2.307562746879860197e-02
1.488134546072502479e-02
1.733303166419676578e-02
1.503849534421562890e-02
1.514336535184758296e-02
7.823574974814683641e-03
6.577676661346463886e-03
7.537781847734046498e-03
6.356164106096836262e-03
2.048795527675612309e-04
6.252572458549676172e-05
2.730381441612603731e-04
5.850302561862471846e-04
3.841362743123484264e-04
5.850250586604815051e-04
8.133758686649138420e-04
1.777766322609018344e-03
1.074029774572580857e-02
8.903253456705007007e-03
3.169741787993938988e-03
6.004228850106372900e-05
6.323408231101865706e-04
6.432716669374840927e-03
3.153652453091702890e-03
1.434731203761929579e-02
1.572659868688786322e-01
2.645805354151702093e-02
4.355546981158830294e-02
1.470855325861704366e-02
1.299973009055528997e-02
1.317256002980633951e-02
2.177747986200331137e-02
1.500641192050549896e-02
1.796181202750089280e-03
2.761447002891848426e-03
1.986104394937066378e-03
7.991659275992149189e-03
4.449701293359734425e-03
5.347273464982070686e-03
3.045078520154535090e-02
8.449736551222098574e-03
4.907991400522676573e-02
5.816501093294471070e-02
5.537098663615727320e-03
4.009235689282603099e-03
1.483861681222551909e-01
1.967511896211984398e-02
6.883974263797075499e-02
8.691028999254571397e-02
6.323653449605326493e-02
8.857606800538320169e-02
1.058637954463847314e-01
7.205400666259115239e-02
1.554047454848844767e-01
1.604430546584673933e-01
8.114965131576856727e-02
8.371852495343561074e-02
9.455488796269551077e-02
5.484924918509784903e-04
1.044537097451586627e-03
7.926092386589537108e-04
6.005269817678284818e-04
6.694563643219780813e-02
5.522807865055581050e-02
5.360126457656008003e-05
2.277510080315426066e-01
2.223084800007928408e-01
1.466513552162130099e-02
1.103989272573521335e-01
9.358839143447697170e-03
1.804926894296605619e-02
3.257372660331062791e-02
3.306848957836087954e-02
2.588772748853633565e-02
1.912613424063512937e-02
1.961583886079034614e-03
7.669200628751935052e-05
1.064499735299907768e-03
1.502965568080845155e-03
6.425330044090538442e-03
1.280216332753758395e-02
1.099460294928607078e-02
9.730737514158260826e-03
5.432606161476061235e-02
9.650173376228990407e-02
5.063570373525226088e-05
2.804175810841791827e-04
5.081713590187032998e-04
5.297845151896568919e-03
7.405328553380677303e-03
8.851587364226609980e-03
3.982819261560344853e-02
6.562965043885786443e-02
2.014492541322822905e-01
1.036625521000223218e-03
3.781024096485057634e-02
8.511158440864201704e-04
2.640827233389994588e-01
5.374055329375366369e-03
1.822418274784964182e-02
3.373536950103706022e-02
1.786798835849180006e-02
1.348418313890797741e-02
5.713969145388365922e-02
2.245125967721433788e-02
1.771914685121215582e-01
1.168791767300256107e-01
8.846362937454278080e-05
1.212441455239055547e-04
4.323090382850856839e-05
4.239905022905658682e-02
4.137346725282496640e-02
2.268860029706856914e-04
6.571559928768208603e-02
1.864617761415960067e-03
6.641522508655982532e-04
5.022168116617237166e-02
1.955508391409373832e-04
5.285056852038198844e-06
1.064090001822285986e-03
5.070035099944852387e-04
5.734913634702504609e-07
2.668795242964362019e-03
1.189693290801462078e-02
8.603167422713867488e-03
2.186127439698270364e-02
5.881256592299371295e-04
2.048767689323385864e-04
5.477461960961224618e-02
4.077603142037754952e-02
3.305776071482181833e-02
4.011723838741240722e-02
6.326267072609270681e-02
2.948185297132951683e-04
1.127062138876229165e-03
1.600376446796262240e-04
6.367745602172657227e-02
7.935654955346946315e-02
6.134079980781367153e-02
6.468258291614280286e-02
8.249769980636097177e-03
2.992354314978769650e-02
6.373343612922395540e-02
1.751946208441172411e-03
1.130534736989000227e-01
6.196485416389507783e-02
2.374025781824072936e-02
2.502693381629114006e-02
5.929936864940197477e-02
5.044003903640489200e-02
4.851555255270223466e-02
2.989374817404736803e-02
2.262580502261992907e-02
3.141087069965523004e-02
2.965151068691512185e-03
2.018904180276360760e-01
2.152316512100281923e-02
4.040513722013534120e-02
6.281333217384869883e-02
6.708397049906666965e-02
3.085595379770997640e-02
1.012820436367925098e-01
5.132764310997042301e-04
1.390957639378356814e-01
1.100986414103277689e-02
4.119412861142215943e-03
3.237941275235698552e-02
3.017688313525642915e-02
2.987689197543193578e-02
1.518754183167561611e-03
5.771810996733444526e-03
2.835205873422706919e-03
7.124629060401690105e-03
3.673370580071911445e-02
4.892749154623795595e-03
6.254016492975472989e-04
2.875762395939803623e-02
3.141496923802260255e-02
4.864640935398742427e-02
5.252168310220543812e-02
5.315162943494598086e-02
5.394905777999651347e-02
4.982243719260680964e-02
1.035378809834295588e-01
9.456845593018245455e-02
3.466565558865677271e-03
1.559484836873155644e-01
1.216902093777104954e-01
2.005838241579449219e-02
2.829600585892630069e-02
1.130469808879006229e-02
7.273196174760768358e-03
1.018579841141254057e-02
2.234742087709156572e-04
5.205029059858470517e-04
2.210440963750366118e-03
7.802861896674190105e-03
1.788213186405442382e-03
4.685927304619724731e-03
4.641791016911880896e-03
4.435587405592679618e-03
6.642075867827178064e-03
7.990126261485545195e-03
3.703839658273688166e-03
4.190239283313647832e-03
4.931736044259000910e-03
1.278319119529618998e-02
2.650643583418545862e-02
3.407477867356830531e-02
5.966844591217550231e-02
2.409907733781229441e-04
3.807509402123657183e-02
2.571080569450450923e-02
1.274855697106211730e-02
1.929823846856547689e-02
1.438877163624474728e-03
1.291247994899908855e-04
3.031281110989220672e-03
1.310185064932546661e-02
2.127970152167735156e-05
6.591610399009990764e-05
5.937138147120539093e-05
2.172722035102598107e-03
1.022737422244666657e-03
1.702552219854021895e-03
4.848424400408649429e-03
5.755529613865498044e-03
1.999316884365605687e-02
6.732767194440695928e-03
2.203484197329760421e-05
4.638882420397739612e-03
7.769772152063077718e-03
3.725788107976487490e-02
1.289405735633478434e-01
2.229457801100095393e-01
2.435696379583689175e-01
5.198883953020071863e-02
1.062661377148669123e-01
2.575753860573768914e-02
2.786185052788566277e-02
2.455803225268230353e-05
1.340127795109513371e-03
7.153367353959273235e-03
3.083329489974424419e-03
2.102721621770825902e-03
1.388851433134091762e-01
1.687823809619785204e-02
3.014348414539633116e-04
2.455420377863206695e-03
1.488522492447907691e-03
6.744196263602131487e-03
4.729850682924687140e-03
2.008243212992557453e-03
3.064937030047528918e-03
5.630593254871016362e-02
2.764886148172825608e-04
3.157333671230521267e-04
2.194238193218744221e-03
6.153403815869735310e-02
2.094365806465291191e-01
1.994303557106668068e-01
7.896610477964959365e-03
1.442788632565916371e-02
4.352428529318172479e-01
9.993185603085456164e-07
3.005952608841020671e-03
2.181690463685865833e-01
1.136851974992884699e-02
1.744904508185897082e-02
2.790046480689182401e-02
1.457922182687813178e-02
8.274133227842759772e-03
2.987770807145719021e-03
1.081829340766527110e-04
1.275605864311998676e-02
1.580677481799507705e-02
2.146358182058814054e-04
6.977039880098754492e-04
4.384449168796412943e-03
2.243334145893964224e-02
2.025240281957432775e-02
6.287714904201272687e-03
7.895232305540636486e-03
2.043341417929279979e-02
1.296634827724034607e-02
2.567035193471003951e-02
2.590978754551954977e-02
3.642014408326803288e-02
7.136737787736666117e-02
1.514023285323433691e-03
5.473562846878218119e-03
2.754409298646448914e-02
2.225981754521636283e-02
6.135818335749920055e-02
6.782169266240997696e-02
1.139802534823127905e-01
3.553558956694591320e-02
4.868142385231826602e-02
1.637173222867016262e-02
1.700707156785197585e-02
1.795467993418286418e-02
3.104583405967767384e-02
5.726563661020515721e-03
2.291741660615218262e-03
1.632118949373959071e-02
1.359095111417172111e-02
3.482794937558104237e-02
5.613078277213332662e-02
5.341235104629563774e-02
7.187858818464926136e-02
1.722640887435963053e-01
4.810976054126810250e-04
5.659605942743993826e-03
5.387680369656694737e-03
5.718252506843313036e-03
9.892153416539204921e-03
5.383747399374740755e-02
7.072219671220678072e-02
5.036885298872986749e-02
3.109654402308655724e-02
8.967116150767864835e-02
8.186300078411762630e-04
4.232402681551190177e-03
1.755119888912246788e-04
2.015904580179612472e-03
4.662012223297086651e-03
4.389462407541917972e-03
1.306917657614360510e-02
2.135410339422497833e-02
1.846454642663643850e-03
2.371261766130845826e-04
3.370509039870587999e-04
2.636647678604522394e-04
6.697172361710459479e-04
1.153030863209665441e-01
8.213865842612324997e-06
1.088792777947783369e-01
1.483645407429477758e-01
9.192337570562610907e-04
3.557577039693804585e-04
5.066988296854028039e-03
5.097371216348985101e-02
3.828307267388529264e-04
1.950556173332368252e-04
9.986652566145783896e-05
2.469381166485599965e-01
1.530215939261173053e-01
3.452311715237710185e-05
5.568946942237014723e-04
1.465459445518535377e-03
1.744539041485427969e-03
1.743883043182875136e-03
4.744305458040638606e-04
4.236089495949610004e-04
4.769105872431642079e-01
7.206795644102607923e-02
9.414739909524724726e-02
7.008551985728639355e-02
1.782236558007227467e-01
7.156497945315729026e-02
3.605495757697840808e-02
7.376499661824077216e-03
2.229756100675288149e-04
5.138290286912181731e-03
4.566339333054353355e-02
6.285775925247355511e-02
7.107852314421066187e-02
6.569660181023678769e-02
6.205645237569270417e-02
4.261530862744783432e-02
9.653311713810795724e-02
6.069483165365383709e-02
8.310613670330781189e-02
2.232942456500782076e-06
1.224152829363484019e-01
1.277809374272414686e-02
1.443102027059788711e-02
1.844522925746495123e-01
9.155402328768939835e-02
1.638377016251464369e-01
1.120009928038811775e-01
1.130393692819377655e-01
3.518563863007166670e-02
3.152530123340195611e-02
4.690248936064993039e-03
1.261289999015806785e-04
1.412620413718341714e-04
1.972997693140780004e-04
6.694381991894646829e-04
6.594309277315462715e-03
4.204014668159462148e-02
2.947445411605284157e-02
4.776869103388509813e-02
4.781738105116317694e-02
1.037056285806134230e-02
5.653231997551036447e-02
7.716391251133027096e-02
5.822833135116186470e-02
2.776433203721112228e-02
2.487299497155102609e-02
5.289190404566139481e-02
6.786859133967786117e-02
6.823759906995635616e-02
6.558534275701640749e-03
2.541659733615631370e-02
2.068472770384794171e-03
3.575843260961085956e-04
3.166130221123403867e-05
1.319150041116446959e-01
3.780687041083083058e-05
1.978923516168128638e-04
9.272513944045164547e-02
2.412574033543397889e-03
1.898504319066185089e-05
1.686967720251079939e-02
2.703043550666195719e-04
7.474540429190015128e-03
1.602827547994065127e-02
1.311095234250956795e-02
1.143947208489831061e-03
1.087635559469275898e-01
3.144373274139610625e-02
6.970550140774953163e-02
1.119096983116773525e-01
1.221706876595303748e-01
3.232568516572382339e-02
6.210570101943627824e-02
1.000448351480551744e-02
6.631107524118358409e-02
3.713555216685474059e-02
2.901782538086596433e-02
3.140186446269159493e-02
1.788460023184979333e-02
1.042537948750259513e-01
7.436793308226526122e-02
3.353215483939565172e-02
2.122621136850016336e-04
2.860945684377922977e-03
2.428310510716969947e-03
3.072850004138047778e-02
5.318322105836210782e-03
6.722878572759452553e-03
1.678297961028801799e-02
1.948733216646470617e-02
2.135886510099462010e-02
1.423265177700433481e-02
7.199129372394662274e-02
1.845886470262520472e-03
3.314904517432071263e-02
5.641440410021551603e-04
3.089081865886573672e-02
7.733637468721771269e-02
3.609834218143512393e-04
5.167827947684434670e-04
2.667940141044849566e-03
5.076068582138108104e-02
2.711251121552109983e-02
1.284082768638005086e-02
1.963504238534716229e-02
1.853333290299327696e-02
4.143800079514659701e-02
2.874094870247060826e-03
1.105497964687368745e-01
3.807505454248818338e-02
7.331258419306053986e-02
2.301489291086142308e-02
9.754484923186666767e-02
2.691126269119525904e-01
2.165680867075857052e-01
2.112355477898262834e-01
1.732559390820475331e-01
8.599113082865170177e-02
2.366694796914400704e-03
2.168112526204635915e-05
5.721593420799295362e-05
2.083592553645601149e-03
5.868385595458964956e-04
3.652957370971755824e-02
1.362883553109462808e-03
6.640018557509503976e-03
3.398018660751360356e-03
1.293520439549415138e-03
2.392795985158206393e-03
2.276971816413361261e-04
3.370902773845953410e-04
1.374702301280208462e-03
7.047249804747250830e-03
2.518805970199407621e-02
1.776321192772002677e-02
1.432925545689438338e-03
1.962158227957741963e-03
6.289000221746137397e-03
2.342886283079042772e-02
4.412605062069774320e-02
2.299438406088054679e-02
3.616824587392356016e-02
1.431450712692756456e-02
2.252267711070916889e-02
7.063111300459655462e-02
1.995943662648709191e-02
8.566694742782453298e-03
2.483294119620760992e-02
1.120681340407181121e-04
2.614710745469003817e-04
4.027567206800843937e-03
4.153048645101592440e-02
1.411684365112249664e-02
4.033789297215959607e-02
1.148496343712771123e-01
5.559752956170948245e-05
1.015860826855810063e-02
3.051176069033515077e-04
8.831941481247065906e-03
1.462017135373056649e-03
2.021024876817074586e-02
1.660857484701200315e-02
1.405608084802388406e-02
3.958966099252387086e-03
2.127179559178404566e-01
2.065533296536437302e-01
2.893918321262751725e-01
1.066477430271886969e-04
9.663544813922036580e-05
2.655282227874388975e-04
3.817824699030142842e-04
7.658828502570673999e-04
2.400072791634226977e-03
1.193054776830774219e-03
1.211475356740926565e-03
9.240230556241921245e-02
4.573718483734146023e-02
1.574418522446149394e-04
2.753438920859697103e-01
8.361302186842570205e-02
3.997777504653344388e-02
2.079606530535006020e-03
4.934803923135219811e-07
1.884494744637529114e-04
2.640182827276150827e-03
1.343173206705714200e-03
7.669701256938929674e-04
4.644892586506720045e-02
1.360343635657528805e-01
7.142209878962274550e-02
1.038386805547314995e-01
5.226337843201833699e-02
3.688337506214754875e-03
4.345529094206040450e-05
2.548070479776442035e-03
4.404825444942657171e-04
3.692239969017110956e-04
4.841616021798289711e-03
3.900399835608189120e-02
1.562707484832914079e-02
1.248843304673059179e-02
1.388978229028315914e-01
2.659961625728073814e-04
2.333814152220761197e-03
1.568298131380959802e-03
3.673613854475563274e-03
2.103370317803783876e-02
6.817349187020904644e-02
1.175637594804987592e-03
7.825965653813075559e-03
6.389767127840843136e-03
1.874131820844837648e-03
8.203276613076540547e-02
8.035549934435840674e-04
1.591510327161607620e-04
3.322232638168089278e-04
7.102128744165763603e-04
1.399458261415820323e-03
8.033208598621643937e-02
3.374961511145840713e-04
3.114946894960474513e-02
3.827700989621688615e-02
5.729603491765729306e-02
5.749387260415611545e-02
3.209704975581310210e-02
3.113678375098217002e-02
2.779790618852348138e-04
8.640560853901681215e-02
3.485153455043778908e-02
2.446533760402878205e-02
2.417028014907274258e-02
2.651039629162750197e-02
3.551006478676724948e-02
3.420771786396387126e-02
3.317301548709604420e-02
2.989237081086527914e-02
2.829158534628811728e-02
1.077200832569609294e-02
8.413860949494851235e-03
1.115612719335210869e-02
5.353819445597984145e-02
1.043151842915194527e-01
1.880203154599305593e-01
1.898010285879903059e-01
1.771451166265788357e-01
1.154184257873009517e-01
9.534173049658660470e-02
4.851142904841195674e-02
7.513697472464432765e-03
1.349280689091663515e-02
1.683887553039391943e-02
3.784328751535179030e-04
5.273649797327586292e-02
3.321477572864871622e-03
4.745202862478367818e-03
3.306567826302219196e-03
1.162304024323054449e-02
2.539666363284598383e-02
3.774008157686107451e-02
6.041598341686869184e-02
7.347199448655176383e-04
1.755145095966434887e-04
6.302094010311865945e-05
9.935460469824713980e-04
3.769626318210168381e-04
4.210471253265694983e-05
6.536552281807978535e-05
8.504423080205683345e-04
1.405276735429428301e-03
2.499164653310878906e-02
2.360937539902881188e-02
3.810255524880507005e-02
6.143472464849024373e-02
1.917552141506152774e-02
8.391809973288923141e-02
1.363773524399918280e-01
1.130931412122111873e-01
2.254826027689233459e-01
4.346689437547160764e-03
4.698873046444434348e-02
4.178000742320702593e-02
4.133480693080632262e-02
2.587323110510370483e-04
6.717333401678822480e-02
1.181527865650087300e-01
1.030280223033560108e-03
4.475306770075942325e-02
8.921511854095237615e-02
4.689566843097995111e-03
1.286308888382640403e-01
1.390101681655617483e-01
1.294830898590407231e-01
4.346129128254441580e-03
1.622696670014552034e-02
7.358321866393869540e-04
1.452632793591183144e-03
1.599964189405820615e-03
3.045354337667397198e-03
3.327740932646123390e-02
3.784158981701218557e-05
3.494182561532661814e-04
3.419104812359044249e-03
4.975715183953608551e-04
4.025829534672418358e-02
8.508269799215904122e-03
1.264725528101240639e-05
3.784829946863684002e-05
2.989765289679144344e-02
4.474551490661436010e-02
5.780667786731723268e-02
3.993872541095551398e-02
2.775154898776835757e-02
5.648419811612359620e-02
3.589866148565648563e-02
2.635648000431768320e-02
7.767768911779277495e-03
2.298516639419483087e-02
3.535671951982451849e-02
4.401670127607740929e-02
9.862818919963024355e-04
1.312777484699230402e-03
1.213471702876381571e-02
3.915567105213347415e-02
1.046607918906742631e-02
1.243648779281687766e-02
7.817732804031659807e-03
4.254510816166498510e-02
7.437187576790524682e-03
1.541555660362041100e-03
1.184158478800643489e-03
2.142659417033066925e-04
2.392918586303645183e-04
4.179509542606539433e-04
1.338054668600539279e-03
5.275535192214712496e-03
4.836075684110777151e-03
1.480333955356388526e-03
2.074028570212985839e-02
8.010352028858110096e-02
1.289026798958771598e-02
7.601356956237724505e-02
1.637532892931777562e-01
6.695479552559735481e-02
1.978725092526174845e-02
4.396981363618101407e-02
1.791876562207739591e-04
1.587918222264117218e-01
4.288582066375689326e-04
1.147387856402603927e-02
3.572100114318041073e-03
1.362913480003899577e-03
8.246985558238349940e-04
7.162935463072818421e-03
1.594366367633965817e-02
3.501140258209258643e-02
3.921783385717464432e-02
4.232695166567822936e-02
1.202420438503007741e-02
1.863056227794370259e-03
1.745110055646127917e-03
8.727652825365108530e-04
6.990301891278956868e-03
2.642113034317359905e-03
6.437601551542588554e-04
6.600601599064481826e-04
1.380924063095762509e-03
6.687980570005819941e-03
7.191159047471897860e-03
2.708636212778742051e-03
3.040254205485559604e-03
4.628796854454800443e-03
8.998541934090395836e-03
9.604337246339146247e-03
2.298791004396181885e-03
3.840775987579596491e-03
7.873996297478218567e-04
2.093271692508166598e-04
5.588741967648446548e-04
7.105534686419514700e-04
1.525212365954866853e-03
2.163324469672849113e-03
7.466196224779317325e-02
1.356432631983143892e-02
3.820645313379846669e-02
2.263889130529077233e-04
1.925741277432782388e-03
2.433088064129587669e-01
6.940533903857844245e-02
2.642162606313482737e-02
2.639612347376883012e-05
1.541814160555407265e-01
1.260677849880692362e-02
4.799335691625301902e-04
2.701787176283539384e-05
7.629894145935285470e-03
1.787062353955272756e-02
9.773719373458961829e-03
1.466226020476002999e-02
2.125732523550118852e-02
3.660074400078035251e-02
2.407289532691164746e-02
6.756710520071897152e-02
7.063847814780684054e-05
1.659749654560310056e-04
4.825216307638819052e-04
1.535808753113843692e-03
7.186127177456641014e-03
2.818005219428692740e-02
2.215153622347026952e-02
3.692204339111066630e-02
7.089523955023288582e-02
1.087082169166749823e-01
5.214331428718354394e-02
9.550607103016287014e-02
5.665892485047097776e-02
8.108621668483446954e-02
9.113766426222642825e-02
4.783187226983336843e-02
5.302756985365520565e-02
1.953478420427005792e-04
2.914046389568949796e-04
2.869182152400845918e-03
6.567345470040612809e-03
6.891850872057412106e-03
2.529369058452851649e-02
1.369426805638112449e-02
6.953429528254631564e-03
2.292231674694867466e-02
1.689302046704655585e-02
5.447535687773262698e-03
1.920107780312522647e-02
3.259405960359026272e-02
2.461602366580127599e-02
1.266599961987535314e-02
5.593291663194523144e-02
6.386117388167011910e-02
9.008257364422808666e-02
2.050761982014220539e-02
5.876823942765238909e-03
5.709776743562634815e-03
6.437665794085115079e-02
9.268500217592001711e-02
6.068806868070089622e-02
9.042524757616170195e-02
7.624903062490170913e-02
3.230287970387201585e-02
4.918768962779093701e-02
2.890919546692225506e-01
1.247059139983418413e-01
4.112209131513825354e-04
1.643572052453479105e-03
6.536706066486977149e-04
1.768587214746625443e-04
4.166130845693691168e-04
1.578307812670737276e-03
3.923620211569796463e-03
5.478738915852547804e-03
1.699118826385596359e-01
1.880233378197513350e-01
6.072474663629438829e-02
4.531693565438299487e-02
1.350810442322342708e-01
1.322045204838062926e-01
2.033576412329951219e-02
9.432927356105315353e-02
2.355399569881804489e-01
1.882198752918997353e-01
1.750971232605187944e-01
9.707531833182578285e-02
5.823012092563081832e-02
4.094482565522176987e-02
1.370774236997625573e-01
6.138048415777200284e-02
8.751530217273201804e-04
1.010807777657537175e-02
1.629791042261300241e-02
5.239926386623087323e-02
1.312658594569955650e-01
5.099022707329621262e-01
8.187952904030161572e-02
3.759852508088115035e-04
2.584289951096703786e-01
3.616215514661144312e-04
3.329554461142296634e-04
3.389699637620801134e-03
6.968792699408831760e-03
5.583070975680972520e-03
1.989716959544399894e-02
6.447116528176764609e-03
4.853940250367520803e-02
6.123988465788765545e-02
3.231106481025233096e-02
9.053403070313910395e-02
3.571592109856820685e-02
1.362132607516914895e-01
1.117151052947714523e-02
2.189690421747497815e-03
6.862132135392478433e-03
1.911242073037486625e-02
8.093893603748546217e-02
9.223722990741868577e-02
2.320676175181385636e-01
2.079406236352207005e-01
3.451395968889496291e-01
1.502506853118437402e-01
1.711590816953132976e-01
1.128065879904369129e-03
1.881998562833782362e-01
1.369177101636266380e-01
6.512502497241680344e-02
8.031453653676542959e-02
6.055135708234587327e-02
5.183371028309174001e-04
2.070825893892565641e-04
9.554008245115146181e-02
9.633957314860619459e-02
3.074390332913697239e-04
1.489749079135913312e-01
9.984219447884395970e-02
5.041391810504473533e-03
1.091629117875881575e-03
8.320708086213098791e-05
4.716896518293700645e-04
1.871600667026943185e-03
1.138744791434305632e-02
9.553215406877542393e-03
1.757220606412889657e-02
2.906325817349017862e-02
7.792494243602413051e-02
4.668009533767446262e-02
2.364166687308913717e-01
4.939900073672867653e-02
4.379247648405852622e-02
2.642618775125418207e-01
2.678754860039126440e-01
7.365782290791755664e-03
6.943448057083628257e-03
9.233300687590445576e-04
2.447399530785909113e-05
6.315807768002983146e-04
2.080741653072685701e-02
7.828107059193585571e-02
2.759084838396523576e-02
1.506432232250314723e-03
2.705725133753059120e-02
2.989359083408761955e-02
1.021180762727171357e-02
4.441430666258137862e-04
3.569495556167102610e-03
2.935404452154233290e-03
1.041269154468522917e-02
6.866419589296599707e-03
2.470057851683274148e-03
3.578559085904434427e-03
2.610769329686937670e-03
2.470452948888342184e-03
5.058869096431459732e-03
4.548369071981393959e-03
2.102676637508755792e-03
4.576063679485006027e-04
3.267853620760188295e-03
7.760961972911023911e-04
2.104017015261395139e-03
1.652966685769363783e-04
5.340438290211108052e-03
8.474364414306814189e-04
3.247644854427307604e-02
2.889149441155022466e-02
3.945404328675680868e-03
5.089414027774138288e-02
5.242211224811689496e-02
7.973408008065803465e-02
8.351437851510142008e-02
6.957980120666701351e-02
4.791356373631546622e-02
9.023101139519019986e-02
2.056972876881855705e-01
3.590165746347099285e-01
4.794391510995627817e-04
8.419960562242418626e-04
3.805928226866106719e-03
1.676648298593865286e-02
1.085341010839386694e-01
9.343332674569658491e-02
9.350297459291204150e-02
6.837066380485652684e-02
2.944426182983909610e-02
9.431191588042810853e-03
1.031106944527749175e-01
2.211167311966986905e-04
2.827302609027404099e-04
1.172145408658690525e-04
8.751988667892385753e-04
1.067597336997359262e-03
1.640362528908625040e-03
1.819768149040033173e-03
4.450884814862124503e-04
9.826577553352458007e-04
1.657012804346394636e-04
2.636838130369728323e-04
1.328495407976721049e-03
1.295341974104118965e-03
3.494044660296520121e-03
1.337371039076136470e-02
2.607355947382572481e-02
3.880678856971559593e-02
3.488393156231293230e-02
2.809144983573003476e-02
1.492931522313207249e-01
7.989096925622279910e-02
1.708889692089587409e-01
3.073246755846743145e-02
2.138423271648180468e-01
6.413838904403937639e-05
1.996036522596250362e-01
1.014893177369745499e-02
4.008930964894956428e-03
8.751910768449798483e-03
2.295814188286069910e-02
6.669718878515416838e-02
6.388042706381140412e-02
4.532918065643504885e-02
4.440019276741399151e-02
2.586200399960454817e-03
3.745909684379158250e-02
2.197317197976081035e-02
1.542763087692843385e-02
2.245911852549796126e-02
4.314588593627532997e-02
3.376412268831330971e-02
1.143469296778845505e-02
7.342944355928442655e-03
5.405413916583837880e-03
3.689925348993647325e-02
3.319725313733207315e-03
1.630703256905402174e-02
1.070894920058620449e-02
1.836439600766519254e-03
2.643192114274715149e-02
1.325258105907060197e-02
2.293438622992749129e-02
2.926128019738031150e-03
2.701383886186797898e-03
1.385452824559878183e-03
9.489774955706523768e-04
7.530111057176965775e-04
3.029377569685698119e-03
1.071696401113486803e-02
2.699472432680932385e-02
1.177737840847266348e-02
7.661723638808702608e-03
4.847891313149201888e-03
1.683517651670900575e-02
8.546979064919896230e-02
1.368124544222416306e-01
1.152455989915888851e-01
2.661356697499564494e-01
8.947969306094641015e-03
9.475844557017968836e-03
3.287666302118928685e-02
4.776387296658070325e-02
1.683138254320902527e-02
9.024295789432007497e-03
3.544527195832056915e-02
3.917705637733617796e-02
3.544613164994128013e-02
8.275556907167409826e-02
8.796586158527769372e-02
7.168223657625630296e-02
1.297648814301449217e-02
4.595702064298686634e-02
5.395681921723488594e-02
1.316764881744432458e-01
1.089007004038288068e-01
6.856041254190965717e-02
5.050790670650815578e-02
7.830673418600837821e-02
7.637085380905792031e-02
8.198354439149330153e-02
8.173196448448905027e-02
6.333124506639473128e-02
2.003898268619009118e-02
2.005061317225456316e-02
1.037289213741331498e-02
1.021318272100257482e-02
1.688768015231272360e-02
3.263871415384229924e-02
6.085870023708443710e-02
8.427349925925219087e-02
1.048906898887459471e-01
5.313245004639968608e-04
1.058920699790924297e-03
1.162026951275236348e-03
2.767422940824715641e-02
1.230676775020270695e-02
2.063492490345538929e-02
2.400407872589853386e-02
1.529422987963851253e-02
2.184146264801034576e-02
7.853560463801084876e-05
7.594773607216324073e-04
1.880027770539314689e-03
2.504149674354634939e-02
5.306988313326817946e-03
3.004086732622840428e-02
6.170274485303283568e-02
6.379190465067685611e-02
1.551400468615883599e-02
1.990565805647988296e-02
1.631302050588592887e-04
4.457146090615533678e-03
3.338640085870579061e-02
4.322305368528459729e-02
4.365926485980631613e-03
3.844918813353440795e-02
1.355360153035992943e-01
1.585870125655031160e-01
1.880553234902213044e-01
2.786623331719432217e-01
1.586321106925494551e-01
1.291352904890422926e-01
5.553916338678436398e-02
1.752965666452661062e-04
2.240553982195025561e-03
7.202852023086330630e-03
1.158990037755601617e-02
9.678331293458915241e-03
7.785813130775874440e-03
1.141796334516164274e-01
1.035498689105000120e-01
9.586319661351494492e-02
4.653512086630226530e-02
6.155936687586776451e-02
2.602053765842611208e-02
4.908187042886481138e-02
3.395812256258537616e-03
2.541082556307382601e-03
8.543658993553152059e-03
9.400076805225604515e-02
1.026086317900203049e-01
1.068099855642942880e-01
1.148070818326882570e-01
2.557932756181533485e-01
3.727579747778676095e-02
3.928872429389326641e-04
2.280958980819466041e-03
4.315186225916900140e-03
2.809103100754355240e-03
3.995009433021590867e-02
1.294181361756940310e-03
6.494221696123281089e-03
6.089846302090091978e-02
8.953820141188273407e-02
2.240413813790321281e-03
1.342911801773151170e-01
8.899966764144007225e-02
9.665808576371792693e-02
7.425899651989545380e-02
3.655796189010548924e-02
6.118688899131242281e-02
7.643116845942933557e-02
3.404143596203727112e-02
3.576403518442806961e-02
4.559338807180419312e-03
5.264281516514253238e-03
9.550666669986267177e-02
1.355647649273340792e-03
1.394585651401927633e-02
7.364867964648498001e-03
1.245650266642233175e-02
3.758834794058343864e-02
1.935366315851507618e-02
5.812449405317102885e-02
1.260503576860523278e-01
8.330113746108581962e-02
3.796150203261539069e-02
1.664925090224729531e-04
2.995209006360985415e-02
1.704788795242158719e-02
2.214685278883489483e-02
3.516562042789909970e-02
4.093848286689319438e-02
4.013439942505134944e-02
3.431416535003024848e-02
6.221678317774136796e-02
1.037821222762056184e-01
7.983800515817529586e-02
4.057428498635561737e-02
3.776246147189684516e-02
6.676795161639410836e-02
9.456319693255467451e-02
1.151038814824880546e-01
4.740441301065442814e-02
7.084745278989745820e-02
4.407497808732255273e-02
3.379327330457938816e-02
4.475126570134743513e-03
2.475727452121637053e-03
6.421417475844813649e-03
1.086718098821288581e-03
5.426728307347875035e-02
1.553080903729795459e-01
1.237464540128279389e-01
1.300920790165223939e-01
7.399267360177225195e-02
5.308010386176911094e-02
6.779458464462603806e-02
6.658064126584437026e-02
7.398737092374663149e-02
1.939833156980811865e-02
2.434639959493253847e-02
3.445185581498522165e-02
9.398724756013132620e-02
5.760818093022843783e-02
1.926003477301692357e-01
7.992670014027668246e-02
2.725339738731882323e-03
1.379515592405131628e-02
1.905949016908991753e-02
4.542971940100169748e-02
2.115607601897467882e-02
2.942402484545653812e-02
1.935951237565256347e-02
2.721902683622232089e-02
3.502809120219788769e-02
4.338307857450340865e-02
1.306037525008256206e-01
5.165982901080790057e-02
1.804672883928976762e-02
1.865972906859486233e-02
2.393199865571727508e-02
2.893101015681485283e-02
2.527434877589537776e-03
2.016115816637186007e-03
1.710681715341827794e-03
7.253021187605572691e-03
3.219509365973217963e-02
1.965886384809628282e-02
2.698465521297343378e-02
9.730424907295625453e-03
7.988761898877867751e-02
1.177023722092679879e-02
3.822373939643264329e-02
1.313342788780799686e-03
4.402334472080594863e-02
1.691925626056139387e-01
1.669593169782639108e-01
1.059723792883137672e-01
9.211807810392416695e-02
1.621957929803518328e-01
8.883617687065611945e-02
2.900507952807366945e-03
5.121473364002028517e-02
6.476797108528417612e-02
4.253170218474321834e-02
4.218628144612553837e-02
3.739180035927961582e-02
1.594429840169998489e-02
8.976228908405561868e-03
1.917426821796931399e-02
3.545712800406010390e-02
2.492330437745851265e-02
2.558725385639643024e-02
3.767977121304509625e-02
3.344340810338871511e-02
2.467594403761067673e-02
3.024409701272698370e-02
3.476324260432969021e-02
5.970847867245911156e-02
2.372670776351187491e-02
1.970953575515730846e-02
6.341246502457047358e-03
1.192588541252450202e-01
1.382229485446113681e-01
4.832809160966861084e-02
9.018203938212513348e-04
1.081573173762427967e-02
7.996811126136949563e-04
4.042598659840672989e-04
2.621276816411524397e-03
1.634888694450168517e-02
9.037707890767080615e-03
1.880895669398175395e-03
2.896574631918885125e-03
1.298756694394596380e-03
2.082217526645777691e-03
9.731273881292916428e-02
8.516753651572780970e-02
4.517149666921594503e-02
4.799148058704257036e-02
4.926907629108297909e-02
3.441399256520460276e-02
5.282430983300200056e-02
3.572845525119103249e-02
8.039892856046354508e-02
1.157328610691919363e-01
7.243352688911154635e-02
6.854467738617785189e-02
1.137315063907630569e-01
1.134105062549299464e-01
1.007029284193579760e-01
6.590439016926386007e-02
1.082962508699189252e-01
1.040469515454564564e-01
6.119528145525079260e-02
9.403912631172046954e-02
6.576362305398293640e-02
1.923228093705373065e-02
1.152237295162706829e-02
2.624025624497757989e-02
5.994601887039030519e-02
8.039598125687771879e-02
9.893465815533242225e-03
1.554266619304118385e-02
3.412793929681156441e-02
3.680755236320511214e-02
4.121587324131271990e-02
4.340640470420914498e-02
4.082569215480210539e-02
2.137586562192617945e-01
4.560185617817801712e-02
6.667479097807195443e-02
6.793722554016820570e-02
5.315677461617279720e-02
6.275596278050624144e-02
4.206038573309471562e-02
4.392847148320459805e-02
3.290010656980938558e-02
5.044502184763866026e-02
1.453885300203494949e-02
4.413642591975945606e-02
5.582455275853787785e-02
4.088010958469106421e-02
7.010062826699367013e-03
7.401083988860797207e-03
5.857830151223947929e-03
4.288037898927950925e-02
1.227729548682650884e-01
1.006550390775928644e-01
4.897213185705956429e-02
1.690607189092389537e-02
1.910191987953014509e-02
1.627982263310997005e-02
2.398486384650640527e-02
7.513352122132068399e-03
1.020432324744400751e-02
1.721889905269594068e-02
5.230094079464198825e-02
7.530614543825271678e-02
3.816717704334059852e-02
4.170312667356861763e-02
1.583896476314575023e-03
3.095097214583789318e-03
8.468878294361006920e-03
1.043645787904330484e-02
2.177779801439025040e-02
1.728334553597332679e-02
9.497065967807081718e-03
1.579601468666754216e-01
6.134680192635009501e-03
7.588278151886336358e-03
3.183994280617510886e-02
5.638487729170164192e-02
9.753359065669896244e-02
8.418060022014066390e-02
7.346094274719464079e-02
9.247234584690285086e-02
7.519113831158918959e-02
5.684907982830574719e-02
3.720818929554896293e-02
3.963155968666303569e-02
1.259456403990314166e-01
3.624862252406950702e-01
5.673856727861792404e-01
5.144073998026594818e-01
5.046724018294373006e-04
1.674468784953862897e-03
3.216844580067293631e-03
1.221098477189409403e-03
2.455375498203579069e-04
3.365701898239824557e-03
2.708059088966650093e-03
1.860313666176532498e-04
1.089510741231919074e-03
1.063759408045173013e-03
1.346494880008091083e-03
6.139479562933836468e-03
5.953460594751868243e-03
8.308403132017222470e-03
1.490283224070730736e-03
2.607454431658298884e-03
2.323807474782578920e-03
9.702169327538806912e-03
1.378635315799207114e-03
8.960328386294873085e-04
1.717113243341350255e-03
7.240444950125202173e-02
5.404949456006823139e-02
1.528955464203576864e-01
1.666051789717423182e-01
1.656637162614016945e-01
2.108425510001366368e-02
8.254898272463516429e-02
2.434512427448088517e-02
3.574331472711474167e-02
9.533974861922638044e-02
3.940510750813631252e-02
5.125288351386354108e-02
7.182247301580260701e-02
3.870465451027194775e-02
5.241806656471855591e-02
7.655300933215228310e-02
7.098414217399075243e-02
2.011410717383538271e-02
3.708857996309304628e-02
6.503557051321289320e-03
8.001420265063496906e-02
5.191110075726019374e-02
1.529769058466625689e-03
1.699794864616283319e-01
5.942652710633627988e-02
8.002254977124569069e-02
3.677603907496783398e-02
2.607276347471977618e-02
1.302018216609376758e-03
3.373212742129300806e-02
9.717813370058898947e-04
2.525222070776678065e-03
3.346163092909437611e-03
3.490426418585178270e-02
3.105531241694461583e-02
1.848815804598067519e-02
1.403615377194227486e-02
1.106517817348696454e-02
1.868156215549585455e-02
1.439495263877868352e-02
5.320965335669829155e-03
8.262035711559511872e-03
3.430941492105126032e-03
7.259409801726584947e-03
3.017555496120543409e-03
1.182286845635956499e-03
1.006681709786758604e-03
2.495291204714422320e-05
1.550773266587596871e-02
4.932235998302367079e-03
1.291767472160018984e-02
6.271440162874241525e-03
6.097531972100201335e-03
7.861285722680030896e-02
8.631228211087027535e-02
5.140000513162564649e-02
6.636413898825397652e-03
2.121637860418067092e-03
9.477336243762530393e-04
6.034030819711843664e-04
3.155632915514701279e-04
5.247027976444622452e-04
1.690627353690312600e-03
3.881028719967631428e-03
7.602159993774465323e-03
3.851338201254409649e-02
2.064084408693214051e-02
2.188632100200711347e-02
1.625540436349480825e-02
6.698142091145481598e-03
2.848690987093251831e-03
2.588130102185910459e-03
6.355319901509315882e-03
1.402721604566995253e-02
2.334440637157757931e-02
5.266450193919158806e-02
6.152049231001156110e-02
4.051506942846208603e-02
3.545280638660040784e-02
6.984754934608509991e-02
5.973256089278114467e-02
6.236674064157718411e-02
4.336965144106690734e-02
5.843646375589953840e-02
1.929876150493629872e-02
2.359407116013462896e-02
2.265385828069862301e-02
8.998808180029833556e-03
4.295990815794702156e-03
4.635618647533130618e-03
1.614576616314466195e-01
6.845879929788020908e-03
2.089252772151877977e-02
1.280822803121301444e-02
3.417980048944771476e-02
6.572691104067057699e-02
1.472187114640301497e-01
1.148903126471439440e-01
8.980396945803614805e-02
2.413233542163896461e-02
5.796393244048143184e-03
2.166765350078030117e-03
8.722793692198445650e-03
3.209277698912466927e-03
4.835356788704684751e-03
6.357469994743208952e-02
2.965552602879364605e-02
7.737780950150990639e-05
6.629419070606493852e-03
1.751624860072007253e-02
3.241924064824559110e-02
1.002233699028556996e-01
1.678760665705194763e-02
4.303141757353663721e-02
2.563724965042701864e-01
2.655958825681355995e-01
1.669155718365464280e-01
7.377654993200981337e-02
1.996210715813517486e-02
2.659409520675719285e-03
7.705838198687402045e-04
4.186630462270642117e-03
4.380289350255293923e-02
1.038726504281844542e-04
9.146985541890818080e-04
4.347777470663320987e-01
3.984684251486599882e-01
1.308435444541779513e-01
4.451286593191989063e-03
5.727181644717804776e-03
2.427647176529506515e-03
3.556147304514117868e-03
1.073734516193835089e-03
2.965646432251309159e-05
1.084372155689026455e-03
4.166146823508415017e-03
2.150320988878945579e-03
1.798148854827003040e-02
4.189934927976344398e-02
3.251201184372003172e-02
1.953393302247214205e-02
1.578390402626720507e-02
1.405626153415274332e-02
5.077476471235991239e-03
1.942208291023807612e-02
2.481224852500824030e-02
8.461451836655389108e-03
1.411988908713629823e-03
1.085744304829791007e-01
1.089246016808641075e-02
4.746860323456200681e-02
1.327175222986275438e-01
1.197616824243014216e-01
1.873521433868878538e-01
8.822550983254146689e-03
1.298054189007482109e-02
3.098723613542287564e-03
1.256871626362315343e-02
2.922714683313742262e-02
6.371810267944673367e-02
1.185402889180025010e-01
7.993147780595041829e-02
4.226106469660807774e-02
3.069055603931577017e-02
2.394043178338571207e-02
2.056320257945955937e-02
1.312630761056740938e-02
4.197893393884538984e-03
3.494269831995898412e-02
1.113678416709456588e-02
1.096411152983680672e-02
2.256663601000268721e-02
1.004908702026847261e-02
7.667599082653369161e-03
7.290929498109758114e-03
6.165854303827035489e-04
6.532761893290780749e-04
1.681812439435458593e-04
2.760266923321311487e-04
2.981228314923250284e-04
6.263246986318101069e-04
5.706290915831140455e-04
1.639530126940146266e-03
1.584599642699184791e-03
2.604761789327752607e-03
3.991523322032887629e-03
8.656962512984542682e-03
1.197183740936487092e-02
4.233251021187853821e-04
5.825546111057548597e-04
1.691539428518409058e-03
3.073027212965489304e-03
1.742148808619431097e-02
1.982775881821726306e-03
2.240629945130360318e-03
3.416415479787170834e-02
4.954198663009841408e-03
1.968347596933365921e-04
3.810089699922344513e-05
3.281627971813970424e-02
2.302702084002199948e-03
4.496630776262415183e-03
1.260488637744029347e-02
3.708208769104406888e-02
1.057754519162538848e-01
3.797494905105054663e-02
7.676099647078241280e-03
5.668562303309218273e-03
3.289378175022060480e-02
1.149700500240689871e-01
4.092048934227454984e-03
3.410170301816950792e-04
5.451255181187202731e-03
1.215014539105288040e-02
9.414448224854819400e-03
3.140708907529968924e-02
7.772423511222802117e-02
1.082434625093148250e-01
1.589158095576253538e-01
1.325359952036705806e-02
5.237496903730916829e-03
9.923920059648760894e-04
5.592938243502772622e-04
1.454043354140590466e-03
3.192252873272484405e-04
3.500247918268162414e-04
1.398930633115322807e-03
5.138016059522239158e-03
1.078720797157680690e-02
6.154831894413513886e-04
7.407079455226757338e-04
3.257366207448987496e-03
1.282204476264874060e-05
1.068368664466991507e-03
9.594679421198955976e-03
1.040115084033206398e-02
6.828364413979469416e-02
3.068217535336865143e-01
3.795359351081415977e-01
1.455314564935253629e-01
1.069548772625351311e-03
2.345945115737763879e-03
1.976873315095404335e-04
3.126728873491672390e-04
2.544198772298162173e-03
3.005046318895861213e-02
3.350547805752697797e-03
2.464238086614760608e-04
1.840087366341355433e-04
1.215554227991406553e-03
1.316994552926906235e-03
5.543118711534854304e-02
2.307890219787131492e-02
1.845279679341186099e-02
1.461912207185953917e-02
1.495203086972791973e-02
7.709259856151363770e-03
4.449185509877011091e-07
6.639793354689211833e-06
1.662195898965404170e-04
2.883585983807331532e-04
9.580228096217929118e-03
1.627934571211259521e-02
1.069700821251404720e-02
8.526713003638700453e-03
1.056098640473984891e-02
8.186178713013237546e-03
7.609528506485089064e-03
1.444790516696339844e-02
1.464786591456921500e-02
2.176970446895143060e-02
2.098577149308319262e-02
2.040800543321262192e-02
2.935563851176190356e-02
2.017477623459600425e-02
5.551574864942933341e-02
7.749095352657828228e-02
7.931873838018739520e-02
8.244741449982558035e-03
6.750294666291870027e-02
6.373100244299021583e-03
6.318270000856370493e-03
2.009922804255710044e-02
2.285664730895748536e-02
6.623084120281147458e-03
2.737195382387270712e-03
5.124924868813488486e-04
5.100625705535281364e-03
4.302514267208617008e-04
2.819557644990822241e-04
1.023610278305472085e-03
2.246653409954463537e-03
1.189193054873393654e-03
8.245057077625023677e-04
1.250452444410885520e-05
1.035571342624220468e-04
2.314335876888774259e-04
2.949438921708941348e-03
2.381713109561226340e-05
8.898557147274912399e-03
2.047165764528984314e-02
3.418371263793905032e-03
2.060203135069408470e-02
2.921053428913888625e-03
6.252157735777208632e-03
3.158754481377639301e-03
3.730645355483565209e-03
8.852308888125976979e-03
1.789110347282421923e-02
2.120446256315961994e-02
2.652578463973740905e-02
2.177535374358727932e-02
4.141045655035244938e-02
5.290814964760972433e-02
5.955909086119336865e-02
4.731540785609968103e-02
2.874333367393540686e-02
9.782797676751522203e-03
6.043550812318860578e-03
2.836430983293527792e-03
6.775263338809085073e-03
2.074079948157258116e-02
2.194005191090121071e-02
1.591318049252892636e-02
3.100582399809619777e-02
4.373616272461539056e-02
6.915592672130430052e-02
6.398871437196815282e-02
5.242247676703636755e-02
8.568741556614069277e-02
8.548268719628825585e-05
1.912942487329168800e-02
4.159293828291513173e-02
1.097340626076174532e-02
3.486933039771880627e-02
1.895802819540411827e-02
1.873109207550393077e-02
3.445221634941891126e-02
5.798602925850516315e-02
2.622690484752651652e-03
1.515705883055729411e-02
3.408311143646446106e-03
2.528495636426231121e-03
8.626610891415720586e-03
4.677975618932435700e-03
8.720238274137771459e-03
1.077539619140470764e-02
2.255420528865960741e-02
9.385069887646900477e-02
1.376764293032869827e-03
9.410869696807900101e-03
5.669196538288579987e-03
1.160586043674444040e-01
1.018947055560401153e-02
1.088891225816840738e-02
2.041415346211842771e-02
6.633757867794844339e-03
2.313321327207381976e-03
2.259252689167364891e-03
2.107867078956348218e-03
2.058611268340356567e-03
1.185692218205138546e-03
1.303569431815641919e-03
6.882173154455836902e-04
1.952462332383951820e-03
1.125575992114232751e-03
1.561959348037088920e-04
8.710368214739904478e-04
7.757117081585003515e-03
1.126371113246005945e-02
1.885899222131931854e-02
1.127747037898448046e-02
1.511754367744842266e-02
2.946511212173974145e-02
7.560474924355860271e-02
1.152960321711092723e-01
2.485388483690052427e-02
4.337332871535207451e-04
1.832899463183442369e-03
2.732274618581008729e-01
1.389688594427976494e-03
3.296337608381207269e-03
7.750253240754372897e-05
2.469054988098305799e-04
6.593924147467819128e-04
6.518523236989635407e-04
7.513897547327815733e-04
3.650616076576346149e-03
9.252706237646308313e-03
6.361834178174928175e-03
9.344949122974278294e-03
6.120491588900636021e-02
1.490229033417384864e-02
7.725004751199391478e-03
4.246276460079928365e-03
1.531107300535820316e-02
5.530050121738397037e-03
1.454938718041091060e-02
1.939781214615571292e-02
1.013849584693839873e-02
1.013817398546843981e-02
9.915276135205564403e-03
1.225343922197998678e-04
4.746826970888793430e-05
9.048427458870844046e-04
1.313615010399034680e-02
2.928974458634380634e-02
8.803993839133491400e-03
2.160914279291506826e-02
8.333415189376644494e-02
2.330511493103473928e-05
6.342432985511822774e-02
1.152730605699708085e-03
1.526793195683324826e-02
1.440402188042063658e-01
5.044213097791313410e-02
1.323804997394739669e-01
1.899306482770547200e-01
1.760254768714565577e-04
2.379941546147794091e-03
4.846816360776903462e-03
3.365828209207033517e-02
6.200649940273883498e-02
5.502989259623202074e-03
1.127313656418340165e-01
1.349877295477181771e-01
1.109399178730297308e-01
1.448220647339119524e-02
1.561171310861001957e-03
1.155216769628529191e-02
1.472854080490007267e-01
1.965285976170444149e-01
1.765909626960097678e-01
1.544642196294722380e-01
2.606249705556539786e-01
1.443293526366821230e-03
4.839020978062827209e-03
2.297573893666292610e-01
8.469134934028521577e-02
4.854540974040217477e-03
6.116693649617668815e-02
1.563047525434657359e-01
4.994646783925615549e-03
5.343691055745920793e-02
1.763563577938527527e-02
3.255426538776572121e-02
4.004172010835785334e-02
1.528065471941490901e-02
4.778146673368906944e-02
7.371604106905985110e-02
3.218318762003134770e-02
6.108008244363818950e-02
6.078453578849842831e-01
2.134214987724206494e-02
2.633755466644535637e-02
1.130668795017422505e-02
2.763663983628193016e-02
4.021727885683623605e-02
6.210250961519558476e-04
2.466190423046963720e-04
3.046305478790182694e-02
1.369906891213371926e-02
3.560570068959966611e-02
1.163374544863061688e-01
6.040449626490392021e-02
8.055076157972160950e-03
1.292724213210202089e-01
7.768119696088194442e-03
6.430474443191101785e-02
1.449275332047240484e-03
1.133766824815411328e-01
4.349080255177400350e-02
6.389720090437712996e-02
8.045551213963776649e-02
1.927700364829924018e-01
1.512590131960213913e-01
9.482895341772766551e-02
1.868521095498643710e-04
2.190140848342259638e-01
2.714669516639135471e-01
1.272255796552158869e-01
1.004209389147545615e-03
3.910900265507227455e-03
1.667268987919465900e-02
3.597866537681478766e-02
9.619332512676416480e-02
8.127542313861960133e-02
1.060456441879211870e-01
2.770931200297315974e-02
3.188537829747035372e-04
1.949456685139462110e-03
9.105633794229838927e-04
3.513276376355113379e-03
1.688047559001889034e-02
7.839217565763551346e-03
7.109213694185112682e-03
7.327051307176364429e-03
5.318787350300954210e-03
3.438303538043709084e-02
1.406062902128509158e-02
4.354410058246973442e-02
2.832617216529168674e-02
1.168723052522305716e-03
1.041630905351075692e-02
1.780365257425483433e-02
1.375693885531199465e-02
1.470190811528761947e-06
4.589091730503561117e-02
1.238687380647724226e-02
8.207049079574740141e-03
1.366815802809111073e-02
3.120786222482321501e-02
1.681567118224003982e-02
4.329858256630995245e-02
3.060037287891052143e-02
1.007669277930593434e-04
8.106837117881128291e-05
1.185192280070337207e-03
2.809165842361576512e-03
1.938959379907272823e-03
5.777341774711880484e-01
3.245011671100140205e-03
1.528537406228896112e+00
1.870730497603561096e-02
1.183808070887805083e-02
1.046754200812567981e-01
2.511337710966551895e-02
2.754631043366595478e-02
1.874383149824048540e-04
1.716421389893601004e-02
3.303610451151950986e-04
3.694450691106407943e-03
1.271531489450425552e-02
2.481107962397934366e-02
2.807791337366600734e-02
2.906477096944518577e-03
1.375832314223910573e-03
8.590799447703057227e-04
5.019480121171085310e-04
2.989905442203102102e-04
3.670411045307413363e-03
6.937446713628208500e-03
5.297111167780109431e-03
6.102330720827677706e-04
4.513662019580096975e-04
1.870503062147101298e-04
8.216862833154568897e-04
1.927346469742908337e-03
5.039729692238823508e-04
8.790917539060587056e-04
6.826672472838487540e-04
2.284486528354528166e-03
1.052979188403779234e-03
1.058383760877855330e-04
1.354549376780677002e-04
3.707157759042380260e-04
2.058152900233222327e-04
1.130954880784539556e-04
1.160439295475272810e-03
8.343275532892789181e-04
8.048605895897080443e-05
5.113800266568624539e-05
6.459730946377943630e-05
4.309558364317197268e-05
6.858716843022514805e-04
1.497885934595437080e-03
5.286680707542774568e-03
7.151170336357740367e-03
5.238989058900405706e-03
5.047377444679570536e-03
1.284870866175563534e-04
1.186008050078475769e-03
4.094795460665804146e-03
9.215309361872687718e-03
1.238246090255397218e-02
1.147585440599425272e-02
2.171362968604718599e-02
3.433155481720195912e-02
2.555898653997631942e-02
5.394526783031310807e-02
1.103037792637229508e-01
2.924992731477729299e-02
2.264186371473155522e-04
8.314604818169573286e-04
1.928136376582707291e-03
4.271751685346933392e-02
7.077433367526796137e-02
5.143281360377640471e-04
1.468199289850779989e-03
3.815175792210404038e-02
3.019580873274009536e-02
1.154567076232359824e-01
1.083852644804831310e-02
2.053559973258151441e-02
3.004928959980541006e-02
1.829049546686462371e-02
1.200154715021607525e-02
1.713448543802774046e-02
2.270434430056116060e-02
5.023169948297867386e-03
4.510938434955223675e-03
4.135860153876970077e-03
2.928914467008333824e-03
1.454968224106263771e-03
2.026706879526486010e-02
7.594714065744545030e-03
1.062307427079063962e-02
1.641162716772470373e-02
2.366882390582852186e-02
4.115903265393530686e-02
5.438413557840329933e-03
4.179447940047719551e-03
1.316595279529853197e-04
2.447959800744425613e-03
1.685643386306588404e-04
1.014544653755322266e-04
1.292523671216020765e-03
5.277649613128545039e-03
7.898712734763106702e-03
1.662916920663031622e-02
2.510164493335154470e-02
4.804024820495827043e-04
5.624286439642894181e-02
4.242842700432277207e-04
1.256534256565985485e-04
3.588853130364100838e-04
1.488947631255214954e-02
1.434556679208531891e-03
3.937532627705024694e-05
3.834998378048341166e-04
2.609342269800403870e-04
3.857451555780567315e-04
1.313449721912660463e-03
1.019557957213541345e-02
8.214954387314706897e-05
2.683628755982528147e-05
5.289272923593216609e-05
2.110089685274690614e-03
2.830523075073813552e-02
2.048871049933569111e-02
2.392662785772968134e-02
1.037799492466409332e-02
2.823425757305768335e-02
6.170018078269894242e-03
8.577462687192982313e-03
2.083610275057723796e-02
1.818022745450244152e-04
4.197004670832298751e-02
2.074348632364073769e-02
2.538433157005067983e-02
1.339118132743550953e-02
2.934863722464016791e-02
1.991330500806078388e-02
1.962046948357436954e-02
5.329790217346926789e-02
4.600376451765157145e-05
3.240875107837156463e-04
5.435084820020162633e-04
8.072728285878059441e-04
1.435971908035471980e-04
2.937851978633219930e-04
1.526076074806202807e-03
1.220794847829812521e-03
1.344600359195194687e-03
1.428435633877892701e-03
6.197064696328765656e-04
1.975617878490868937e-02
1.279748333092544689e-02
3.568176571320610946e-02
6.498911813829510997e-02
5.648642415201084177e-02
3.001354742803926529e-02
7.930103390668812599e-04
1.328299118695329406e-02
4.006219740119915703e-05
6.589788074657564271e-05
1.389944421950493588e-03
1.929081648230266885e-02
3.523835801071829171e-02
8.995919759336022670e-03
1.921971892109739129e-03
3.448024843853105068e-03
1.070629094262589079e-03
3.002223999774773430e-03
3.306731895597183907e-03
1.099911730855191762e-02
2.311550163478987702e-02
2.736321841499007521e-02
5.237243086421132510e-02
1.121289806558393165e-01
1.163117230821191506e-01
3.254281417896120326e-02
2.434662267468340816e-02
3.323883815901199773e-02
3.004614565782546404e-02
2.870574016561058817e-02
6.282118693021611355e-02
4.484962930108599144e-02
1.023752233910469114e-02
9.487946980465132574e-02
6.555417073999972311e-02
3.082792642427251498e-02
1.024560779462619330e-02
2.414507794026273749e-03
8.032969564807413993e-04
9.833894464580351328e-04
3.298361040961184077e-04
4.021544208048463687e-02
1.098785564585730724e-03
8.220890991785794887e-05
4.175624491772420704e-03
5.684822014335172771e-03
1.143908759622386381e-03
1.111328270842032971e-02
1.031718472386956506e-02
2.450043552585209634e-03
6.616892707218663926e-03
7.007167680665331300e-03
1.136500069678934507e-02
4.938069037262739908e-02
2.525417962747374956e-01
4.737905759341450029e-02
5.689885781537587506e-02
1.916790142244444162e-01
1.246166549010831875e-02
1.246120384213179368e-03
5.393745839035994465e-03
4.651515672033252995e-03
7.572798382123605487e-05
8.705863152139731577e-05
5.947542877949252250e-04
9.799619661489029107e-05
1.064825509160332723e-01
4.047242084676992897e-04
2.116229143979320209e-05
1.672257048153843182e-04
3.246777722349309986e-04
6.584790629937449947e-04
2.435306162126994918e-03
3.300446126082220467e-03
4.536498477302838991e-04
6.363220857045424591e-04
1.519610502461267920e-03
1.783125223103136092e-01
3.203582988156787326e-01
1.131564558072635477e-05
1.963202595256332064e-04
7.034775559443482698e-04
2.483388184875134300e-03
2.870382162067188002e-04
2.517950011887422714e-04
1.577848096794095059e-03
2.849848921568430820e-03
6.814740216007622066e-03
9.109584592130480008e-05
1.054692735402897600e-04
5.879114542842990782e-04
8.584512603947203101e-04
7.983847483749432518e-04
2.421539156566206456e-04
6.134131975311349393e-04
4.598234646332250070e-04
2.427218704917507262e-04
4.271297940576066648e-04
4.647279944135761795e-04
1.425084119796019748e-03
6.765350022034817817e-04
5.486891506425520260e-04
2.428548701805961860e-03
2.892590265971293172e-03
2.710067593435055468e-03
3.333919263439238571e-05
5.245012111774423254e-05
1.599413672842733142e-02
3.663830285699381118e-03
4.677806669344228112e-03
3.991741316215173009e-03
2.391318044827103639e-06
3.707805000154900613e-03
1.984591744796772653e-02
3.296159531050269192e-03
6.701939340226511317e-04
6.973105094239115051e-04
3.937729784624216241e-04
7.945655925599348288e-03
5.424400910061920149e-03
3.512945924025553945e-02
2.082804125437204279e-02
2.611368186402716896e-02
2.824959458576104671e-02
6.474771529811966519e-02
2.549713716852458276e-02
3.524435611806637711e-03
1.017512174763078315e-04
6.762121242238352918e-03
5.643874566196282328e-05
1.507133502162600613e-01
1.217971092138254302e-01
8.776527886499076170e-02
1.293813689584486504e-01
1.263465483819725399e-01
9.360764480996719428e-02
8.569657732579036985e-03
2.276922875047468042e-04
1.245512702008881199e-03
3.732099190277002321e-02
5.190930341294772848e-02
3.455154449570204539e-02
1.452201061102623494e-02
3.925332634863674952e-02
1.366040971387005309e-01
7.857202602835939784e-03
1.087693267106838420e-03
7.979697082704889871e-05
1.105336390926266730e-04
1.190136658078547931e-04
1.781234302215281042e-03
1.190503615887836698e-03
1.130770566448932157e-03
1.068383792789189685e-01
2.614660071717899922e-02
1.107923656657360499e-02
1.003188544172079755e-01
8.464137435968051293e-02
4.621520199185057132e-02
1.287493126790846608e-04
2.566995501140119287e-03
1.387053652502378154e-03
2.200032339229532200e-04
2.951003833429669248e-04
8.643838966388621078e-03
4.225618956509307952e-03
2.784023957544540240e-03
2.979287838301196856e-03
1.927335486867354578e-02
9.092913466955958486e-05
1.169842631945284877e-03
4.729516160189361032e-04
5.507406450402324224e-03
2.953737526431166190e-05
7.519667082548876780e-02
9.376497605285222248e-02
1.551045689205969580e-01
1.400740443212222797e-01
2.343350160515189351e-01
1.201714938165068663e-01
1.082676868976081286e-01
1.419097203696587650e-01
1.469350869201120451e-02
1.018674206549089779e-02
9.743408785453953891e-03
1.803399965797067295e-02
6.425255862399134252e-03
6.618492569998876782e-04
6.399935924744196191e-04
1.558701491795048055e-03
4.116314626600068964e-03
4.036294921849453710e-03
3.831516222721516665e-03
2.790753550074432168e-03
2.341670377040315325e-03
3.062919697304988809e-03
8.656100620574746661e-04
1.027128983124343808e-02
3.663237008595702452e-03
1.660994217106852647e-02
1.149210037126094895e-02
2.637167860613936609e-03
5.603547876292464328e-03
4.909365687027294166e-04
7.299374276370922121e-02
6.139591152438499816e-02
7.272536370885443469e-02
6.804918760216093279e-03
5.031654743197973637e-03
1.044932208237940238e-02
1.015857356250967312e-02
1.005403720271612691e-02
1.655321122261121658e-01
5.498342361472641996e-04
6.744529813781812745e-04
1.510567377018770790e-03
2.274823667516395927e-03
9.542407151910837354e-03
5.545967016392393256e-03
1.179406340702732030e-02
2.488078692600325867e-02
3.106802476846247732e-02
2.271222821019676028e-02
3.625401879175908088e-02
1.056019755306460036e-04
9.052538835751244850e-03
8.180040858480336699e-03
1.036258317665280770e-03
3.325715341538116460e-02
1.005700172900253356e-03
6.412514223096213613e-03
4.078365933349061695e-03
7.141715462988952601e-03
6.079599600227860102e-05
7.323585998048947818e-04
2.253906181586875362e-02
9.756432009215493598e-03
9.515432681775268936e-03
3.267172170940388365e-02
3.573745735414538861e-03
4.678276000401006794e-03
5.696733171588961160e-05
9.086343969245460619e-05
3.674514195279294290e-03
9.466195005306267743e-03
7.243503589021746403e-02
2.926062461740340515e-02
5.570874670136088079e-03
1.003250821645786280e-02
3.204383595354100972e-02
3.824607444637591336e-02
5.200514355948242934e-02
1.034103245881110716e-01
1.344167258195930470e-01
2.477360662830887378e-02
4.182780144203041006e-02
5.270844671946081465e-03
5.642580955520649054e-03
2.010896695538109610e-02
6.099744896886585659e-03
7.952786415034576034e-03
2.987567662302135704e-02
2.658432981360926706e-02
5.800684139878762441e-02
2.390446101818491376e-02
1.770054424227538240e-02
2.914628175807888483e-03
1.011139501041062073e-02
4.127291772005389769e-02
7.719160289932522519e-03
1.869219190421787446e-06
1.138172557997842126e-06
2.098304612382961818e-05
4.872912190899406602e-03
1.193188199319128624e-02
3.269903758552896930e-04
2.029377567881599995e-02
2.172010331772459418e-02
6.057060807385598877e-02
5.209148024179842407e-03
8.105272052505210420e-03
3.895192583442745843e-04
5.376290658712361975e-02
3.121666490814674691e-02
2.754868797655948831e-03
3.128315132186394211e-03
3.016500419608149092e-03
3.064278235621416724e-04
3.639915718001196993e-06
2.859783450953159306e-02
1.586337009950416002e-02
2.364776375126513910e-02
4.695563068637619020e-02
4.521084779711527502e-02
1.368127429914489830e-02
3.451586648416579137e-07
2.930847288255283420e-07
1.149513642388764502e-02
1.656412004318189024e-02
1.587886616861398925e-02
5.115419225409290798e-04
1.313447902869072650e-06
1.499617165711652641e-06
3.125399815327246423e-04
1.607451337104647340e-02
1.202774151038601264e-04
4.760443586740784592e-04
7.757505566748540068e-03
2.865782821424170315e-03
5.566722874598991830e-03
4.120553214600162183e-03
6.669223253311897665e-03
7.139409346442042448e-02
1.006272924949822983e-01
1.134517365243386134e-03
8.771790178684134298e-02
2.284322769948933518e-01
1.704598736662954195e-01
1.035582034995792674e-03
1.328118604079926149e-03
2.185365112225502206e-03
3.335133496450078811e-02
3.560188199084267369e-02
1.428978479963833453e-02
2.684496123104601964e-02
4.913498169913323860e-02
2.644113039689843792e-02
1.359051152838096355e-01
4.553887199619283122e-02
1.013427051670726248e-01
6.149976151924933495e-04
1.438334709397020295e-01
1.341131163816570461e-04
6.283297273121793425e-02
1.252772867964829229e-01
2.771975511551056162e-02
1.967863875841466617e-02
1.045854364244066734e-02
4.061255650881768348e-03
8.516038721123553312e-03
1.706733005622764669e-04
7.407419878832277507e-04
6.763849309369395282e-03
2.670826598029392017e-04
1.455998198314277991e-03
4.523398087408827400e-02
6.237880034655121989e-03
7.490094973667693438e-03
4.289363801125511228e-04
1.851811636568264328e-03
3.333425456344933733e-03
6.192340152359307633e-03
6.915536235727229959e-04
2.031651573886959772e-01
1.211514068522458742e-01
9.695793726406686831e-04
1.894988409304056588e-03
1.163156287021249339e-04
2.635042266810713372e-04
6.678605622757769833e-04
7.047869892367913025e-05
1.392478459366730814e-01
6.461155749775626081e-05
4.234635288929392179e-03
2.126024257304838541e-06
2.230848826597099377e-01
3.301169727646431780e-04
3.101485932352925252e-06
2.863894416989658936e-02
8.160736730141960812e-04
6.427107937006019912e-04
1.001248117140213917e-02
3.296257378013558309e-02
3.830626173609093243e-02
8.100844293726874867e-02
3.996769081735089546e-02
9.693130548699897472e-03
1.388702434426828010e-02
7.805766461248594967e-02
4.587584003129951266e-02
5.075209930077675046e-04
3.620828282933240272e-02
1.117669910202351152e-01
1.542220758109583145e-02
5.435850788952006039e-03
9.126174417400338690e-02
2.598657867706283004e-03
7.321237292073222783e-03
5.274841042391336700e-03
4.691445778929988208e-02
8.084916571980800548e-02
1.518106292807433824e-02
1.508130465998788229e-02
2.079068755144827113e-02
1.996880467842953102e-02
2.929605833731433254e-02
9.532773120455287352e-02
3.947730859165329148e-02
7.785363626292094580e-03
1.113556545860284741e-01
1.990032720825441956e-02
1.466845419655887252e-02
7.033337046181931118e-02
9.565347493558756234e-07
1.713157991364494884e-02
1.822777184892917721e-02
9.628164734737381866e-03
6.127930273721464427e-02
4.723295705981563758e-03
3.586044342091085531e-03
5.399040407466075553e-03
4.024589387469214991e-03
3.217209665053460260e-02
1.319990565560581752e-02
9.698730736199581356e-03
8.071054417075580745e-02
9.994391963161808334e-02
2.021060032223915420e-02
5.651657031360138306e-02
1.142088463672484913e-02
1.325564573430881550e-03
3.219665928976410407e-02
1.951694828878233539e-03
6.480954998940628925e-04
1.382814923150850195e-01
1.243020968835069073e-01
2.568184830854546453e-03
9.372360248698322072e-03
1.724960499726267693e-01
3.149574683831735957e-04
6.902142230143154316e-04
3.724606316804986747e-04
1.121408258716171486e-03
6.118087140327643086e-03
5.119137375991672859e-03
2.977072467868778320e-03
2.014456823234412122e-02
5.270479905248588552e-03
2.471530944473638615e-03
3.494660076045008525e-03
9.442190524006924268e-03
3.493991071665978818e-03
2.051787804029458484e-01
3.912023555678756197e-03
7.232644701179953388e-03
2.872294546928238004e-03
1.322305224587327563e-02
1.980331345394470768e-02
1.078088057849915099e-02
2.862227677264768053e-02
1.041017053654983981e-01
1.749672362781700963e-01
1.329987776111385411e-01
5.727215969583869526e-02
2.831260767948548876e-02
1.556395606068461390e-03
5.990245689725796997e-06
7.550958756663810502e-06
2.586206657866329858e-06
3.238639501469601362e-02
9.504789960760838541e-02
4.048947989256493236e-06
2.161420628399417232e-02
7.219457005209949096e-02
5.888864385416859155e-05
1.050860951260307265e-04
2.132630394694366369e-02
6.887965364246349462e-05
4.724273935461349521e-05
1.118695995678939967e-03
4.599211831884751633e-02
5.974586103959803052e-03
1.256491963787560555e-02
2.200123329491702334e-02
2.306040883408382730e-02
1.650541302455927478e-02
1.074897787647898413e-05
2.564494973916773765e-02
2.668688333901366415e-03
1.402438823935781058e-06
9.929967030014879084e-03
3.385293899622929953e-02
3.168022268352039400e-02
2.215126001647194087e-02
7.376023815080536006e-02
7.311416642396663043e-03
1.854555607579235280e-02
1.264924827792457407e-02
3.198820682260876402e-02
8.496130384680285197e-03
6.295552838860304186e-04
2.018197588016762672e-03
6.314915276874519257e-02
3.258732320642472287e-04
1.490646315990070414e-01
1.358103398965930107e-04
3.853077844310290410e-03
4.055938664990047546e-04
1.400654075723687178e-02
2.950987850859560988e-02
5.597651751943429109e-04
7.001089599157100561e-05
1.380080910355823602e-03
4.598764716077397442e-04
2.864801125182127729e-04
4.449583584792828430e-04
1.151142261933979895e-03
6.794858786588608025e-04
2.461682906834462749e-03
4.209520286218372369e-03
2.008797247465443636e-02
1.542245688002382049e-02
1.271475467410429147e-02
2.115889071223150291e-04
5.257724019975986221e-03
1.200888955304663629e-02
2.369536540110450673e-02
2.262284511284946495e-02
4.510640154944729058e-02
2.845727943329539461e-02
1.493977990643360204e-02
2.600753099282146485e-02
4.732694243050517176e-03
1.873404453877905375e-04
8.999955508471284282e-02
5.743387897628437697e-03
8.636977249462998718e-02
1.324814552488426736e-02
6.665562610174577407e-02
1.261739753067296632e-01
1.259111242550466254e-02
2.252213572539735892e-02
1.611783875038503844e-01
1.266254960872123525e-02
1.869003303896860785e-02
2.353288212018507519e-01
7.002026809922504147e-02
2.398305861458137900e-01
6.179075959004234897e-02
1.448291019058968584e-03
7.441024151100806422e-03
5.292713562185197371e-04
4.146545805333414630e-02
2.653571735141588631e-03
5.592686214805203497e-03
3.350342415933004608e-02
3.435784870715903605e-02
1.418329498846490741e-06
8.510309843232009841e-02
7.627132199370731391e-02
3.580230437923199654e-07
2.639213116435530161e-07
7.841457550892801287e-07
1.016083049313038986e-02
3.376003727869874483e-07
1.389004985867700740e-05
5.604152675876047912e-05
4.919735166851752159e-06
5.914512734107324352e-05
1.187603774014763029e-04
6.680332005255566145e-04
2.884289483992551651e-07
3.843665075151330812e-04
4.824909378241819952e-02
2.526076864792868581e-02
1.616403783507362746e-02
3.064618046104593523e-03
3.810678184144655322e-03
2.263106480331073932e-03
7.536083964226395187e-04
9.752626018591890747e-04
3.765909051953897357e-03
6.558351314469244506e-03
6.483370240015274601e-03
1.000301875549766684e-03
2.915515308140645412e-03
4.947438272105925215e-04
5.961964102346462837e-04
1.559714422584744346e-03
1.573726650442336047e-02
7.453990675337499212e-03
1.032075718793983889e-02
7.998446948255084031e-04
5.395821567330760332e-05
2.773368364389268773e-02
3.609019597798193528e-03
8.589218391021245791e-03
2.038094079474095550e-03
3.772412962220358240e-03
2.382817085842125256e-03
5.233118082085561149e-04
3.788798235767672109e-04
1.562180102391210888e-04
1.981952057507599309e-03
4.655219573973994138e-04
4.561244652923491095e-04
1.691192608251295467e-03
6.182588582303383609e-04
5.069462651430125611e-04
1.476636778488834949e-02
9.543526866918700601e-05
2.940111855612581996e-07
3.510673443568589525e-06
8.423012733994711106e-05
1.254924670821151700e-04
1.784047873746438025e-03
1.188627447446680228e-03
6.844519581303030531e-04
5.836417277315691021e-04
9.291814776609357354e-03
3.232158860020720864e-02
4.112695071635554672e-02
3.613659622903277191e-02
1.121027532126975257e-02
2.349085038082135771e-02
4.315335282802575806e-02
5.654539291125306594e-02
7.993471745008586980e-05
1.685294483869542736e-04
1.373121641696652996e-03
3.621339438893143078e-03
1.696176512620940682e-03
1.551907841071748211e-03
2.331879970314887276e-03
2.014217439346552632e-02
2.951578699959674368e-01
3.558546986544463414e-02
9.293885571444075733e-02
5.323679804134558852e-02
4.245335816347615629e-03
4.137817586000144127e-02
3.962066007327270256e-05
1.085891812732159116e-02
2.514368893536520280e-03
2.844824379096089835e-04
2.673387499458093272e-02
6.796704520162461481e-03
7.367234174408997076e-03
2.563264448523720415e-02
5.133856530614756136e-03
2.564806987146710238e-02
2.086118798669360161e-02
1.992701076387275172e-02
4.567793135427928447e-02
3.078902523461297600e-02
5.277734305223250044e-02
1.451356049769311242e-02
2.595109297352194561e-02
2.223528191807171844e-02
6.231580413847737944e-05
3.376065489812695754e-03
3.231914620814576450e-02
7.733327594332245654e-03
5.045467414432130288e-02
3.376325476432347206e-02
6.159734332115470584e-02
7.044948602461224840e-02
4.767513098931201732e-02
4.456115199303258001e-02
5.383556581036931521e-03
1.555754551890071741e-03
1.566365643075356756e-03
1.024359329209932395e-03
5.515230459658341643e-04
4.556235508997879711e-04
1.266336234592191877e-03
1.095546518268124140e-03
9.659665289071911703e-05
5.338936471205782798e-04
1.648834943379740058e-03
2.946824142661560965e-04
2.393189035658552222e-04
4.703085812202943000e-03
3.128558890041657596e-03
2.989491390763765032e-03
6.138167711708294658e-03
1.235547012634133184e-02
2.491072538762842056e-03
1.402519221842666620e-02
5.438540609994315517e-02
1.277188349011794920e-02
8.408036498496567618e-03
2.907276936475407594e-02
2.597278746136404137e-02
4.813178935881870513e-02
4.170038585260256447e-02
4.838428484939858581e-02
1.533397621405273858e-01
3.115097483572360978e-02
2.181093089471903071e-02
2.585552948397612516e-02
3.560289275265771103e-02
3.481802931911961996e-02
7.764706641923733998e-02
1.338571723506509492e-01
1.626095929482871683e-01
6.352112504938449422e-02
7.369149598309096549e-02
8.112786605696892250e-02
7.732304878672771609e-02
6.764250013813410956e-02
2.697324356563123027e-02
6.653109251628860042e-03
1.773908782096961017e-03
4.551931898385232905e-02
1.445392137007287317e-02
1.181249411121922110e-01
1.725125223320355880e-02
2.629569775591500749e-02
2.589418312471775466e-02
3.472083544488815260e-02
1.493429094333019805e-02
7.424658468745792828e-03
1.388052446133349396e-02
3.422481090575164864e-02
5.585243527500371313e-02
1.766626323093146642e-02
3.886713029346673676e-02
6.681422653966203468e-03
7.706231796995079153e-02
8.092507858090959572e-02
1.570547648311964029e-01
1.074362415687484668e-01
6.271939570289461192e-05
4.496418944274507238e-06
2.546398743886042065e-02
6.436952833469834941e-03
1.381204368409150174e-02
2.426612978355075986e-02
1.025204558537683719e-01
8.520788396353036476e-02
2.921806571860799048e-02
2.000014201487729237e-02
9.781976405549228917e-05
8.926012719186304789e-02
1.794313735507079011e-02
8.780435437955332045e-02
1.853136664751254062e-02
6.216558752699413715e-02
3.385252355216180481e-02
8.157959372411523191e-02
5.476814412044987701e-02
4.030305241067880587e-03
1.997479232566883728e-02
5.406386279273042196e-03
4.735657255508823882e-02
3.283628846079881397e-02
2.779351417985402584e-02
7.506715509515973425e-03
1.583338584430242849e-02
6.598006783687605271e-03
5.351888117973611914e-02
2.300317464515205107e-02
1.420136510161392612e-02
2.941929392418116823e-02
1.991043264536042356e-02
4.302021644915092480e-02
8.554254291379703723e-02
9.988926771488011724e-02
1.488247752946267669e-02
1.900466341427026196e-02
1.098052322967262295e-01
8.984423935408909767e-02
2.611903305762262352e-03
1.792266799238502462e-03
1.410381464728570119e-07
8.159628130311974252e-04
5.672906380135415462e-04
3.208441763933277558e-03
2.331108883900566160e-03
1.021824490188302228e-03
2.175552842072024824e-03
8.533106195582741693e-02
9.798772729179847443e-04
4.580081824965770432e-02
2.428498956923522412e-01
2.931008721801354487e-05
5.122929500865345317e-04
9.002649866046345904e-04
1.088493477861757902e-02
6.180518539208809843e-03
1.696002469052082171e-02
3.382434802092223330e-02
4.793098525513934949e-02
4.031443968945143397e-02
9.384587100093693540e-03
1.420384096997796659e-06
5.799114165526690623e-03
4.394088852401450951e-04
3.882842627898694388e-02
1.001684772556476685e-02
3.741409676666876405e-03
1.539378142128990101e-01
2.930456727590067742e-03
5.861552545036402551e-02
5.576771996199294396e-02
2.727739193376568956e-03
3.093129849774548055e-03
4.657534792335731380e-03
2.914621477809883725e-03
6.904004520285886466e-03
1.280579507280275517e-03
1.455996900628994326e-03
1.639144979418103625e-03
1.448588356439714118e-03
1.974475736314705663e-03
2.083607052708590871e-03
2.638089564806072717e-03
5.652803688233164550e-03
1.125047930526330668e-02
4.385439140043665557e-02
1.077475407325129003e-01
4.885476280627884527e-02
1.608468461697692606e-04
2.007180977844354869e-02
3.395114986839537635e-02
1.162117394637090178e-04
4.882626128222464224e-02
1.231445724401975320e-02
7.879942076121700112e-03
1.225224709825149284e-02
3.216240854904298379e-03
2.549203292989081146e-02
1.282573307813378999e-02
5.913256586711017858e-04
1.960742704480472444e-05
1.978532251514160401e-02
3.945155227876696175e-02
2.021026520599408446e-02
6.805238554042877808e-02
2.380254119467217690e-04
8.008900171848298832e-02
9.541830710366741575e-02
8.287168281123542812e-02
8.403339763317546618e-02
5.199401927838441517e-02
3.891560981705168010e-02
6.130551408100717858e-02
4.994647970254919439e-03
2.408502553205347336e-04
1.966694210464463083e-04
2.021542203983919903e-03
4.611556527028558110e-03
4.602876480281746507e-02
4.547172058745051204e-02
5.888461599122725432e-02
8.700506292593199187e-02
1.382054868233494049e-02
2.095973854705857412e-02
6.683454826387493289e-03
8.989937433477528106e-03
3.667058308270762599e-03
1.331612601869724879e-03
2.196933406617761902e-02
7.912612838572134766e-03
2.364966207647325579e-03
4.624180198589926925e-03
2.434763482301571455e-02
2.403028805360589784e-02
2.227592257820806138e-02
2.686962108775425673e-06
1.208947487368453460e-05
9.061361599031835212e-06
7.659782986601459617e-05
1.164426780943937943e-04
1.186700091264763222e-04
1.088402622442286583e-01
1.533404176358364041e-03
8.350029662595739258e-04
1.531618184936375457e-03
9.821536733335530986e-05
2.780689798185648402e-05
2.172183926302342124e-04
6.541695626369895336e-03
9.953132750682016500e-03
1.918849140422239710e-02
7.980805624794048980e-02
5.278479763988040002e-02
2.614520766503993995e-02
2.857822940026006567e-03
1.771509531882882677e-03
3.879590436772043481e-03
1.411769637280596351e-03
3.188691205088536873e-02
4.164345135909111942e-03
1.540966145954633833e-02
2.347401098508688014e-02
3.289161472937058434e-02
6.171256513282053630e-02
3.597010549797736295e-02
1.438228543899770784e-01
6.243980140742204886e-03
3.198189656209921017e-02
7.272807413992617154e-03
4.358220699607677495e-02
5.954254307054254042e-02
1.265227118408106255e-02
3.395033452308714780e-03
5.157650693175899227e-04
7.900773669859396074e-04
2.649847057977141197e-03
1.407386760705897849e-03
8.540676677479564502e-04
1.244686102428141329e-03
2.067875864858017068e-03
3.362797708382095439e-03
3.181940079527658186e-03
3.973157488198842541e-02
3.606867237693533838e-03
4.157527010425775098e-03
1.464744267270766398e-02
1.585088452598359260e-02
4.218958318769077190e-03
5.815528800561988593e-03
1.085338041608522458e-02
6.925792080832042508e-03
1.404594394398381817e-02
2.706030766556758588e-02
4.506835999953248684e-02
1.006541359220526621e-01
1.047429309112993812e-01
1.594335573019824148e-02
1.446279899182300877e-01
7.199568814439037852e-03
3.485925864592297890e-02
1.759067878540227628e-06
3.162203552816912191e-06
2.567066620010869118e-06
5.721958349916004454e-04
6.934986298732251581e-04
1.836228503429299412e-03
7.849103188284724253e-03
6.239291214889963570e-03
5.105980836326459889e-03
2.525157739720225274e-03
2.907569948261281168e-03
1.090418099622997468e-03
3.439993912386165068e-05
6.427142972590792896e-04
1.059064008117816067e-03
1.594463692566933447e-03
5.447296235681298171e-03
4.265330563257684754e-03
1.599496124255032903e-02
1.806116288698467881e-02
4.261363092661784452e-02
1.239577845036157408e-02
2.871067666002920585e-02
1.124556500906402461e-02
1.095529941265210687e-02
1.040817416843338450e-02
3.866787985843359726e-02
5.138877395882988225e-02
3.260332289072578882e-02
7.837233450635883517e-03
8.982840523538758620e-07
1.520296171856406857e-02
3.952394113074229887e-02
1.997357170316425953e-04
2.045337263888889409e-03
1.676444444154792657e-02
5.989649939534275047e-02
7.639318526846636259e-02
2.825104581850591476e-02
8.011731465490334880e-02
9.388078744664415942e-02
6.786396649338506670e-02
1.647548997305315135e-02
4.572065456299932024e-03
3.072378281064840847e-03
1.804512781442540320e-02
1.175794443975658465e-02
2.240499773219609830e-02
2.312950419845056366e-02
3.264592904231748000e-02
8.858496561070435329e-03
5.098622390071643959e-03
2.454836973463746849e-03
1.991010454285293760e-02
9.578785693657380917e-03
2.028228671139556752e-02
7.392152839762991534e-02
1.494118731662098798e-02
1.024817583489712192e-01
5.107972033221951352e-04
2.371815972563391314e-02
8.378800932090840758e-03
2.034610442814867304e-02
3.059236366534385729e-02
4.053989446026625386e-04
9.831365832312977983e-04
6.375516536005641256e-03
3.939063059597146417e-05
7.418218584632273183e-02
5.660092368498735199e-06
3.749962615487287959e-02
6.098436739762914602e-03
9.912195583102755165e-07
2.021084933482881346e-02
3.166203086362920412e-07
6.822798906616212369e-03
4.472256829344035492e-06
1.051911882049241359e-06
1.407162475160047936e-02
4.676576329001459753e-03
2.227292973688735009e-02
1.002999927074543426e-02
2.220791720975809347e-02
3.911530629074123216e-02
2.887029494907826033e-04
5.020105875142698293e-03
1.609115643675657764e-02
1.581514841627566886e-06
8.106257457029586444e-03
2.026221436662906106e-02
1.833689076206338267e-02
9.367633503078674762e-02
9.371073832904236456e-02
1.194180654898520100e-01
3.732546177825282752e-02
2.601080476514296483e-02
2.759623338010780413e-02
6.366192643909030814e-03
2.660430370137306308e-02
1.396788328130038094e-02
1.807908413336080638e-03
3.480685804259280557e-03
1.853359297186616197e-02
2.075985127467702002e-02
1.215234132458782590e-02
3.658278326541983174e-03
1.285156838017712487e-03
4.567069387215319694e-03
9.711356893463913282e-06
2.273486583735915851e-04
7.253197750042393718e-04
4.136261556566797441e-03
1.412782832279786162e-02
1.016190425670155176e-02
1.284831756631117823e-02
3.976157730383954834e-03
6.987175843797574504e-02
3.378544224275379770e-03
7.007554480144689672e-03
8.824933222622330375e-03
1.549067045731035430e-02
2.190203358959150193e-02
1.025626366858743976e-01
5.447737738848974776e-02
3.373422322659225953e-02
6.124743956910060766e-02
4.746411396202981220e-02
2.886698587584326289e-03
2.600690934869178718e-03
3.929912177766699362e-06
4.223606111363136759e-05
7.787490220212257841e-02
1.455007342047623213e-02
8.183397055493257799e-03
5.882515029581321386e-03
3.561350452216725110e-02
5.622239263574632185e-05
4.604467259542316675e-04
2.117755988025275555e-03
1.117848390161927432e-04
2.963636576372146586e-04
4.048095957737394418e-03
2.887424593030727803e-03
3.510575610636119080e-03
4.357990367271373858e-03
5.966294765142997163e-03
1.710744812892295644e-02
9.575484374963099191e-03
6.864780098665425670e-03
5.143108266049718248e-03
2.186814797755397364e-03
1.530914452220396519e-03
1.686432547500505514e-03
1.187202626105141740e-03
2.931854421935626426e-03
7.730790027596644125e-03
1.911517899014757551e-03
8.188970381874480665e-04
5.800290399192642964e-03
4.937289847123784575e-02
5.412482778949212481e-02
7.949902774956633597e-04
3.601302331815575821e-05
2.001647075979591387e-04
1.537648329052833732e-02
5.768057449227204092e-04
6.698621428098619360e-04
3.818013679040757960e-03
2.831231973821631866e-03
1.101846446701167971e-02
4.604308987330340414e-03
1.279894692186997474e-02
7.961443748567140904e-03
7.702484862311449743e-02
2.993727981316336630e-03
4.706939850760194000e-04
2.006173343662211953e-03
8.241482733590439758e-03
1.860619762050297419e-03
5.414887084652990346e-02
4.203578886396027586e-02
4.279561333681215773e-02
1.025334406161650669e-01
1.177466655162811016e-01
4.867633437385915363e-02
5.173548447596968260e-05
4.191638040988857408e-04
3.790548348863403971e-02
5.882360235485091819e-04
8.432228934681009619e-03
9.280367673277514773e-03
2.411847001808568869e-03
2.102710576614507700e-03
1.365424519366462697e-01
1.933162206365701750e-04
3.746324972777027266e-05
6.738645420917973791e-04
2.364691971837232579e-03
7.217842797741124382e-03
4.010188992749057039e-03
2.408301450543347266e-03
3.861319131819462153e-02
1.091505761814952485e-01
8.298342341209283268e-02
3.861823547478270523e-03
8.264101981799966889e-05
8.976975028787620773e-05
8.855868431247418404e-02
8.240634772515861113e-04
3.181441724996150917e-03
3.232281769784471018e-03
1.046249705840534856e-03
1.851984747251684757e-02
6.441808537332398667e-04
1.118781380904082913e-03
7.158926194493339321e-04
1.496890934236975177e-03
3.686556678096918147e-03
3.402145584640661052e-03
5.124738627640072763e-02
8.853304503802292280e-02
1.547652887584600456e-01
9.313624639959569573e-02
5.549786028582049530e-02
8.276813303445607062e-02
4.217001147835115760e-02
5.242178000699743157e-02
3.203502730243609070e-02
3.114542837891397242e-02
6.855931944035741077e-02
8.675121452260688149e-02
9.230650263686741852e-02
2.337139992389593909e-03
1.710047825210863584e-04
2.934115350346670238e-03
3.220104287152791400e-05
9.791511872420290141e-02
7.950260293247000953e-02
4.502712125647632263e-02
7.083879510878364483e-02
4.455913786203000160e-02
6.324875657776028726e-02
4.549504077499731680e-02
3.258565528808166079e-02
4.294449247156373995e-05
4.913619667296953463e-05
8.670866022863836509e-02
6.856934615970280977e-02
1.245603099655111373e-01
2.824202903717115080e-05
1.375010596629822881e-04
4.896856947759915384e-05
9.344728605209268180e-02
2.442784910293020252e-04
7.515301431855347762e-03
8.714458072338664152e-03
4.485645169663442927e-02
6.238637844626971490e-02
6.851422079930341580e-02
5.809107379415232725e-02
2.359431771044396414e-02
5.183188728274973345e-02
6.282600582612938526e-05
3.144316487556080009e-02
5.950544352365102346e-02
2.943708172402319592e-02
1.006099034063213612e-04
1.211340467080071140e-05
3.136296170389080889e-04
8.905204619664121996e-03
3.055604270446541423e-03
2.148839942758095159e-03
1.301973680272704159e-02
5.211458588900609460e-04
3.314158258262290234e-03
3.430725140774140529e-03
2.358189212232577497e-04
9.371912664647224448e-04
1.324321251058034653e-04
2.948230543290185010e-03
2.053027358317742468e-02
9.204357400735987613e-03
2.666882636731158877e-03
1.107140064530263675e-03
1.707787480636945064e-03
1.372517406222767931e-02
1.343077386768315798e-02
5.429223377344056384e-02
6.974731056007985042e-02
3.460441100511537499e-02
8.849280014557708355e-06
4.548214689343621497e-02
4.401638038696225469e-02
4.498319518434610209e-05
1.327191974937315475e-03
4.237701059967497949e-03
2.511372748584874900e-02
3.604373518753404421e-02
3.549757929476760054e-02
4.255041310266290122e-02
3.887435460992507558e-02
5.746978311689165606e-03
4.627678144698594773e-03
6.410622033680278553e-03
1.108060893676872426e-03
3.722424071777338112e-02
3.613812251496150568e-02
8.682833035760446905e-02
1.962737759987430719e-01
4.132188258473876163e-03
1.725435628706621996e-02
2.506857591475536440e-02
2.697326383522360288e-02
3.209065436258577426e-04
9.644816966812030674e-04
1.308575063909009134e-03
1.013286754267179492e-02
6.565748273131123344e-03
7.683546289937045158e-04
8.003959412453259814e-02
5.438623573613179246e-02
2.517006185611551927e-02
8.681617754474906141e-04
3.260055185337658724e-05
1.787957480975458095e-04
5.990378719104062517e-04
8.660926420777702393e-04
6.947282099818151728e-04
1.022813836713059969e-03
9.957443750151490081e-02
1.100351296832287051e-01
5.495797538808933763e-02
4.818214652813671700e-02
4.833163889261254953e-02
3.738388773183682484e-02
3.885089058101294599e-04
3.769865461684485195e-03
3.632987212975028629e-04
5.815392303537612970e-04
3.727712607894746039e-03
3.901559899230241935e-02
4.709180846017525096e-02
5.857431996264729317e-03
1.220127561338321415e-03
4.664430823776612861e-02
4.021719259897917759e-02
1.556555351800594823e-02
2.584592511335116055e-02
2.782979859097209005e-02
2.288959090717731723e-02
3.675989387854256690e-02
1.475192456915013217e-01
1.295760627674556187e-01
9.795004184659274193e-02
2.218633885540848560e-01
3.935659512654353094e-04
3.439676395881915267e-04
1.455837848031395730e-02
5.061828749564416599e-03
2.587533740079021437e-03
4.657563503246661988e-04
7.363857173903050292e-04
6.652209777639888104e-04
1.376304698300385900e-03
1.188562846935148527e-02
1.779067971449309338e-02
1.447773750560553928e-02
5.955446706469210566e-02
4.658641017640441388e-06
5.060526488933505401e-02
1.748784435379271182e-04
2.003495855263109915e-02
2.203749829621651831e-03
6.831596263078552542e-03
4.253540422226038259e-02
2.080919828919924539e-03
1.514530850457824866e-03
4.902036354131917607e-03
3.219211554818191424e-03
4.039690385499021021e-03
4.285928523912184082e-03
8.759192518742867951e-04
3.903016225983841920e-03
2.103989270435794798e-02
1.730402884712592751e-02
6.681227183946750713e-04
2.084432354485404621e-04
5.965005698932410866e-02
4.239968954586804256e-02
5.301956202404507074e-02
6.944344599521172501e-02
7.726774474549069627e-02
1.203007673249899545e-01
1.250497887657781579e-04
1.413274635628018706e-04
4.976258533614104324e-05
7.891253622344988027e-04
1.649861125828233979e-03
1.224461289065202152e-03
1.159370330882992075e-03
1.291839282889097702e-03
6.024145142371191506e-04
5.760522795272262015e-04
1.855735920868162173e-03
2.784055993841084639e-03
1.240894576900776263e-03
2.555670165090367495e-03
1.851427783440499431e-03
5.155222252558114282e-03
1.587806196659133362e-02
1.225458292184056219e-02
1.338688599943960687e-02
3.493994548760156506e-03
1.000524786660856929e-03
1.911754844625903824e-03
1.064558629409355752e-03
8.110736274996302106e-04
1.676734849847317339e-03
7.745937671960086146e-04
2.788074297130573812e-03
6.155141919841934650e-03
7.297589137950073745e-02
5.657783408078595477e-02
2.804021878869101050e-03
1.338245284759609008e-02
1.270536354061347316e-02
2.742084510966003117e-03
1.426467946124776974e-02
6.081375255002307439e-02
2.728294572878960881e-03
3.439097009017774015e-02
4.328699816853973786e-02
2.938218254933980256e-02
2.083936890787822446e-02
3.978953103813673980e-02
3.968845992253463781e-03
3.286544889420225154e-03
4.398736739080700425e-02
2.178782811681583692e-02
5.982931692297016602e-02
3.569182791813515360e-02
8.309011587215617278e-02
5.327123535714084479e-02
2.103542206169828951e-03
3.506358845096323434e-03
2.189305835691811308e-02
2.436463058901371383e-05
7.908070190407602128e-05
6.314017525080813683e-05
1.699757217557966470e-04
2.881558574295170439e-04
3.446243987582924711e-04
5.495553670644577875e-04
1.582015103059832787e-03
6.436483902750261919e-04
3.948267952473046710e-03
1.977211605144630624e-01
9.050101944384394970e-02
3.217082643952627607e-02
5.760046749890835845e-04
4.988246339474342950e-04
3.715972772716643821e-04
1.803771334444021542e-03
2.098776815911583896e-02
2.239317310346516585e-02
1.817290173814450210e-02
3.038498111433456106e-02
2.014815550857261897e-02
4.462526032691347538e-03
3.641842435420974185e-03
1.620774971802277017e-02
1.397978595884682117e-02
5.435012136270972287e-03
5.508058537873686267e-04
1.651757734332172378e-02
7.336903130697533526e-02
1.250097269905197095e-01
4.998471894601952403e-03
4.756855959431827846e-02
2.245824453821755953e-02
1.470840779405436782e-01
7.354809041570906786e-03
1.325427252826876824e-02
7.057951119567756112e-04
1.152329246092377357e-04
6.048513538125819882e-04
5.245428111658685449e-04
3.103955069348808202e-03
6.998430701577425424e-03
2.616011692722839278e-03
1.252459664638403691e-01
1.018613475224627862e-01
1.346868687684264591e-02
3.009596474257361307e-02
3.533121094467572137e-02
2.353431518130503358e-02
6.212755267537138637e-03
4.910531948834551607e-04
5.157735930189092299e-04
1.145456696352673866e-03
2.530031390321239599e-03
6.553871366521037654e-03
7.656129605110365000e-02
6.636865850507579767e-02
3.265874802296290375e-02
1.910715922706763409e-02
7.264490779818556267e-03
1.114978211268500934e-03
4.786395732700077406e-03
6.492048923163146017e-03
6.221672635016986530e-02
8.039360324063170998e-03
1.214620788952045990e-02
3.180098623006479691e-02
4.268525291706126712e-02
5.944048632071172698e-03
3.626862609617759886e-02
5.149753762861460776e-02
8.991597627971960327e-02
1.248021759790877983e-01
6.431177597258448675e-02
2.356320106203785639e-02
1.345398912081942691e-02
5.424639161028373124e-02
1.422370715971230659e-01
9.404338603714020028e-02
6.360970156314428581e-02
1.251259672355081176e-01
1.305134757926894873e-01
1.704310056006598795e-01
3.232775192215014970e-01
3.290936662632650833e-01
3.665082224470678218e-01
2.545208083731893556e-01
3.726259059990343851e-04
4.596674168043735423e-03
1.283893129563197771e-03
2.982107087625648391e-03
1.814073018636237116e-03
5.757643020348603233e-04
1.914639769559445997e-03
4.703261034224608312e-05
1.806276982095451835e-04
3.269408856993076453e-03
6.295322151691155194e-03
6.176961241599798237e-03
1.736217461386624708e-02
4.416723866381750546e-02
1.142540640352055215e-01
8.246926865093164027e-02
1.189118269560911351e-01
6.126487161848434559e-02
4.835556494825511697e-02
2.761099642236561694e-02
1.493300495577253029e-02
5.054213524773153859e-04
7.347175222988069259e-04
1.876487578961217760e-03
3.812552549816748204e-04
2.701027699645204283e-01
2.229455327702589973e-01
3.513348604906988120e-03
4.014513046552705203e-03
1.657298967334110487e-02
2.304353167861044813e-02
1.185420978491331240e-02
2.228623457538490837e-02
1.104851503336362790e-02
4.988902889968421794e-03
8.708790651739479333e-03
1.294191710940412361e-02
1.356747974731522567e-02
1.270997082670390077e-02
1.636469580757223333e-02
8.972866982223235332e-05
4.906004218433366280e-04
9.183466376069813683e-03
3.221113728713082772e-03
2.398859124627758348e-03
7.392532675927611374e-02
5.660145427176377364e-02
6.027191944489040942e-02
5.034745370430030592e-02
1.250544273305313585e-02
7.655480173650232312e-02
1.485549722941852634e-02
7.448550593676010745e-02
2.256134699783367281e-02
1.941199088933457610e-03
5.512661077258891422e-03
5.886649526968619657e-03
1.096279986200244042e-02
5.466938666821770723e-03
8.112639523444334366e-03
1.532741119483234209e-02
9.989283419588386448e-02
9.343357902766547332e-03
7.553266911257670857e-02
1.202206078748362938e-01
1.866796791995325167e-01
4.542242856694721914e-02
3.165806881761933089e-02
9.840344895829487848e-03
2.023468900530208878e-02
1.308617899114720290e-02
9.471268762538995190e-03
1.821694611612982573e-02
3.425716857920412667e-02
4.339105328264743905e-02
4.864572114183600242e-03
1.897012853831861121e-03
9.180854804720991677e-03
1.488675766888630791e-02
2.739743344641257586e-02
4.106763022114669898e-02
3.259446124973962300e-02
1.036293680938728673e-01
3.465396175622414976e-02
8.829924141833694375e-04
9.995358786078305940e-03
8.424873620584980363e-03
2.982210946330287465e-02
3.824898263807763321e-02
1.823108471196520364e-02
2.804899700926948014e-02
3.524804375568516002e-02
3.990552423953296762e-02
2.143291332830295519e-04
5.858540498556395748e-02
3.307548708470852729e-03
8.644210384593200430e-03
2.263615817822908771e-02
3.252452388205621936e-02
5.451988354473961962e-02
4.944345051565147281e-02
5.595320123745261415e-02
7.993357757122442064e-02
8.516691186293914168e-03
6.131185737424156177e-04
1.911342716409244677e-02
4.602648930029019925e-02
3.210492675372704930e-03
2.288361009911145036e-02
3.288270570412584609e-02
4.301819641752802764e-02
9.419462632684443004e-02
2.665499341475162376e-02
8.753407641217555990e-03
4.108131208328909961e-02
9.082568302743225519e-02
6.474694281033313570e-02
2.656392081783987003e-02
1.615103631515414639e-02
2.989978905858266603e-02
7.154561548361450252e-02
4.721283597286130701e-02
4.561595085138279992e-02
4.580615995855726041e-02
5.276163574319817084e-02
4.674728547304118215e-02
2.315938837884615187e-02
4.910223633510608920e-02
1.379825545493319761e-01
1.047216632978192202e-01
9.280434412691616897e-02
1.456535046978773423e-02
2.208198778428510645e-03
4.346202945521511311e-03
1.736857987664843991e-02
8.774224291494125017e-04
2.518451302741849928e-03
8.698966189293718537e-03
2.290160693349459903e-02
8.867257695581604038e-02
2.515842216944787994e-03
1.718209159026440509e-03
8.900585651767061249e-03
1.524578816062750926e-02
3.420786080563754938e-02
2.531847039186359977e-02
5.244303535625348400e-02
8.440164043004724781e-02
1.101081131162857246e-01
4.309663995689018423e-02
4.425468665258755485e-02
6.489881230489645547e-02
3.854006210556875506e-02
6.670942430858109451e-02
4.895955806197865162e-02
8.037704365922625216e-02
6.056696067933488997e-02
4.752112423219858467e-02
1.026216167043361716e-03
2.426831745424881361e-05
2.408691877673234188e-04
7.822399005784817999e-04
6.203010773681064648e-04
2.516093950283428832e-03
6.324417943164437539e-04
1.300896307871272483e-03
1.796001215209498854e-03
4.667386289849129871e-03
1.298694458110110500e-02
1.474547837655595765e-02
1.089832263540152849e-02
1.245911672925884874e-02
1.231256072727044196e-02
4.130889636200490295e-02
1.958726467734460408e-02
1.687852524657336428e-02
9.218383843508239734e-04
1.040078639508895545e-03
1.176435620239523472e-01
2.924585984314242174e-05
1.123447533983860702e-04
8.526674396748789566e-04
6.719584448155974110e-02
1.454288648857560706e-01
1.759641839016117815e-01
3.183304960429183539e-01
2.619384789022635024e-02
8.742207278505272072e-02
8.563313159545769826e-02
6.698882198296053636e-02
1.685754064109296763e-02
1.129901424304847191e-01
1.937890935359500716e-02
1.018451906337221047e-01
5.115567933346860247e-02
1.610851180874915342e-02
4.736284160665093536e-03
2.953491030260405742e-02
2.136026580814903361e-02
2.232740906126959649e-02
3.315286432859854832e-02
5.383521927022244524e-02
6.432648617257917534e-02
4.894180276884353697e-02
8.894757323304573748e-04
1.214762166251199963e-03
6.530430657819199548e-03
2.665788575183871204e-02
6.252569853639802777e-02
3.783880074266020993e-02
1.441483716679600735e-02
3.311774032802800916e-04
2.553703173611591298e-03
1.008522203119266263e-02
3.091692295995012579e-02
5.809566361392706942e-03
1.271308969833266980e-02
3.018428618320608686e-02
2.797135087541607543e-02
5.807518128816073055e-04
3.987301362851914917e-04
1.177551199758009167e-03
2.395755724036922538e-02
3.661905739685314756e-03
8.498979890377622581e-03
4.718112066467161636e-03
7.169767638503040004e-04
8.555594632211083747e-04
3.151172318210618273e-03
2.800593440937615940e-03
9.019544572573444602e-04
1.250841961299415219e-03
6.999544098186975599e-04
1.754534356423812424e-03
8.907165287439578524e-04
4.794776369052624124e-03
2.425581022583255149e-03
2.126865034417035547e-03
2.647476603053656660e-03
1.887878502912170194e-03
3.828730058802619265e-04
2.543552141542062932e-03
5.398283904046068289e-03
1.722378688740122113e-03
3.723474630151608466e-03
1.108266814133945961e-02
6.046366139003784418e-02
5.727356784670742385e-02
5.652736555680865256e-03
4.822353412527268651e-02
3.450994716742275537e-02
3.536395151789124142e-02
7.128446021924648990e-02
8.294572928126248135e-02
3.804336173237273661e-02
1.747327658786922838e-02
4.804706880187651491e-02
5.915412256197116747e-02
2.758976355166281244e-02
6.064634694113862218e-02
7.898056789393970156e-02
1.056143856168252904e-01
1.370657702156798941e-01
4.836878215227148614e-02
4.354794921072646478e-03
1.447561719691066451e-02
1.158763924921020570e-03
7.826214651080727266e-03
4.472993580365101224e-03
6.269874475042833128e-03
1.500293816484577283e-02
5.088883484347936532e-03
1.209079799731921021e-02
2.648057083236025205e-02
2.645789888487884564e-04
1.638731067850655171e-02
5.557987731294016139e-03
7.287358063261681340e-03
6.279223662135660113e-03
1.083570297619868179e-02
1.363024355798051421e-05
1.094185082894419099e-04
1.161404050324859401e-04
1.625167655172770373e-04
3.241426249740037187e-03
6.159169710045604706e-03
1.487226589307524306e-02
1.075737979437711711e-03
7.735514878511676358e-03
1.218831516093546626e-02
2.918487976096618974e-02
2.224836154278404723e-03
1.589646916352535416e-03
1.899325880994948102e-03
1.732176260035000461e-03
1.729715447270234463e-03
1.430520414068197710e-03
2.547259494348790704e-02
3.381103638837776315e-02
2.103874265536244056e-02
2.026920113653526458e-03
1.790617860323618542e-03
4.425552782606075562e-04
3.400202916746186514e-03
3.861943426284625280e-03
4.328554710071774031e-03
4.126260568061444756e-02
1.407735568050397928e-02
1.275530717494358784e-02
1.567644644981238539e-02
1.614431346548587942e-02
2.252800024622550468e-02
1.375992556342831594e-04
2.283534480198718200e-02
2.765334248635963402e-02
4.740993845252226141e-02
2.338646767088786715e-02
1.268252634401499657e-02
2.890381949693936799e-03
1.689079166784609141e-03
1.665348629199470392e-03
1.429831054202926333e-03
1.548453536526392914e-02
2.610079625859880264e-04
4.838242185491557421e-03
9.729542717658327608e-03
2.034132944207821952e-02
1.157389661414000813e-02
1.523030488995404629e-02
2.098612753048828897e-02
1.799784936571437871e-02
3.939587322900284239e-02
2.612453224969471868e-02
3.242980939953472169e-02
3.769770228974361065e-02
3.696737541956388040e-03
7.095640692491939072e-03
1.568961919972148384e-03
4.360270113066660493e-03
2.665380251086615221e-03
3.513776223917852281e-03
1.570281472455594546e-02
2.221102581499245863e-03
4.193384421339692997e-02
2.181257382779950432e-02
1.070414770291822602e-02
1.205573298825975311e-02
1.075235305109723330e-02
1.262613795238732260e-02
1.762738235488158639e-02
1.368252878205382904e-02
5.164672332758303910e-03
4.540618895660469140e-03
4.694529640367586451e-03
2.576385614216988949e-03
2.710999956315836377e-03
2.643689384770142679e-03
2.168214149268142023e-03
1.106567188731748903e-03
3.412237220971797214e-04
4.707559952314177868e-04
2.047659020380470166e-03
2.565447944453205526e-03
2.745919199816441482e-03
3.700725248123851955e-03
2.915685608146304474e-03
1.771092678262834938e-03
6.991582291244424069e-03
1.495477966574836060e-02
3.301393952559508044e-02
5.319953162542388064e-02
4.617837043491139493e-02
4.104452355674290120e-02
3.810583177327507565e-02
5.638946788454362452e-02
6.301182566176703748e-02
8.698799532517240141e-02
3.101929024139906885e-02
1.318758447673933909e-01
2.266316348147178882e-04
1.530341461471750519e-03
3.834411100676615031e-02
2.568394984626188107e-02
5.023880307432141692e-04
1.804507363904301286e-04
1.142531674784756326e-04
3.344117922282614070e-04
2.098329414846966581e-03
2.570417548257746248e-03
3.713063180206153772e-03
2.945063309585092739e-03
4.510332797922319940e-03
2.962793364780849648e-03
2.385980000095007988e-03
1.826340401069322800e-03
2.339179942105608194e-03
3.237122952923035448e-03
2.111836872090113359e-04
1.592621330751024019e-03
1.356447031633874374e-02
4.280287516564417784e-03
2.915088626120412169e-03
9.296486401447236203e-03
4.191837024250470896e-03
2.205109665074687572e-02
1.335745217978701049e-02
1.653596284332400305e-04
5.455956346437500519e-04
1.632379097075757797e-03
9.305457616845927741e-05
1.218529133401450790e-03
7.258907098366752450e-03
2.200992819401517003e-02
2.653020451024298842e-02
6.187235841054190832e-02
5.651094926681300007e-02
1.479418725252459321e-01
6.358113599748084835e-03
1.318877446667140463e-01
4.370615604576392754e-01
2.776845163304227926e-01
7.336793500157243186e-02
1.052993204035919811e-01
2.174669772175790161e-01
2.086022492493765090e-01
1.786479017254832269e-01
2.512849456392905832e-03
1.325309075281670430e-04
8.969899493284838252e-04
1.560221619236161483e-01
1.840446357055208482e-01
5.856929910063746886e-02
1.793224985436272512e-01
4.778503935508423422e-02
2.981370363362287335e-01
1.218952494961954292e-01
1.193245714143832265e-01
1.040379376929274092e-06
3.968305335508063268e-03
1.042639960412910377e-03
1.445649715790154645e-02
1.654555882294478841e-03
1.134453844254162957e-02
1.905965795325309867e-02
5.873257203360478240e-02
1.173624563752302119e-01
8.815704880326827309e-02
9.199651303094301402e-02
2.116987238723527232e-01
2.558562099864025163e-01
3.563853533897001213e-01
7.381066638774005928e-02
1.223121134517904905e-02
6.186654514234156974e-04
3.710350656201952865e-04
6.557571219750701029e-04
3.750678398889585987e-04
1.253008324508014327e-03
2.071589232072428097e-03
1.126440956488157161e-03
1.097489626438123232e-05
5.861225301238453308e-04
6.581990509328738493e-04
6.703609781928326905e-03
2.106153617495275243e-02
2.817719373965283519e-02
1.822352922601530936e-02
5.468027109130071256e-02
1.632128355662907856e-02
6.273692928362164904e-03
1.176421527934041616e-01
1.107668000894244525e-01
1.528330539230774998e-01
3.791879464292802204e-02
9.534076891648516142e-03
3.099811921569551199e-03
2.215640513438824066e-03
1.743251177457528188e-03
8.170160174763480042e-04
8.046028835668008524e-04
6.626210883800638576e-04
3.979091163576140835e-04
1.332279633086229289e-03
8.041861290729580792e-04
2.771094547179381654e-03
2.249241375072309063e-03
6.812335523767737606e-03
5.318926307440029894e-03
3.655108636974419619e-03
1.155406173419605380e-03
4.553363896980609955e-03
1.654182510577619988e-02
2.329552061333398094e-02
4.552305950865355444e-02
3.673608526545769221e-02
1.456454262114035593e-03
5.819004085276279110e-03
5.042103739214718987e-03
6.441780766012210509e-03
2.960556095589804339e-03
1.478215892714122848e-03
1.068629386491332621e-03
2.282963192386771711e-03
3.826842202621135586e-03
2.089460330141086359e-03
1.230480129615685488e-02
6.245639884209807681e-03
1.136828643438258070e-03
1.141989896081880250e-02
1.988677883830856363e-01
8.635138753730038988e-03
1.438366518272513606e-01
1.937973162566964669e-01
9.296930745759287781e-03
1.051639757148690665e-02
1.334285683390861940e-02
1.476621415078508033e-02
1.439460714949732101e-02
1.483870953939509310e-02
9.225697472692938328e-02
6.082617221768795573e-02
4.986679416482698440e-02
5.440238502085729261e-02
1.870517494647608997e-02
2.003696748531028429e-02
1.287366607758246538e-02
7.940718457556616983e-03
1.596933056729268451e-03
9.594872048256930519e-03
8.576914526284425133e-02
5.332027948175724168e-03
5.327021267006056514e-03
1.448122251624413270e-02
7.241627716652232830e-03
7.851293088307526730e-03
5.218110990427255597e-03
1.034272636938463052e-02
7.328241129923776694e-03
1.429982466455790267e-02
1.569678254338212689e-02
1.022080246891121647e-01
8.442577187834312711e-04
4.460751060668436199e-03
5.973693799268125181e-03
8.135224235453339045e-03
1.067681513092579200e-02
6.275940786869299570e-02
1.252563186689989727e-01
1.906771185984085237e-01
1.699797827588210297e-01
2.067330570010892932e-01
2.469574940498590193e-02
3.253464445505930419e-02
1.559955806783206722e-01
3.177233138616519792e-02
1.117399406555208072e-02
1.207520331609895740e-02
1.331065482766940859e-02
9.583370619588594749e-03
1.362949339955296831e-02
7.838529404229846106e-03
8.029272155919527781e-03
1.613020023974880493e-02
3.656627069626849913e-02
2.591442182867390726e-02
3.420321056178089736e-02
3.762215854684596711e-02
3.619806820343960535e-02
2.798601800469112041e-02
1.932763798931708479e-02
1.272777549471489425e-02
4.014281738103616520e-02
6.906589777829652554e-02
3.076132819094891391e-02
2.657714537033756610e-02
8.679069902426839178e-03
1.255941904462211031e-02
2.275695348624632956e-03
5.355326406925474750e-03
4.400864779411194430e-03
9.654950607024096604e-03
1.529787660864304370e-03
3.663246421938156500e-02
7.770488710768799160e-04
1.777215069475983735e-03
5.574958660222357771e-04
6.083589083901874304e-04
1.114353934536993843e-02
9.425105476134270494e-03
1.866834240713427170e-02
2.214089140853440357e-02
3.709712180652958990e-02
3.318893309785164031e-02
3.565101337231461887e-02
8.877216659570126220e-03
3.097683293714851779e-02
1.148203902897399972e-02
1.364026053813232817e-02
2.206942833044325813e-02
2.612595641594566559e-02
1.255893955251762006e-02
5.863736096442508962e-03
5.908126802901533109e-03
1.708378295757529341e-03
2.627618856542569478e-03
4.081233413238319514e-03
4.244778245562266968e-03
3.945589892885396043e-03
2.570825549416119911e-03
6.466653012394883021e-03
8.820498154772258778e-03
1.971799559287188211e-02
3.175601296730194700e-02
1.841512279478315847e-02
9.783859880419309291e-03
5.906652800023518696e-02
9.603967924688294397e-03
9.186408785076772762e-03
7.042583418844035673e-03
1.509872546964965978e-02
1.183373850338965277e-02
1.133101665883065774e-02
8.729738047378966109e-03
2.000904194942915160e-02
3.033702598297804975e-02
3.001844265942190532e-02
2.489514560348548081e-02
2.079656141712901696e-02
5.674743607586794220e-02
4.410531978721868307e-02
2.066218775830625312e-02
1.194487963366037920e-03
2.303790384600115215e-03
5.243203921628819368e-03
1.291843719379831210e-02
2.272731140661480437e-02
2.260305461150370968e-02
4.532129885233817518e-02
3.275533274405283135e-02
2.551288184421957039e-02
9.213582781373078762e-03
5.393489402992696947e-03
9.296805895091776739e-03
1.496323724894205133e-03
4.049413408657914770e-03
1.606777253827043270e-02
1.830147010815395825e-02
2.630968540965390387e-02
1.195501632275661023e-02
1.329991084161722022e-02
3.160960338292552376e-03
6.826890019415083645e-03
1.275641991351432122e-02
1.079334504127333304e-02
6.310926227504384811e-03
1.657063914326482000e-03
3.465033471879685458e-04
9.934949245582560574e-04
1.938276102377296372e-03
3.020737211521243781e-04
6.431456098300460762e-04
1.694798744750088126e-02
5.977495601325028170e-03
6.901238392033331656e-03
1.224462432530145500e-01
1.079139094277912353e-02
1.221411437676894925e-02
8.123894601084155967e-03
1.703843881138507668e-02
1.797593141835714461e-02
3.855115233132942049e-02
4.712080009118083134e-04
1.381738317503245026e-03
2.597780633025580793e-02
4.568022402647902358e-04
2.958596933961203049e-03
2.428906103056779301e-04
1.879046775877612043e-04
2.540385379039295649e-03
6.117085393550656010e-03
4.591171933944114547e-03
6.837186750588307958e-03
1.493880196154356160e-02
2.011979886700961031e-03
3.851104206052168542e-03
9.558123586946130554e-03
2.745027459177628096e-02
4.430634098723227471e-02
2.527083592739480869e-02
8.000313855305522803e-03
1.003632670030806494e-02
3.122474439933443490e-03
4.790110211659352052e-02
6.438180611672160436e-02
6.430403150707915405e-02
2.531576684237442018e-02
8.655239496484341821e-03
1.422551272568831418e-03
1.542722822920276199e-04
2.156488440258406253e-04
1.745785087797730372e-03
1.403794923055422424e-02
2.717567500066160602e-02
2.656459393315079368e-02
1.112455889480735635e-02
2.457388791109485666e-03
1.025991579428692409e-02
5.801487787712208966e-02
2.134335295849698264e-02
6.901626092181492589e-02
7.024162016250269647e-02
6.919659554528980773e-03
3.783841471438249035e-05
5.810880584521073942e-03
1.776311722706044730e-04
3.338840767805773425e-03
3.753644885416666625e-03
4.451341238049957502e-03
1.770766341709267876e-03
1.868700386872068717e-03
8.607915315535291656e-02
4.841314527436774151e-02
4.485898015132331468e-02
3.364959021638999626e-01
1.531417319848286940e-01
8.430957652379179532e-03
8.279997466471854944e-03
1.020183051531408161e-02
8.740653996955984051e-03
6.558492216585535932e-03
1.362140260360379662e-02
7.008088255831549512e-03
1.459777191057683443e-01
6.764059750606775390e-02
5.876096560939477083e-03
3.903438957822212996e-03
2.549926956234711307e-03
7.156936262658044647e-03
6.454792209448219180e-03
3.828330206387728103e-03
3.828370709896600221e-02
2.496743500124273956e-05
3.903505000610635496e-04
1.066456460503606984e-01
3.409863054777326208e-02
4.403852305849691694e-03
3.720405632578139589e-03
5.703346778517681508e-03
5.461589238196657911e-03
3.821735738455824091e-04
3.523932918892562494e-02
4.604671207522743198e-02
3.350950797111857532e-02
3.475244973686041072e-02
2.897424843625436702e-02
4.150551275909259569e-02
5.284465020784046008e-02
1.217386010569700139e-01
7.176694418369546080e-02
5.327147884327458616e-02
1.315883499958412153e-02
7.457760337690830937e-03
6.601757102388021436e-03
8.842512122221148421e-03
8.613511499910341332e-03
1.988865203482778621e-02
1.254628635693172400e-02
2.640985643167092015e-02
6.716285647646727530e-02
6.859276030703961857e-02
4.510486726126660545e-02
4.478922733535971312e-02
6.331844535662924101e-02
6.980808520581339126e-03
2.482831006292733275e-03
3.803521820133058066e-03
7.537259206668164846e-02
1.040318783738930358e-01
1.369368517272619434e-01
6.792344337938456544e-02
2.157181696076988509e-01
9.561070337599021640e-02
3.125894421638405769e-03
1.431633628873421084e-02
5.892587918570554167e-02
1.083531414794428743e-02
4.851022391299681935e-01
2.387078894241283829e-03
2.637984173549416927e-03
6.908253551683569103e-03
8.167600877210962063e-02
2.357546095552385049e-02
3.561856178796456163e-02
1.247756787757078045e-01
2.281805941939359442e-02
1.368019799386052844e-02
3.724565404882906189e-02
2.518859113074764511e-02
6.065387371004041239e-02
2.276863101122442081e-03
1.300791011780081698e-02
7.311308716857447404e-03
1.383978425387882806e-03
7.317041942709165327e-04
1.146180106227054178e-03
9.062767082313312418e-04
1.158395570030979448e-03
7.292849514354990360e-04
5.173008177104650163e-03
1.992267853108501893e-02
2.682145576735671735e-02
6.608727401547265928e-03
1.252634719500092400e-03
1.219397825530366825e-02
1.845168320593519248e-02
1.471453870115324754e-02
2.538910231847439983e-02
3.029662253492822546e-02
1.439448833547585238e-02
5.387429694881647885e-02
4.119207345070102083e-02
8.476100465990864252e-03
7.044778838450438223e-03
2.435152908022040260e-03
5.607187001890859453e-03
6.007528362329066750e-03
8.627021637466973647e-03
1.441103967775769681e-03
1.080808389304908738e-02
1.737805332641233214e-02
9.563996569391738575e-03
5.720585519808960018e-03
2.611669090698951617e-02
1.891473039330741641e-03
1.060435425405632792e-01
3.491558974079353710e-03
2.217796339327338540e-03
7.082065872964590390e-04
9.003133658712973676e-04
1.790021338189176896e-03
2.129076522172382302e-01
2.465180755430722292e-02
1.634267580730655242e-02
3.153836334663544239e-02
3.901958312500613136e-03
1.189774089761103928e-03
6.361504439634479459e-03
1.857471084711070225e-02
3.526335489428290143e-02
4.442911312787539702e-02
4.752559849170147344e-02
5.266475783167398617e-02
6.117298259814775430e-02
2.021544752993633537e-02
1.273852701392862532e-04
1.497176550172500458e-03
7.796961322064711094e-04
2.555067037600602595e-03
5.454744919790588398e-03
1.213181022049336991e-02
9.807477453241189580e-03
8.384726337882222533e-03
2.915102716768168054e-02
7.655008181628086827e-02
6.969036695751439081e-02
1.136766578024428209e-01
1.162795930442479808e-01
3.497380333190435765e-03
1.034537648928723561e-03
2.511624086352590938e-03
3.860051832542643960e-03
2.270856523275807115e-01
2.052238125277734693e-01
5.646310865531867923e-02
2.274589073360650318e-02
4.903423719544128256e-02
5.492280197732780922e-02
2.383613978331322256e-02
3.702749735879853985e-03
1.296333501685371405e-02
1.902275765600132396e-02
2.375793598912535540e-02
2.887629788153524280e-02
2.189995122525599872e-02
1.407529318104558727e-04
2.111165588439389959e-04
2.495295458604343975e-03
4.640423584715325928e-03
1.632318398112051622e-02
8.215891494127509215e-03
2.703340428716558344e-02
1.759393862585155802e-02
1.300263070205349286e-02
1.623711610302946626e-02
1.910968971639797828e-02
2.521822643756307589e-02
1.662066793207585269e-02
1.019658837087008760e-02
3.606613055699457466e-03
1.699160449121986036e-03
7.144187559899114678e-03
6.388600833160736070e-03
6.403341533144047033e-03
1.136119651855794057e-03
4.555017177205908873e-04
1.095360578721892540e-03
8.073870713634981322e-04
5.164771385590802202e-04
4.870181765304853029e-04
3.518746716728109267e-03
4.858424075269531135e-03
3.444619158534875224e-03
2.558199141194163282e-03
4.928668413970358625e-03
1.645189742022179838e-02
3.438965764134652679e-03
6.615670583011601814e-04
6.442152707594420592e-04
3.124135206716259147e-02
2.029577610365978536e-03
3.560712377922380621e-03
3.654569122764499394e-03
5.705596277494058392e-03
1.476172195105909850e-05
1.158556755886924970e-05
4.980793393275688777e-03
8.280415102864429819e-03
4.392490385253683405e-02
2.639935592696886213e-02
1.608448646560421691e-03
5.647201199745135493e-03
1.975331332927502889e-02
5.174340970842977554e-03
9.031070882842068964e-03
5.219964678636813092e-03
3.671666446310863346e-03
7.911295177471404372e-03
2.169662186796682615e-02
1.710576824621191927e-02
2.130451259100667183e-02
2.776834167079956020e-02
2.554840966425579729e-02
2.501628901267896263e-02
4.360635763894126632e-02
5.507903560800272297e-02
4.534991411178945081e-02
3.538916032587818838e-02
4.005500819609750240e-02
6.935012073720360493e-02
1.961361239820778035e-01
8.394594557557955028e-02
1.064937020469037127e-01
1.490076724495558824e-04
1.139473717947566689e-01
1.174667989765287301e-01
7.826549758260051282e-02
5.319446216194959748e-02
6.046509258317778884e-03
6.163991678664267754e-03
5.082695397914653405e-03
4.876154310270647448e-03
3.231400453046431864e-02
2.621564723950909823e-02
1.023008764416616194e-02
1.834341027022072523e-02
6.314341051135720882e-03
1.503524246343643060e-02
1.168214130123716808e-03
6.063600840918851632e-04
4.283506677215068864e-02
5.364537902339707164e-05
2.690732329683792785e-04
4.103316472675497782e-04
6.622763843487403101e-02
1.705138942464596435e-02
1.591870287699927167e-02
2.774241629523744798e-02
1.707529745057954906e-02
2.604246721590949831e-02
2.831914288025484325e-02
4.046229723824302377e-02
7.072446987060874990e-02
9.555516484084902382e-03
1.909255043619028647e-01
2.126592661188517752e-01
1.448891916528683987e-01
2.730194885174043185e-01
1.226588563239979918e-01
2.063134639401391964e-04
2.566353201248924160e-02
8.347675783010234662e-02
6.659486422086979135e-03
2.185300137431558376e-01
3.619304906362418028e-02
1.720960402495662778e-03
3.208524502239170750e-03
1.833755287489806872e-04
1.926135320942195823e-03
7.729307474734412736e-03
2.937068210453384898e-02
6.388484743898598106e-02
3.887671676186676278e-02
9.481094144139082854e-04
4.058038950042739713e-03
2.098852368680395250e-03
1.375692515913537195e-01
6.515958578657821132e-02
3.022473103956128601e-02
4.481530123539912563e-02
2.999212450067296164e-03
6.280440695987356487e-04
6.046606697455703811e-03
1.259256583720638235e-02
2.456753839980949927e-01
1.248448719825293318e-01
1.556628318016914370e-01
4.305769439925881512e-04
2.048114217042063326e-03
1.717402024168850441e-04
2.774303789323918175e-04
5.531095208912379995e-04
7.086643319055732464e-04
1.893463007213908034e-03
5.606689806746664251e-04
9.693143140278421242e-04
1.119005282958243381e-03
7.283953718950280732e-04
1.932483502919386071e-03
1.652747241901789653e-04
5.098889387420271811e-05
1.597942785072585916e-04
2.254007456371542374e-04
2.340187597447001243e-03
2.197937318399508216e-03
2.894794448589312844e-03
1.605834317660114353e-03
1.314346063500786968e-03
5.234550110896250656e-03
1.736909951349386444e-03
6.349696204156886868e-03
2.611601540917740660e-02
3.860271686754456442e-03
1.699834304832083254e-02
1.709238665476578434e-02
3.103609597451031932e-02
1.040593454061255162e-02
1.922109493174730538e-02
1.338222048581164982e-02
6.356931688388356427e-02
1.546432062886760224e-02
6.548356279845003909e-03
1.670416336306062774e-02
4.471689152562093213e-03
6.401807077199974522e-03
2.349668412004083263e-03
4.839231742874421094e-03
3.090853880562924403e-03
3.741925656756038554e-03
3.906927833903668483e-03
6.981764832703778872e-03
9.710340486640007401e-03
6.926297082429115279e-03
6.343677887932707218e-03
6.951325285181414460e-03
1.303548689374880824e-03
4.907683015325823786e-05
3.247979186079940316e-03
3.019945336927402652e-03
1.237518671587428676e-02
2.018455298623941276e-03
7.939181918398729911e-05
2.877328829713255202e-04
1.043948331177169727e-03
5.510864430518139885e-04
8.780356030713626359e-02
4.663979923380769804e-02
4.159455395119883436e-02
1.099646601689201059e-01
1.541164867353863113e-02
1.186958540884169855e-02
3.997370884413345600e-03
1.614785625573073686e-03
3.944625896885255406e-04
1.026833990340256936e-01
1.941318947035434658e-02
2.026944885963979578e-02
2.266649193087062752e-01
5.928251453317092551e-02
4.476291569725925588e-03
2.180332807696933051e-02
2.868221244867417974e-02
2.853904607671439633e-03
1.997108387591977653e-03
4.758803845145920947e-03
5.626555548927384331e-04
6.661851483932429169e-04
3.550204371111619246e-03
1.133631417055474405e-02
