datetime,total_mass,aitken_mass,accum_mass
2016-08-16 09:00:00,3.161583070095246,0.05474942754177509,3.106833642553471
2016-08-16 11:00:00,3.4544203652111904,0.0591535484361095,3.395266816775081
2016-08-16 13:00:00,4.612883151164276,0.033861597256367185,4.579021553907909
2016-08-16 15:00:00,5.0739424084948475,0.05196230012120002,5.021980108373647
2016-08-17 11:00:00,4.2744578659346235,0.38079014654478643,3.8936677193898372
2016-08-17 13:00:00,4.048969886285397,0.3896684193194389,3.659301466965958
2016-08-17 15:00:00,3.1343008996213837,0.1236657636187375,3.010635136002646
2016-08-17 17:00:00,3.4345593347683536,0.16227455781417657,3.272284776954177
2016-08-17 19:00:00,3.366558395384102,0.010572026662696039,3.355986368721406
2016-08-17 21:00:00,4.022109330091243,0.02884295577631922,3.9932663743149233
2016-08-17 23:00:00,4.346411417392049,0.03834698577324439,4.308064431618805
2016-08-18 01:00:00,4.094568328274055,0.029220431577514784,4.06534789669654
2016-08-18 03:00:00,4.626879957971273,0.019358871932295893,4.607521086038977
2016-08-18 05:00:00,3.809412311324127,0.010601002276909617,3.7988113090472173
2016-08-18 07:00:00,2.5362286593641743,0.11208005466081469,2.4241486047033596
2016-08-18 09:00:00,4.65163562381518,0.4485949431149932,4.2030406807001865
2016-08-18 11:00:00,4.5129829906006815,0.9165462180911343,3.596436772509547
2016-08-18 13:00:00,4.958909996736918,0.23201750436397375,4.7268924923729445
2016-08-18 15:00:00,6.499909992968795,0.29116658857692884,6.208743404391866
2016-08-18 17:00:00,4.641332370868726,0.13106519061857372,4.510267180250152
2016-08-18 19:00:00,6.103718490831219,0.2502009901245023,5.853517500706717
2016-08-18 21:00:00,6.513569586763018,0.32966276781171955,6.183906818951298
2016-08-18 23:00:00,4.7996139072429935,0.12800319454991566,4.671610712693078
2016-08-19 01:00:00,5.916833359970787,0.5824884906998721,5.334344869270915
2016-08-19 03:00:00,6.01304174701279,0.6104402630105538,5.402601484002236
2016-08-19 05:00:00,6.540029893104957,0.5417630165836211,5.998266876521336
2016-08-19 07:00:00,6.75421770342799,0.48623066040159624,6.267987043026394
2016-08-19 09:00:00,7.771900280772694,0.7224893429812947,7.049410937791399
2016-08-19 11:00:00,5.853726851839275,0.19842623680394914,5.655300615035325
2016-08-19 13:00:00,7.022358822511644,0.1498784035589765,6.872480418952668
2016-08-19 15:00:00,5.539438658352361,0.041947639011445825,5.497491019340915
2016-08-19 17:00:00,5.245849568249306,0.004027094760898371,5.241822473488408
2016-08-19 19:00:00,3.4202247275887774,0.0059018509656974085,3.4143228766230798
2016-08-19 21:00:00,4.736030602318973,0.21852115283352552,4.5175094494854475
2016-08-19 23:00:00,5.326673573288687,0.5689533563137184,4.757720216974969
2016-08-20 01:00:00,7.134291311487502,2.5053814083527914,4.62890990313471
2016-08-20 03:00:00,7.894107526383812,4.099736725508618,3.7943708008751944
2016-08-20 05:00:00,7.913004306189691,1.578970714124318,6.334033592065373
2016-08-20 07:00:00,9.596087806932069,3.55755491432772,6.038532892604349
2016-08-20 09:00:00,12.877755027359033,2.830827601485433,10.0469274258736
2016-08-20 11:00:00,17.03333848399123,1.9300450982673052,15.103293385723923
2016-08-20 13:00:00,9.731467046680526,1.2339337462526332,8.497533300427893
2016-08-20 15:00:00,8.160133187426652,0.6613349643775147,7.498798223049138
2016-08-20 17:00:00,1.973134236979127,0.0021014193072007342,1.9710328176719263
2016-08-20 19:00:00,3.070165895022271,0.0072420732991514076,3.06292382172312
2016-08-20 21:00:00,3.5451686289270947,0.01379771992811469,3.53137090899898
2016-08-20 23:00:00,3.805553571159139,0.032312702188593646,3.7732408689705452
2016-08-21 01:00:00,4.233098742356996,0.07871083598186214,4.154387906375134
2016-08-21 03:00:00,4.216817856326549,0.1421000498726749,4.074717806453874
2016-08-21 07:00:00,4.8336243347647825,0.26838122419899973,4.565243110565783
2016-08-21 09:00:00,5.427198647547124,0.6387964233449848,4.788402224202139
2016-08-21 11:00:00,3.9466534917965403,1.0595556750620476,2.8870978167344927
2016-08-21 13:00:00,5.957010358695578,0.009134282918813701,5.9478760757767635
2016-08-21 15:00:00,7.450423543417146,0.02440823177224066,7.426015311644905
2016-08-21 17:00:00,8.610379805561214,0.027017148209927035,8.583362657351287
2016-08-21 19:00:00,10.829847592712204,0.01302599243411604,10.816821600278088
2016-08-21 21:00:00,16.2745326267632,0.10412925437108385,16.170403372392116
2016-08-21 23:00:00,20.075633234243423,0.3901452463955066,19.685487987847917
2016-08-22 01:00:00,18.325324621165098,0.4071902245347669,17.918134396630332
2016-08-22 03:00:00,17.889900478795777,0.27914480427636473,17.610755674519414
2016-08-22 05:00:00,21.034921468798558,0.4625815000209573,20.5723399687776
2016-08-22 07:00:00,17.25094555017717,0.21867499922926428,17.032270550947906
2016-08-22 09:00:00,17.079197629231118,0.20091736214214373,16.878280267088975
2016-08-22 11:00:00,17.87164676683834,0.16568486954729134,17.705961897291047
2016-08-22 13:00:00,14.535714530901837,0.2034930734280482,14.33222145747379
2016-08-22 15:00:00,10.783292433396518,0.24229151136026403,10.541000922036254
2016-08-22 17:00:00,7.039975712912197,0.01665720484253193,7.023318508069665
2016-08-22 19:00:00,9.764159441413144,0.25333274479019313,9.510826696622951
2016-08-22 21:00:00,7.9612895234068555,0.43771290295241483,7.523576620454441
2016-08-22 23:00:00,6.9328726847134465,0.40018000241535995,6.532692682298086
2016-08-23 01:00:00,6.9582949543750585,0.5017406946675187,6.45655425970754
2016-08-23 03:00:00,7.5763913433886145,0.5984833557877134,6.977907987600902
2016-08-23 05:00:00,7.459984525039626,0.5684924047303016,6.891492120309325
2016-08-23 07:00:00,8.769872606339469,0.48849106714778256,8.281381539191687
2016-08-23 09:00:00,7.949020142135107,0.4880324849743113,7.460987657160796
2016-08-23 11:00:00,9.451997204706753,0.411456672656933,9.040540532049821
2016-08-23 13:00:00,9.486055368292245,0.38939259546936533,9.09666277282288
2016-08-23 15:00:00,11.122432715382137,0.900664293792387,10.22176842158975
2016-08-23 17:00:00,8.826583082419159,0.9316929983591471,7.894890084060012
2016-08-23 19:00:00,8.69815633479546,0.589511009342871,8.108645325452589
2016-08-23 21:00:00,8.093539301345345,0.4470356313299603,7.6465036700153854
2016-08-23 23:00:00,8.293040527999079,0.47112776770475995,7.821912760294319
2016-08-24 01:00:00,7.604863456498944,0.2991798481361418,7.305683608362803
2016-08-24 03:00:00,6.90419474225658,1.1206859914267573,5.783508750829823
2016-08-24 05:00:00,3.9053391245337585,0.17410830650373646,3.731230818030022
2016-08-24 07:00:00,8.424256128695347,3.0196765508268877,5.40457957786846
2016-08-24 09:00:00,4.261119222160253,0.300613854248156,3.9605053679120967
2016-08-24 11:00:00,3.613047740619406,0.24254334171172937,3.3705043989076766
2016-08-24 13:00:00,1.5575572976602603,0.002668299918700562,1.5548889977415596
2016-08-24 15:00:00,1.4878506970070562,0.02818208595799049,1.4596686110490658
2016-08-24 17:00:00,3.2951638709757294,0.24922799626814,3.0459358747075895
2016-08-24 19:00:00,3.374494722325096,0.21451503836928362,3.1599796839558123
2016-08-24 21:00:00,4.942663881533359,0.5160951149535845,4.426568766579774
2016-08-24 23:00:00,3.048860654926491,0.9002705091270443,2.1485901457994467
2016-08-25 01:00:00,2.321323205119474,0.7717985323422378,1.5495246727772358
2016-08-25 03:00:00,6.774175061123946,0.5864762315494692,6.187698829574478
2016-08-25 05:00:00,2.4749149420171404,0.5607731310051827,1.9141418110119577
2016-08-25 13:00:00,11.414348201234708,0.9866591710020305,10.427689030232678
2016-08-25 15:00:00,6.587629392851708,0.27193001688621393,6.315699375965495
2016-08-25 19:00:00,3.7627769911211644,0.0021780603311527063,3.7605989307900116
2016-08-25 21:00:00,1.987643100249309,0.11104222397104485,1.876600876278264
2016-08-25 23:00:00,4.505164649349923,0.6921685417535411,3.812996107596382
2016-08-26 01:00:00,3.9121100849799144,0.901496651270862,3.0106134337090524
2016-08-26 03:00:00,3.804049155086114,0.7626889125049598,3.0413602425811543
2016-08-26 05:00:00,3.4911608935483915,0.19176724607784923,3.2993936474705423
2016-08-26 07:00:00,3.4201555579017278,0.09753507224687923,3.3226204856548485
2016-08-26 09:00:00,3.850636267343061,0.21764940076388456,3.6329868665791767
2016-08-26 13:00:00,2.8517792020386343,0.6982639775279507,2.153515224510684
2016-08-26 15:00:00,3.4699827686950604,0.36795810791127354,3.102024660783787
2016-08-26 17:00:00,4.388503309633095,0.8155477462463907,3.5729555633867047
2016-08-26 19:00:00,1.6761817930737068,0.08866458716541775,1.5875172059082892
2016-08-26 21:00:00,3.088355398179135,0.534654755969017,2.553700642210118
2016-08-26 23:00:00,9.414145306609687,3.0684667514808774,6.34567855512881
2016-08-27 01:00:00,16.175278551379936,3.907975458851701,12.267303092528234
2016-08-27 03:00:00,15.841520375419579,1.5074913660035363,14.334029009416042
2016-08-27 05:00:00,14.97056075297941,1.347885059704543,13.622675693274866
2016-08-27 09:00:00,3.44328379736983,0.27341857714639467,3.169865220223435
2016-08-31 09:00:00,2.839196538681615,0.7877791495649611,2.0514173891166543
2016-08-31 11:00:00,2.100816653780228,0.42755639622610175,1.6732602575541262
2016-08-31 13:00:00,2.5042920192820044,0.0023067548289036183,2.5019852644531007
2016-08-31 15:00:00,7.024242646056605,0.31555669159769906,6.708685954458906
2016-08-31 17:00:00,7.853735210286998,1.3879550579716045,6.465780152315394
2016-08-31 19:00:00,6.491921631167903,0.8972807527683432,5.59464087839956
2016-08-31 21:00:00,6.556664884139378,1.250096508340028,5.30656837579935
2016-08-31 23:00:00,5.106010291402023,2.0784673547252557,3.027542936676767
2016-09-01 01:00:00,7.250082398065992,0.7495361897145744,6.500546208351417
2016-09-01 03:00:00,9.82063406079633,0.6144242818114184,9.206209778984912
2016-09-01 05:00:00,8.947214969293187,0.5735037998334586,8.373711169459728
2016-09-01 13:00:00,10.843344774924882,0.3015657037591074,10.541779071165774
2016-09-01 15:00:00,8.894019942776032,0.030163569946209386,8.863856372829822
2016-09-01 17:00:00,7.020649556174633,0.006938840435889023,7.013710715738744
2016-09-01 19:00:00,6.755593660697233,0.016044620986933208,6.7395490397103
2016-09-01 21:00:00,7.294088348085668,0.03222491583254801,7.26186343225312
2016-09-01 23:00:00,7.824918000054663,0.021706835073327088,7.803211164981336
2016-09-02 01:00:00,9.788574960654632,0.06027446486774252,9.72830049578689
2016-09-02 03:00:00,9.531204528363894,0.06553002408778735,9.465674504276107
2016-09-02 05:00:00,8.618767829241115,0.8166531678471366,7.802114661393979
2016-09-02 07:00:00,8.284193886094757,1.3419760328104395,6.942217853284317
2016-09-02 09:00:00,7.843010754474534,1.4279767324075368,6.4150340220669975
2016-09-02 11:00:00,5.750534336803102,1.2905791242454283,4.459955212557674
2016-09-02 13:00:00,3.81032761772329,1.236134500735211,2.574193116988079
2016-09-02 15:00:00,2.7367276532989253,0.004614630068911048,2.7321130232300144
2016-09-02 17:00:00,2.9024378423765143,0.3766321939549585,2.5258056484215556
2016-09-02 19:00:00,1.0085244692950335,0.23461576499544867,0.7739087042995848
2016-09-02 21:00:00,0.6924451673986438,0.43241186768570916,0.26003329971293465
2016-09-02 23:00:00,0.9157039252872294,0.5768740518507854,0.33882987343644405
2016-09-03 01:00:00,1.1420742537210333,1.0542845236458798,0.08778973007515349
2016-09-03 03:00:00,1.2606690066687978,0.8478181997283617,0.41285080694043613
2016-09-03 05:00:00,1.745112291021531,1.0815947069385266,0.6635175840830045
2016-09-03 07:00:00,1.9711717582372954,0.8983332851597676,1.0728384730775278
2016-09-03 09:00:00,2.7353387766049666,1.122810485424691,1.6125282911802754
2016-09-03 13:00:00,1.2707570468970808,0.8571712869654149,0.41358575993166596
2016-09-03 15:00:00,1.3980420086004384,0.8595808209743955,0.5384611876260428
2016-09-03 17:00:00,1.802238956861204,0.7645493651057845,1.0376895917554194
2016-09-03 19:00:00,2.5422003845309398,0.1417489131284749,2.400451471402465
2016-09-03 21:00:00,2.012920892322393,0.7073436328957066,1.3055772594266866
2016-09-03 23:00:00,1.839981552557994,0.7882022415117951,1.0517793110461988
2016-09-04 01:00:00,1.798330364967414,0.7908089073683281,1.007521457599086
2016-09-04 03:00:00,2.096063150733786,0.4909108098200528,1.605152340913733
2016-09-04 05:00:00,1.3426290532829186,0.5976639532965916,0.7449650999863269
2016-09-04 09:00:00,1.6290186149920198,0.688354241669651,0.9406643733223687
2016-09-04 13:00:00,0.9645392485441412,0.5043289080428348,0.4602103405013064
2016-09-04 17:00:00,0.7649863352136361,4.651014988512628e-05,0.764939825063751
2016-09-04 19:00:00,0.9230398628898574,0.6098471400079175,0.3131927228819399
2016-09-04 21:00:00,1.2683311616151869,0.8071684424854432,0.4611627191297438
2016-09-04 23:00:00,2.5250478840676442,0.9805748701409953,1.544473013926649
2016-09-05 01:00:00,4.477081026296469,3.6557429140268853,0.8213381122695835
2016-09-05 03:00:00,4.3561045928190385,2.356338098945526,1.999766493873512
2016-09-05 07:00:00,4.331850058022839,9.724405528149151e-05,4.331752813967558
2016-09-05 09:00:00,4.7386240456283595,3.6064287249159337,1.1321953207124253
2016-09-05 11:00:00,4.9641342706363165,0.000582717959919249,4.963551552676397
2016-09-05 13:00:00,4.4262525792280405,0.4708291760676262,3.955423403160414
2016-09-05 15:00:00,2.338747447099218,0.2577299415096077,2.0810175055896103
2016-09-05 17:00:00,1.8769985075504323,0.4211888576804,1.4558096498700324
2016-09-05 19:00:00,1.7112705120903806,0.23388828555200866,1.477382226538372
2016-09-05 21:00:00,2.4461317474086295,0.36583994921931784,2.0802917981893114
2016-09-05 23:00:00,1.6795615595499913,0.4676990254484454,1.2118625341015459
2016-09-06 01:00:00,2.003288051878587,0.7171269811298897,1.2861610707486972
2016-09-06 05:00:00,1.051589837647263,0.730232108307914,0.3213577293393489
2016-09-06 07:00:00,1.1844026773419816,0.9943641750979878,0.19003850224399385
2016-09-06 09:00:00,36.94132037675084,0.8149909036157668,36.12632947313507
2016-09-06 11:00:00,0.813320878041127,0.5572639477189977,0.25605693032212923
2016-09-06 13:00:00,2.769452812556416,0.06548696150919497,2.7039658510472213
2016-09-06 17:00:00,3.018270819200514,0.0959210345780028,2.922349784622511
2016-09-06 19:00:00,2.981086940966109,0.11593729578683862,2.86514964517927
2016-09-06 21:00:00,3.2408212375726304,0.016523547204077747,3.2242976903685525
2016-09-06 23:00:00,3.928648512119596,0.009467792719998046,3.919180719399598
2016-09-07 01:00:00,3.4545385589016293,0.013501034388570692,3.4410375245130584
2016-09-07 03:00:00,3.4149164826538447,0.032212343454505916,3.3827041391993387
2016-09-07 05:00:00,3.4807460143415025,0.04045381931954857,3.440292195021954
2016-09-07 07:00:00,3.6207278865381705,0.07319693234062276,3.5475309541975477
2016-09-07 09:00:00,5.237248861505246,0.13089681104327455,5.106352050461972
2016-09-07 11:00:00,4.012308904559801,0.2852848059403882,3.7270240986194128
2016-09-07 13:00:00,0.18316937324374974,0.006693331540257394,0.17647604170349235
2016-09-07 15:00:00,0.21675928614200551,0.00650835886942316,0.21025092727258235
2016-09-07 17:00:00,1.1358225321797584,0.20448879683402818,0.9313337353457303
2016-09-07 19:00:00,2.3033177535564335,0.2676696518235854,2.035648101732848
2016-09-07 21:00:00,2.264585975206832,0.2660142396817558,1.9985717355250763
2016-09-07 23:00:00,0.9365595778281991,0.0725205666895529,0.8640390111386462
2016-09-08 03:00:00,1.5174170209029163,0.10694332028933357,1.4104737006135828
2016-09-08 05:00:00,1.5022556424960432,0.15596416660320941,1.3462914758928337
2016-09-08 07:00:00,0.4144028354472621,0.06845976849912941,0.3459430669481327
2016-09-08 11:00:00,0.43733699623825417,0.22827814025913554,0.2090588559791186
2016-09-08 13:00:00,0.4893619360899529,0.4454895937451036,0.04387234234484926
2016-09-08 17:00:00,1.3289243425800439,0.4327324020691892,0.8961919405108546
2016-09-08 19:00:00,1.6644640900836936,0.4993380247611961,1.1651260653224975
2016-09-08 21:00:00,1.7364122088065246,0.7396220208693973,0.9967901879371273
2016-09-08 23:00:00,1.0499892274605147,0.8752606626277877,0.17472856483272706
2016-09-09 01:00:00,1.2947131778180294,0.9586897590458369,0.3360234187721925
2016-09-09 03:00:00,1.841524078125658,0.7004351638699712,1.1410889142556868
2016-09-09 05:00:00,1.7838540794738327,1.151667789632062,0.6321862898417707
2016-09-09 07:00:00,1.7743140316620383,0.9041202887501641,0.870193742911874
2016-09-09 09:00:00,2.322831698377823,1.2778702891248988,1.0449614092529242
2016-09-09 11:00:00,2.164191227322463,0.36664386767949947,1.7975473596429632
2016-09-09 13:00:00,2.665237615110758,0.000623161247586542,2.6646144538631718
2016-09-09 15:00:00,1.3662874009401527,0.00453538715838934,1.3617520137817634
2016-09-09 17:00:00,1.6369990580161677,0.010080429977266471,1.6269186280389012
2016-09-09 19:00:00,2.034240805595824,0.035144189074452076,1.9990966165213717
2016-09-09 21:00:00,4.224027719494322,0.09675107849916104,4.127276640995161
2016-09-09 23:00:00,6.291055771296531,2.18519738804189,4.105858383254641
2016-09-10 01:00:00,6.002494535543451,2.411489834276028,3.591004701267423
2016-09-10 03:00:00,5.541586153520408,2.402710496789123,3.138875656731284
2016-09-10 05:00:00,3.930027285994077,1.1998201247346132,2.7302071612594636
2016-09-10 07:00:00,3.1375559717260195,0.5933592177492522,2.544196753976767
2016-09-10 09:00:00,2.3205000540997776,0.037781125687739496,2.282718928412038
2016-09-10 11:00:00,3.943348173531139,1.6158891563591198,2.327459017172019
2016-09-10 13:00:00,5.183057586435682,1.3543875831841312,3.8286700032515513
2016-09-10 15:00:00,6.783786187264509,0.6662711607992597,6.11751502646525
2016-09-10 17:00:00,8.778433011877965,1.3692922710209672,7.409140740856999
2016-09-10 19:00:00,9.735993161232063,0.7053200904912889,9.030673070740773
2016-09-10 21:00:00,9.606803987993725,1.6352521393514219,7.971551848642303
2016-09-10 23:00:00,7.190132065322479,1.7853080900431222,5.404823975279357
2016-09-11 01:00:00,6.111132410306878,1.5751070090179065,4.536025401288971
2016-09-11 03:00:00,4.3553130345976925,0.8970011333046173,3.4583119012930754
2016-09-11 05:00:00,4.444763010816797,0.03373065349835064,4.4110323573184465
2016-09-11 07:00:00,4.746144246428469,0.7517796456301442,3.9943646007983244
2016-09-11 09:00:00,5.084381838307136,0.11101766009975769,4.973364178207379
2016-09-11 11:00:00,4.7093736947656515,0.024410419106271383,4.68496327565938
2016-09-11 13:00:00,5.280959156723197,0.0026821581264766595,5.278276998596721
2016-09-11 15:00:00,4.632193990138247,0.0018981072830313763,4.630295882855216
2016-09-11 17:00:00,5.284935520656773,0.024487154037419565,5.260448366619353
2016-09-11 19:00:00,5.194119602742113,0.0040553201145170845,5.190064282627596
2016-09-11 21:00:00,5.732765637955088,0.003106431403648838,5.72965920655144
2016-09-11 23:00:00,8.095968551699352,0.2332791298178313,7.862689421881521
2016-09-12 03:00:00,3.2472051921310547,0.35295159854454317,2.8942535935865115
2016-09-12 19:00:00,0.836220547420272,0.04526483861197496,0.790955708808297
2016-09-12 21:00:00,0.763193303133839,0.2332345913089288,0.5299587118249103
2016-09-12 23:00:00,1.0261023302998253,0.6039571153652784,0.42214521493454693
2016-09-13 01:00:00,1.0442510435027752,0.47372308064113555,0.5705279628616398
2016-09-13 03:00:00,1.037573102224713,0.5940154656626285,0.44355763656208447
2016-09-13 07:00:00,1.3008306093914763,0.8492757421459827,0.45155486724549354
2016-09-13 09:00:00,1.6355361490166849,0.9720617514491589,0.6634743975675261
2016-09-13 11:00:00,0.485600251867706,0.0023496159851347995,0.4832506358825712
2016-09-13 13:00:00,0.5018513404625975,0.20637907326888336,0.2954722671937141
2016-09-13 15:00:00,1.6482295407212622,0.29420741375661896,1.354022126964643
2016-09-13 17:00:00,1.4949652878470134,0.17297805292982632,1.321987234917187
2016-09-13 19:00:00,2.111117928229512,0.30219710634370683,1.808920821885805
2016-09-13 21:00:00,2.5571947462879017,0.05708214369327611,2.5001126025946254
2016-09-14 01:00:00,1.8259058359803606,0.9363097164800304,0.8895961195003304
2016-09-14 03:00:00,1.8754011149541092,0.7411869611921633,1.134214153761946
2016-09-14 05:00:00,2.1495456744944863,1.846651486021832,0.30289418847265426
2016-09-14 07:00:00,2.148067991365612,1.3603806091182353,0.7876873822473764
2016-09-14 09:00:00,2.9038499225111503,1.2826958795709917,1.6211540429401583
2016-09-14 11:00:00,1.7200034903193868,0.9255602138467766,0.7944432764726103
2016-09-14 13:00:00,1.6607252839292954,0.7482014970082581,0.9125237869210372
2016-09-14 15:00:00,2.4928648159516906,1.6155129665281014,0.8773518494235892
2016-09-14 17:00:00,2.575984023336035,0.21663696838229238,2.3593470549537425
2016-09-14 19:00:00,3.096332680358825,1.2773316578824907,1.8190010224763344
2016-09-14 21:00:00,3.80274589701171,0.002918375831006767,3.799827521180703
2016-09-14 23:00:00,4.005080381998496,0.0017269773950342121,4.0033534046034625
2016-09-15 01:00:00,4.794415996050645,1.9721814605730141,2.822234535477631
2016-09-15 03:00:00,4.837058402362667,3.1897914399289773,1.6472669624336889
2016-09-15 05:00:00,5.5129828625706585,1.0870119403971061,4.425970922173552
2016-09-15 07:00:00,6.065072959111775,1.2994248212756128,4.765648137836162
2016-09-15 09:00:00,5.563423682407666,3.0126249473873945,2.550798735020271
2016-09-15 11:00:00,4.500889158887763,0.24265451346850783,4.258234645419256
2016-09-15 13:00:00,3.9734217989150356,0.44006580997174793,3.5333559889432875
2016-09-15 15:00:00,4.281817449944973,0.10958412637284164,4.172233323572131
2016-09-15 17:00:00,1.907617177386247,0.09223327426783556,1.8153839031184114
2016-09-15 19:00:00,1.7282465333452097,0.09643168913087169,1.631814844214338
2016-09-15 21:00:00,1.7563137604977264,0.13417174978831317,1.622142010709413
2016-09-15 23:00:00,1.9672082440198908,0.5935701451387118,1.3736380988811792
2016-09-16 01:00:00,1.3694825628840483,0.6737245050863484,0.6957580577977
2016-09-16 03:00:00,0.795126247789825,0.6579651818483725,0.13716106594145253
2016-09-16 07:00:00,1.2272431139824371,0.5057442920334361,0.7214988219490011
2016-09-16 09:00:00,32.77466906039325,0.8476084540605988,31.92706060633265
2016-09-16 11:00:00,2.806988649411284,0.45132689951695554,2.3556617498943284
2016-09-16 13:00:00,2.6142610893619715,0.3188400260085329,2.2954210633534387
2016-09-16 15:00:00,0.33710072325785356,0.0027204326830010286,0.3343802905748525
2016-09-16 17:00:00,0.7835246298091323,0.015845058035805375,0.7676795717733269
2016-09-16 21:00:00,1.623128338313767,0.08679136400351717,1.5363369743102497
2016-09-16 23:00:00,1.5497072808708037,0.23118451939901627,1.3185227614717874
2016-09-17 01:00:00,2.0238854730626246,0.31511444492351,1.7087710281391146
2016-09-17 03:00:00,3.1484603546726935,0.9277895483101074,2.220670806362586
2016-09-17 05:00:00,1.354906009401085,0.5796801133485049,0.7752258960525801
2016-09-17 07:00:00,2.0564658107559506,0.4744937021738874,1.5819721085820633
2016-09-17 11:00:00,2.421458810983642,0.04681650717323621,2.374642303810406
2016-09-17 13:00:00,0.6351167007183234,0.0019253356088286678,0.6331913651094947
2016-09-17 15:00:00,1.1958180038649113,0.1365337440649295,1.0592842597999819
2016-09-17 17:00:00,2.009986873840792,0.6577792819624881,1.352207591878304
2016-09-17 21:00:00,1.3210377903466304,0.0012562109764861667,1.3197815793701442
2016-09-17 23:00:00,1.877766794209973,1.276942283105891,0.600824511104082
2016-09-18 01:00:00,2.1430207626704147,0.010174409328928337,2.1328463533414865
2016-09-18 03:00:00,2.117078173394637,0.012702064885994773,2.1043761085086423
2016-09-18 09:00:00,5.829862587586269,0.45705164813807353,5.372810939448195
2016-09-18 11:00:00,1.3290746829375106,0.00029856931451672,1.3287761136229939
2016-09-18 13:00:00,2.1949807238273658,0.0058237327109196034,2.1891569911164463
2016-09-18 15:00:00,2.538538938999632,0.0027384773349416994,2.53580046166469
2016-09-18 17:00:00,2.6387580597510776,0.0030262626205366013,2.635731797130541
2016-09-18 19:00:00,3.174091569325932,1.0651552109674058,2.1089363583585263
2016-09-18 21:00:00,3.132139967322285,0.9070531463711995,2.2250868209510855
2016-09-18 23:00:00,3.1112316528203783,0.007159928257193274,3.104071724563185
2016-09-19 01:00:00,3.3796131703342045,0.008214789966311635,3.371398380367893
2016-09-19 03:00:00,3.2966971880871263,0.8781045887589597,2.4185925993281665
2016-09-19 05:00:00,3.062427588757477,0.6338369543509492,2.428590634406528
2016-09-19 07:00:00,3.0558975979414478,0.14393904450154746,2.9119585534399004
2016-09-19 09:00:00,2.5177792892448116,0.9710510698940977,1.546728219350714
2016-09-19 11:00:00,2.1946712155781927,0.5545317371044857,1.6401394784737071
2016-09-19 13:00:00,2.696378347628301,0.18245361240356056,2.5139247352247405
2016-09-19 15:00:00,3.3647849974644517,0.001585144658094306,3.3631998528063574
2016-09-19 17:00:00,3.7367676921495074,0.0018204308135791264,3.7349472613359285
2016-09-19 19:00:00,3.5898326073130433,0.0009299586815394116,3.588902648631504
2016-09-19 21:00:00,3.8053095631885756,0.002363460075015745,3.80294610311356
2016-09-19 23:00:00,3.8839405586793316,0.002947091021788633,3.880993467657543
2016-09-20 01:00:00,4.066495560590685,0.0024646222319882585,4.064030938358696
2016-09-20 03:00:00,4.736632970626114,0.001517694682865846,4.735115275943248
2016-09-20 05:00:00,4.475851289070048,0.019070032385685498,4.456781256684363
2016-09-20 07:00:00,5.161839575809704,0.024460148165031993,5.137379427644673
2016-09-20 09:00:00,3.401062677409084,0.044934903130403075,3.356127774278681
2016-09-20 11:00:00,3.530776313931734,0.08140886340193504,3.449367450529799
2016-09-20 13:00:00,3.248472786490589,0.10710834398293088,3.1413644425076583
2016-09-20 15:00:00,3.891130277606488,0.0145157893653085,3.8766144882411795
2016-09-20 17:00:00,2.366205569967829,0.008300399965372803,2.357905170002456
2016-09-20 19:00:00,2.572786389869485,0.016080504953679926,2.556705884915805
2016-09-20 21:00:00,3.495498643268706,0.09250188987520429,3.4029967533935017
2016-09-20 23:00:00,3.4081325098985213,0.07525011268097419,3.332882397217547
2016-09-21 01:00:00,3.9063014725679026,0.10212518407434655,3.804176288493556
2016-09-21 03:00:00,3.7547548146237544,0.1336261785077129,3.6211286361160413
2016-09-21 05:00:00,4.217136383206021,0.26742287992541197,3.9497135032806083
2016-09-21 07:00:00,3.091859280204317,0.18850339231471377,2.903355887889603
2016-09-21 09:00:00,4.53498480136123,0.3301067918364338,4.204878009524797
2016-09-21 11:00:00,7.361119102808703,0.5745218223136319,6.786597280495071
2016-09-21 13:00:00,4.549429296321045,0.08642180264216962,4.463007493678876
2016-09-21 15:00:00,6.573817225675624,0.6911331511143362,5.882684074561288
2016-09-21 17:00:00,9.090764192053111,0.00962316098754124,9.08114103106557
2016-09-21 19:00:00,25.81479507836044,0.04372200170863113,25.77107307665181
2016-09-21 21:00:00,27.740158446589202,0.182105331073671,27.55805311551553
2016-09-21 23:00:00,18.234985262706736,0.19346992142451935,18.041515341282217
2016-09-22 01:00:00,13.64003503955129,0.12826625342292167,13.511768786128368
2016-09-22 03:00:00,5.912955615576109,0.21824717889403092,5.694708436682078
2016-09-22 09:00:00,2.9391336565473516,0.012216711892580815,2.9269169446547707
2016-09-22 11:00:00,2.185947673188414,0.0038889183129030363,2.182058754875511
2016-09-27 09:00:00,4.782086349228292,1.1193042758965523,3.6627820733317398
2016-09-27 11:00:00,7.589035258252203,0.9213682737828314,6.6676669844693714
2016-09-27 13:00:00,10.280823678699852,1.0014699863190555,9.279353692380797
2016-09-27 15:00:00,10.864417277061069,1.08119057826806,9.783226698793008
2016-09-27 17:00:00,9.074182997407695,0.5506813251011157,8.52350167230658
2016-09-27 19:00:00,9.509029721646954,0.7953533258081693,8.713676395838785
2016-09-27 21:00:00,7.7311639553390155,0.04006045216054762,7.691103503178468
2016-09-27 23:00:00,7.644241291273067,0.13926458406022033,7.504976707212847
2016-09-28 01:00:00,6.4337471894917355,0.2164137814785922,6.217333408013143
2016-09-28 03:00:00,7.260505534550286,0.2627667209344687,6.997738813615817
2016-09-28 05:00:00,8.380386387187116,0.33627172088311197,8.044114666304004
2016-09-28 07:00:00,9.498342724676956,0.5066155474168921,8.991727177260064
2016-09-29 09:00:00,6.674566456895992,0.180126088703981,6.494440368192011
2016-09-29 11:00:00,4.4927301987102695,0.2161460042286137,4.276584194481655
2016-09-29 13:00:00,4.398480987927045,0.32769707215410354,4.0707839157729415
2016-09-29 15:00:00,3.884696500663321,0.9232710791580967,2.9614254215052243
2016-09-29 19:00:00,0.22304455960225997,0.13428003066437122,0.08876452893788875
2016-09-29 21:00:00,0.6493577565564205,0.02417352397139401,0.6251842325850264
2016-09-29 23:00:00,0.6252811485363376,0.02280781623952171,0.602473332296816
2016-09-30 01:00:00,1.4569403186415217,0.09678432952692045,1.3601559891146013
2016-09-30 03:00:00,2.018398532470713,0.10564714802867348,1.9127513844420396
2016-09-30 05:00:00,1.976850446121858,0.16974495871988457,1.8071054874019734
2016-09-30 07:00:00,1.7333948083765267,0.07710762438240482,1.6562871839941218
2016-09-30 09:00:00,1.6003340821014338,0.15011596575641784,1.450218116345016
2016-09-30 11:00:00,1.2489213567624389,0.3563830746640279,0.8925382820984109
2016-09-30 13:00:00,0.42363007165847055,0.04825600832225192,0.37537406333621864
2016-09-30 21:00:00,1.6827984757898542,0.8425799810092249,0.8402184947806294
2016-09-30 23:00:00,1.053664956436415,0.8122755645519798,0.24138939188443506
2016-10-01 03:00:00,1.4712134971135524,1.0946525822219504,0.37656091489160204
2016-10-01 05:00:00,1.4345071763058073,0.9007221362218788,0.5337850400839284
2016-10-01 07:00:00,1.5310290768412058,0.5834388591238541,0.9475902177173517
2016-10-01 09:00:00,2.5458758676126343,0.4436484072016133,2.102227460411021
2016-10-01 17:00:00,1.3461389862873125,0.15062241923022338,1.195516567057089
2016-10-01 19:00:00,1.2550326571562895,0.2513494952640494,1.0036831618922402
2016-10-01 21:00:00,1.7650663426737114,0.2965428127456398,1.4685235299280717
2016-10-07 07:00:00,2.571061080224182,0.30950025622623795,2.261560823997944
2016-10-07 09:00:00,2.5538958545786716,0.8437317603011866,1.7101640942774852
2016-10-07 11:00:00,1.741992915428101,0.003100230158038353,1.7388926852700628
2016-10-07 13:00:00,1.4244092212972,0.0006773292648814541,1.4237318920323185
2016-10-07 15:00:00,1.8434192742923436,0.010282119807917964,1.8331371544844257
2016-10-07 17:00:00,2.2941840659369492,0.02422141224276463,2.2699626536941846
2016-10-07 19:00:00,5.706222725311483,0.024967108561936017,5.681255616749548
2016-10-07 21:00:00,3.174890880333216,0.020355369705395893,3.15453551062782
2016-10-09 03:00:00,2.3694569375188808,0.07123346417379331,2.2982234733450873
2016-10-09 05:00:00,1.9364141923156537,0.0596215310952659,1.8767926612203878
2016-10-09 07:00:00,2.6837680977090352,0.056980725933769516,2.626787371775266
2016-10-09 09:00:00,3.467895603901939,0.031557510742485265,3.4363380931594536
2016-10-09 11:00:00,2.139521040059848,0.056397649350189455,2.0831233907096585
2016-10-09 17:00:00,0.5410483898989663,0.014974833894801903,0.5260735560041644
2016-10-09 19:00:00,0.49966916530186256,0.005100199744749635,0.49456896555711294
2016-10-09 21:00:00,2.2474145931502227,0.1157003434853297,2.131714249664893
2016-10-10 13:00:00,8.065809587627912,0.08361960412479563,7.982189983503116
2016-10-10 15:00:00,11.424886991902698,0.11372819487654978,11.311158797026147
2016-10-10 17:00:00,8.169966175283268,0.07640955591035647,8.093556619372912
2016-10-10 19:00:00,7.545638875008297,0.08233447075844304,7.463304404249854
2016-10-10 21:00:00,4.859935872566974,0.05830212782377775,4.801633744743197
2016-10-10 23:00:00,2.9925964721182052,0.07366414057831863,2.9189323315398865
2016-10-11 01:00:00,4.31420300065486,0.17472893764260547,4.139474063012255
2016-10-11 03:00:00,6.173722265185094,0.2823760518426539,5.89134621334244
2016-10-11 05:00:00,5.86729371885794,0.3077159869184069,5.559577731939534
2016-10-11 07:00:00,6.052201124645873,0.2446339826625179,5.807567141983355
2016-10-11 09:00:00,7.418364517745475,0.1430388455503596,7.275325672195116
2016-10-11 11:00:00,7.715220560810433,0.07053332505416311,7.64468723575627
2016-10-11 13:00:00,8.07257289033758,0.06393115512477253,8.008641735212809
2016-10-11 15:00:00,11.088162073959436,0.1170049458029541,10.971157128156483
2016-10-11 17:00:00,15.142549752327081,0.2460213089277656,14.896528443399315
2016-10-11 19:00:00,11.303625857467425,0.18497019276028068,11.118655664707145
2016-10-11 21:00:00,10.259047606953553,0.14425659469887486,10.114791012254678
2016-10-11 23:00:00,9.144193889469086,0.10339534648754681,9.04079854298154
2016-10-12 01:00:00,8.181925724415512,0.1013901704867983,8.080535553928714
2016-10-12 03:00:00,6.205096386767249,0.09027999342475336,6.114816393342495
2016-10-12 05:00:00,7.110712286442638,0.07409238225096706,7.036619904191671
2016-10-12 13:00:00,4.407204524032965,0.048492707400252286,4.358711816632712
2016-10-12 15:00:00,5.2702858827040675,0.042386310018206155,5.227899572685861
2016-10-12 17:00:00,5.091736146738662,0.03947039798421473,5.052265748754447
2016-10-13 03:00:00,3.377659977572034,0.011391056921156337,3.3662689206508776
2016-10-13 05:00:00,4.81571919025357,0.008179789199307131,4.807539401054263
2016-10-13 07:00:00,8.268755077497126,0.008032257530366271,8.260722819966759
2016-10-13 09:00:00,9.825964838867218,0.00897848145817757,9.816986357409041
2016-10-13 11:00:00,7.5353198464060105,0.020608186667290484,7.51471165973872
2016-10-13 13:00:00,6.36325764929192,0.007192612212525192,6.356065037079395
2016-10-13 15:00:00,7.065967212072922,0.013432826701420687,7.0525343853715015
2016-10-13 17:00:00,6.985963081411796,0.01915307643782338,6.966810004973973
2016-10-13 19:00:00,10.95786071375389,0.05559635006358415,10.902264363690305
2016-11-15 03:00:00,6.076935712623332,0.1131521333384345,5.963783579284897
2016-11-15 05:00:00,9.110826838498769,0.03528985927397807,9.07553697922479
2016-11-15 07:00:00,8.70005624457163,0.00918902307680626,8.690867221494825
2016-11-15 09:00:00,9.509629883931563,0.028030466898449145,9.481599417033113
2016-11-15 11:00:00,12.089425474276595,0.053847935830878886,12.035577538445716
2016-11-15 13:00:00,8.528636838776574,0.08455439229974879,8.444082446476825
2016-11-15 15:00:00,5.235598454642367,0.03909125848695881,5.196507196155408
2016-11-15 17:00:00,3.6689173360357605,0.028276225521557036,3.6406411105142036
2016-11-15 19:00:00,3.74905523114867,0.03287250750943262,3.7161827236392373
2016-11-17 21:00:00,0.7673959990135214,0.023144386376052407,0.744251612637469
2016-11-17 23:00:00,0.8026022351353599,0.021178568944943393,0.7814236661904165
2016-11-18 01:00:00,1.4083577700274346,0.04055431757775444,1.36780345244968
2016-11-18 03:00:00,2.0422934061265337,0.08295550842084484,1.9593378977056888
2016-11-18 05:00:00,2.6263484914445017,0.091763410263519,2.5345850811809827
2016-11-18 07:00:00,4.102556062192109,0.10314998437124982,3.999406077820859
2016-11-18 09:00:00,5.5817299220378525,0.0884253451461278,5.493304576891725
2016-11-18 11:00:00,5.8709333513816535,0.08936209201960116,5.781571259362052
2016-11-18 13:00:00,4.355474298899669,0.04624377265829877,4.30923052624137
2016-11-18 15:00:00,3.305026545258014,0.019601460271739767,3.2854250849862745
2016-11-18 17:00:00,2.5176249950095086,0.022886332224128163,2.4947386627853807
2016-11-18 19:00:00,3.595128014671905,0.07191856259153008,3.523209452080375
2016-11-18 21:00:00,5.524082789292094,0.04442142674058785,5.479661362551506
2016-11-18 23:00:00,3.695928972228797,0.03386648383264149,3.6620624883961552
2016-11-19 01:00:00,4.139425817150773,0.06524708404467086,4.074178733106102
2016-11-19 03:00:00,3.853225391935088,0.09820390296635506,3.755021488968733
2016-11-19 07:00:00,1.7102084375827578,0.08323349518340495,1.626974942399353
2016-11-19 09:00:00,2.4090512197375995,0.08521732107919859,2.323833898658401
2016-11-19 11:00:00,2.5927043294667036,0.09839747581005509,2.4943068536566484
2016-11-19 13:00:00,2.211159572988605,0.10289617275626264,2.1082634002323424
2016-11-19 15:00:00,2.281372177770922,0.1316302177124108,2.1497419600585115
2016-11-19 17:00:00,2.7526575346805275,0.15211381424632447,2.600543720434203
2016-11-19 19:00:00,0.5896641163498036,0.009877888393633382,0.5797862279561703
2016-11-19 21:00:00,0.6480021449953612,0.00572799243043729,0.6422741525649239
2016-11-19 23:00:00,1.1003397479786572,0.03411908944880858,1.0662206585298486
2016-11-20 01:00:00,2.3296710539722234,0.11525911796045164,2.2144119360117718
2016-11-20 03:00:00,3.65502845384977,0.21897000409898484,3.436058449750785
2016-11-20 05:00:00,3.7765581910425654,0.23371625365226972,3.5428419373902957
2016-11-20 07:00:00,7.514261619609098,0.35932090931035143,7.154940710298746
2016-11-20 09:00:00,7.422483648001572,0.43422621504030157,6.98825743296127
2016-11-20 11:00:00,5.673887634441152,0.3151530073724467,5.358734627068705
2016-11-20 15:00:00,2.8014824834457257,0.282253256118557,2.519229227327169
2016-11-20 17:00:00,3.943582615219737,0.40485973794640523,3.5387228772733317
2016-11-20 19:00:00,3.845496260628534,0.20115106273770808,3.644345197890826
2016-11-20 21:00:00,4.00011351357659,0.2218945259355659,3.7782189876410244
2016-11-20 23:00:00,5.547295684769397,0.2978636653667961,5.249432019402601
2016-11-21 01:00:00,5.99715319211624,0.2764486011934943,5.720704590922746
2016-11-21 03:00:00,6.582569471230364,0.28339286281243764,6.299176608417927
2016-11-21 05:00:00,6.195206050206126,0.25575924227113084,5.939446807934996
2016-11-21 07:00:00,4.6120569348319815,0.12050815496800221,4.4915487798639795
2016-11-21 09:00:00,1.822569323170437,0.06765748618790082,1.754911836982536
2016-11-21 11:00:00,3.147051129462893,0.04642367445245036,3.100627455010443
2016-11-21 15:00:00,18.956136703129324,0.30679086244750026,18.649345840681825
2016-11-21 17:00:00,15.458718164657627,0.35962331053206986,15.099094854125557
2016-11-21 19:00:00,14.815037578056906,0.31000884079077295,14.505028737266132
2016-11-21 21:00:00,12.050218439472886,0.3068492918696697,11.743369147603216
2016-11-21 23:00:00,14.841426033514386,0.34974578646795607,14.49168024704643
2016-11-22 01:00:00,16.950794059797786,0.7069211825519511,16.243872877245835
2016-11-22 03:00:00,13.949519920821228,0.5312861083118348,13.418233812509394
2016-11-22 05:00:00,12.832043798334968,0.20346641049290765,12.62857738784206
2016-11-22 07:00:00,12.108525922392461,0.17290763356504102,11.93561828882742
2016-11-22 09:00:00,14.194863226419344,0.1319479937561846,14.062915232663158
2016-11-22 11:00:00,13.097897990608653,0.14246547315793318,12.955432517450719
2016-11-22 13:00:00,10.317112304426812,0.06447404129827038,10.252638263128542
2016-11-22 15:00:00,8.278653931674592,0.05970797493531162,8.21894595673928
2016-11-22 17:00:00,7.999096972895267,0.039327790401854384,7.959769182493413
2016-11-22 19:00:00,6.922864480631472,0.05384864526903187,6.869015835362441
2016-11-22 21:00:00,7.076740038034337,0.008093253877217432,7.068646784157119
2016-11-22 23:00:00,6.246037715901676,0.013727092553333977,6.232310623348342
2016-11-23 01:00:00,10.510126223943315,0.05752089847816249,10.452605325465152
2016-11-23 03:00:00,10.61098064015027,0.056608314149072,10.554372326001198
2016-11-23 05:00:00,10.561439606171044,0.05363668817969099,10.507802917991354
2016-11-23 07:00:00,5.27498331892685,0.09854148859801556,5.176441830328835
2016-11-23 11:00:00,13.0940325993445,0.1037633851745711,12.99026921416993
2016-11-23 13:00:00,11.131758183310279,0.14894533598009796,10.98281284733018
2016-11-23 15:00:00,9.445465763034958,0.11356532521904536,9.331900437815912
2016-11-23 17:00:00,8.373084008039871,0.18253944974350517,8.190544558296367
2016-11-23 19:00:00,9.398730765035847,0.2334156470607095,9.165315117975137
2016-11-23 21:00:00,11.572473593113726,0.266187538947668,11.306286054166058
2016-11-23 23:00:00,10.57540915480359,0.3378068554041121,10.237602299399477
2016-11-24 01:00:00,7.224787837368698,0.3186685035660717,6.906119333802627
2016-11-24 03:00:00,6.703330199327808,0.3356257561425791,6.367704443185229
2016-11-24 05:00:00,4.8880029487636385,0.36563565701648226,4.522367291747156
2016-11-24 07:00:00,4.630571982892217,0.32068569257018686,4.30988629032203
2016-11-30 03:00:00,1.938794893092735,0.31945747860906976,1.6193374144836652
2016-11-30 05:00:00,1.9573532728748375,0.3471673334695098,1.6101859394053277
2016-11-30 07:00:00,1.7896931895692239,0.5992553633949269,1.190437826174297
2016-11-30 11:00:00,0.32900892368815476,0.04215291663782395,0.2868560070503308
2016-11-30 13:00:00,0.18697629656543005,0.12636174049231919,0.060614556073110865
2016-11-30 15:00:00,0.09297813475060909,0.05973709333762789,0.0332410414129812
2016-11-30 17:00:00,0.4779760819559661,0.028344818446454593,0.4496312635095115
2016-12-01 21:00:00,2.6260129579760543,0.17255971351349955,2.4534532444625547
2016-12-01 23:00:00,5.28920451374279,0.36297943316877435,4.9262250805740155
2016-12-02 01:00:00,6.031801440921407,0.6539595917856297,5.377841849135777
2016-12-02 03:00:00,5.916871632431818,0.3928127723230455,5.524058860108772
2016-12-05 01:00:00,1.4955712837563893,0.05663496857752979,1.4389363151788594
2016-12-07 03:00:00,2.214857597644862,0.0893775872030987,2.125480010441763
2016-12-07 05:00:00,3.3459236703589106,0.2664706312853278,3.079453039073583
2016-12-07 07:00:00,1.1836605758966903,0.6043463301677223,0.579314245728968
2016-12-07 13:00:00,2.8155858774400215,0.2291678020145593,2.5864180754254624
2016-12-07 15:00:00,2.7215273304406455,0.14273999976481025,2.5787873306758353
2016-12-07 17:00:00,3.04535121890515,0.11564399272041018,2.92970722618474
2016-12-07 19:00:00,2.295407884936751,0.02801768396580147,2.2673902009709495
2016-12-07 21:00:00,2.504871259473928,0.07218220532499037,2.4326890541489377
2016-12-07 23:00:00,4.00192412740364,0.15272407648702796,3.8492000509166124
2016-12-08 11:00:00,1.1248540087106447,0.16019792891915877,0.9646560797914858
2016-12-08 13:00:00,0.9194076711244343,0.015540422836119097,0.9038672482883152
2016-12-08 15:00:00,0.855057758283391,0.015380143234940632,0.8396776150484504
2016-12-15 05:00:00,2.990310844613101,0.07838982447885623,2.9119210201342445
2016-12-15 07:00:00,4.837097844124063,0.1006203486227389,4.736477495501324
2016-12-15 09:00:00,4.213047739960191,0.12144377959190825,4.091603960368283
2016-12-15 11:00:00,3.4240585491623925,0.15373325969374485,3.2703252894686474
2016-12-15 13:00:00,2.3285137149176167,0.05750414913212039,2.2710095657854965
2016-12-15 15:00:00,0.9678786739271898,0.04652484723367697,0.9213538266935128
2016-12-15 17:00:00,4.934172766639565,0.3563869922760577,4.577785774363508
2016-12-15 21:00:00,3.616612166519624,0.21909313289612012,3.3975190336235035
2016-12-15 23:00:00,3.317871403599267,0.25364089618885505,3.064230507410412
2016-12-16 01:00:00,3.7367186762712126,0.3216705673218487,3.415048108949364
2016-12-16 03:00:00,3.4563791773394614,0.3585239188393336,3.097855258500128
2016-12-17 03:00:00,0.8910212520374412,0.4000578567210773,0.4909633953163639
2016-12-17 05:00:00,1.834095590584575,1.1232254868356324,0.7108701037489426
2016-12-17 07:00:00,1.2806756817947496,0.5029752105110417,0.777700471283708
2016-12-17 09:00:00,3.11245565747594,1.4189636475218095,1.6934920099541304
2016-12-17 11:00:00,4.240715862096094,0.6572339756863365,3.5834818864097575
2016-12-17 13:00:00,7.555914597615376,0.08263233894216601,7.47328225867321
2016-12-17 15:00:00,4.6566432653270216,0.039835080758658735,4.616808184568363
2016-12-18 01:00:00,3.192846312570688,0.04451867706552361,3.148327635505164
2016-12-18 03:00:00,4.145850774287207,0.040201757739785064,4.105649016547422
2016-12-18 05:00:00,3.274036344895456,0.02552720748054897,3.248509137414907
2016-12-18 07:00:00,3.88067313862601,0.07846626241197198,3.802206876214038
2016-12-18 09:00:00,3.656038470698962,0.13228775315962404,3.523750717539338
2016-12-18 11:00:00,3.8019703100940836,0.169723927126019,3.6322463829680647
2016-12-18 13:00:00,2.454449589916071,0.1429242401758073,2.3115253497402635
2016-12-18 15:00:00,2.3069897664835466,0.2113344975826763,2.0956552689008703
2016-12-18 19:00:00,2.7871365170809757,0.43057340180084835,2.356563115280127
2016-12-18 21:00:00,2.788850953155068,0.23008647012702968,2.558764483028038
2016-12-18 23:00:00,2.752619355546082,0.18562233847383086,2.5669970170722514
2016-12-19 03:00:00,2.1436071640262333,0.2784760718017421,1.865131092224491
2016-12-19 05:00:00,7.2439776125804105,1.0251323277631024,6.218845284817308
2016-12-19 09:00:00,0.6459922571587047,0.433946400007517,0.21204585715118762
2016-12-19 13:00:00,1.5108936069808672,0.2577303266094657,1.2531632803714015
2016-12-19 19:00:00,0.9879718554295513,0.17402396509227092,0.8139478903372804
2016-12-19 23:00:00,0.4566134334146062,0.1685593339355167,0.2880540994790895
2016-12-20 01:00:00,1.0531134273998362,0.24689254007664074,0.8062208873231953
2016-12-20 03:00:00,1.2439300908516246,0.3088046019669562,0.9351254888846685
2016-12-20 05:00:00,0.34007622807889815,0.19886921830315477,0.14120700977574335
2016-12-20 07:00:00,1.3206854993813533,0.27242232225563684,1.0482631771257165
2016-12-20 09:00:00,2.0888135835678057,0.353478269840087,1.7353353137277185
2016-12-20 11:00:00,1.6487098291916873,0.08514149510942563,1.5635683340822617
2016-12-20 17:00:00,0.49020745643958613,0.11052049998562025,0.3796869564539659
2016-12-20 19:00:00,1.1249711301267284,0.08921925830789101,1.0357518718188374
2016-12-20 21:00:00,0.8849952201139994,0.18279876701140282,0.7021964531025966
2016-12-20 23:00:00,0.9870150503605986,0.16927589193273757,0.817739158427861
2016-12-21 03:00:00,0.44249871122664064,0.014244546395336911,0.42825416483130374
2016-12-21 05:00:00,0.3319662989119896,0.005394572658969857,0.3265717262530197
2016-12-21 07:00:00,9.861778211788154,0.01445484841165607,9.847323363376498
2016-12-21 09:00:00,11.052433288968725,0.023684813724281276,11.028748475244443
2016-12-21 11:00:00,8.58843206142081,0.03450527090122524,8.553926790519585
2016-12-21 13:00:00,6.748904863089966,0.010041601832853238,6.738863261257113
2016-12-21 15:00:00,6.873962905359489,0.005418728978257455,6.868544176381232
2016-12-21 17:00:00,9.801367995359339,0.011911564087943152,9.789456431271395
2016-12-21 19:00:00,14.846165202621847,0.0766456759688793,14.769519526652967
2016-12-21 21:00:00,20.532872395798233,0.14275061322709623,20.390121782571136
2016-12-21 23:00:00,10.616882004301543,0.012795618339060089,10.604086385962482
2016-12-22 01:00:00,13.860409967237166,0.009115499961459847,13.851294467275705
2016-12-22 03:00:00,16.396912330952006,0.02861126780710466,16.3683010631449
2016-12-22 05:00:00,12.072427134010756,0.06341868150313511,12.00900845250762
2016-12-22 07:00:00,11.418278946036356,0.06875061202751662,11.34952833400884
2016-12-22 09:00:00,9.134327989725556,0.027558173046474656,9.106769816679082
2016-12-22 19:00:00,3.42108653102506,0.035019259021944166,3.386067272003116
2016-12-22 21:00:00,2.104585527042751,0.04078385729921141,2.0638016697435395
2016-12-22 23:00:00,2.4990161248361056,0.04632280237580284,2.452693322460303
2016-12-23 01:00:00,2.802388348241295,0.045876615509563755,2.7565117327317314
2016-12-23 05:00:00,3.1086768727028478,0.07064099086769754,3.03803588183515
2016-12-23 07:00:00,2.869723800130966,0.05543376550082775,2.814290034630138
2016-12-24 23:00:00,2.4047097990715,0.09037653030385757,2.3143332687676423
2016-12-25 01:00:00,1.6840673269563964,0.04076454317147306,1.6433027837849232
2016-12-25 07:00:00,0.8916339201583204,0.022961333745792768,0.8686725864125276
2016-12-25 11:00:00,0.9788482022028698,0.0459081251792629,0.9329400770236069
2016-12-25 13:00:00,1.0775022602173165,0.046777440355044254,1.0307248198622723
2016-12-25 15:00:00,1.6255748861904016,0.04518686309631776,1.5803880230940839
2016-12-25 17:00:00,1.9449897437554642,0.06772900829288157,1.8772607354625825
2016-12-25 19:00:00,1.850057884839726,0.11261377388200221,1.7374441109577239
2016-12-25 23:00:00,2.615659012525722,0.23984227808909606,2.375816734436626
2016-12-26 01:00:00,4.610440061699678,0.3255491391157542,4.284890922583924
2016-12-26 23:00:00,1.9716973228281516,0.2481967539610401,1.7235005688671114
2016-12-27 01:00:00,1.9887365095687193,0.20273854499073846,1.7859979645779809
2016-12-27 03:00:00,2.3690998684672957,0.2351724365159042,2.1339274319513915
2016-12-27 07:00:00,2.4954701532575188,0.07280436278911787,2.422665790468401
2016-12-27 09:00:00,1.9673465996398567,0.07888356268455775,1.888463036955299
2016-12-29 07:00:00,0.6110359604299624,0.4567354639339167,0.15430049649604574
2016-12-29 09:00:00,0.6579038836712666,0.12648360253530555,0.5314202811359611
2016-12-29 11:00:00,4.139304307873973,0.28203881351965765,3.857265494354315
2016-12-29 13:00:00,7.378224990079517,0.17753336189391072,7.200691628185607
2016-12-29 15:00:00,9.424539952994051,0.22301547410221378,9.201524478891837
2016-12-29 17:00:00,2.768486785623775,0.23207515003271756,2.5364116355910578
2016-12-29 19:00:00,7.638836558954058,0.2968677593893015,7.341968799564756
2016-12-29 21:00:00,7.30041721678178,0.2574943310903913,7.042922885691389
2016-12-29 23:00:00,9.442247250770349,0.2698874387336717,9.172359812036676
2016-12-30 01:00:00,7.090243245809376,0.3092675107048004,6.780975735104575
2016-12-30 03:00:00,7.0627792783388665,0.3066703626645966,6.75610891567427
2016-12-30 09:00:00,4.626931256766191,0.17294439368879555,4.453986863077396
2016-12-30 13:00:00,5.776025370962772,0.06978221947170869,5.706243151491064
2016-12-30 15:00:00,5.731012895624597,0.047898127469330594,5.683114768155267
2016-12-30 17:00:00,6.838799729320818,0.07303574645369017,6.765763982867128
2016-12-30 19:00:00,4.683042705670266,0.05141652617407376,4.631626179496192
2016-12-30 21:00:00,3.6580270908076047,0.019354060269585208,3.6386730305380195
2016-12-30 23:00:00,3.5227720554360284,0.023965387578035582,3.498806667857993
2017-05-02 21:00:00,2.0967971721836247,0.1747490781122207,1.9220480940714042
2017-05-03 05:00:00,1.4343020799347463,1.204541786763242,0.22976029317150443
2017-05-03 13:00:00,0.5648243953759232,0.0027394340747628923,0.5620849613011604
2017-05-03 15:00:00,1.13274358734812,0.02370511640170127,1.1090384709464187
2017-05-03 17:00:00,1.5754144412371478,0.004426155405115781,1.570988285832032
2017-05-03 19:00:00,0.8163621125838354,0.013025664318637374,0.803336448265198
2017-05-03 21:00:00,1.1708696281110795,0.04151277665271795,1.1293568514583616
2017-05-03 23:00:00,2.8211993912677378,0.26409284349536566,2.557106547772372
2017-05-04 01:00:00,2.9627696332834668,0.47038051145905374,2.492389121824413
2017-05-04 03:00:00,2.515342917920369,0.4169924966385004,2.0983504212818684
2017-05-04 05:00:00,7.783285433853806,0.4244663458968131,7.358819087956992
2017-05-04 07:00:00,3.4859606571489308,0.3470408135218223,3.1389198436271086
2017-05-04 09:00:00,2.8331563846712706,0.1273616837021307,2.70579470096914
2017-05-04 11:00:00,0.9957501664230551,0.16191157015717908,0.8338385962658761
2017-05-04 13:00:00,0.4349813579610444,0.01164246486252451,0.4233388930985199
2017-05-04 15:00:00,0.3903870254330737,0.01713202895109383,0.37325499648197985
2017-05-04 17:00:00,2.1805530441225334,0.07206850869086975,2.1084845354316637
2017-05-04 19:00:00,3.8423032643817545,0.18793925263398947,3.654364011747765
2017-05-04 21:00:00,5.157904542070009,0.4388566984286807,4.719047843641328
2017-05-04 23:00:00,4.025762369806156,0.43715497763732003,3.588607392168836
2017-05-05 01:00:00,3.734492863604304,0.45383849938426357,3.2806543642200405
2017-05-05 03:00:00,2.6226525365848117,0.44440018206189813,2.1782523545229138
2017-05-05 05:00:00,2.2634997792802833,0.5025823119550886,1.7609174673251946
2017-05-05 07:00:00,0.8353146831440831,0.5368209968051593,0.2984936863389238
2017-05-05 09:00:00,1.277282583686376,0.37504189034009944,0.9022406933462764
2017-05-05 11:00:00,1.0857123679653518,0.007092710514658594,1.0786196574506932
2017-05-05 13:00:00,2.397888999973948,0.11187442789593066,2.2860145720780176
2017-05-05 15:00:00,1.0006744464558066,0.14670906127106847,0.8539653851847382
2017-05-05 17:00:00,1.396061943977276,0.42283442394967186,0.9732275200276042
2017-05-05 19:00:00,2.0237070644721875,0.17941295693455545,1.844294107537632
2017-05-05 21:00:00,4.134350602177905,0.10031855892807284,4.034032043249832
2017-05-05 23:00:00,5.993239148753484,0.17264100852942993,5.820598140224054
2017-05-06 01:00:00,8.242129533770063,0.367013917199604,7.875115616570459
2017-05-06 03:00:00,8.121564719548843,0.5617941982348233,7.55977052131402
2017-05-06 05:00:00,3.676373515311454,0.8954893214995333,2.7808841938119206
2017-05-06 07:00:00,2.2461815419610502,0.6385651835373167,1.6076163584237333
2017-05-06 09:00:00,0.9493856241439287,0.15559659272372234,0.7937890314202064
2017-05-06 11:00:00,0.8127182784363122,0.006615619454844138,0.806102658981468
2017-05-06 13:00:00,1.3510758919433938,0.10066308379497844,1.2504128081484154
2017-05-06 15:00:00,1.373356435210695,0.12914219265893512,1.24421424255176
2017-05-06 17:00:00,1.7640270704136396,0.10524096275417083,1.6587861076594688
2017-05-06 19:00:00,2.406181273971723,0.2778104422037301,2.128370831767993
2017-05-06 21:00:00,4.7051877778597815,0.36517132395965723,4.340016453900124
2017-05-06 23:00:00,6.35014725260639,0.5547829041903954,5.795364348415994
2017-05-07 01:00:00,6.021238761272473,0.614946177834544,5.406292583437929
2017-05-07 03:00:00,3.9971531682514545,0.51174731908774,3.4854058491637145
2017-05-07 09:00:00,0.6669287354052121,0.0054101421489691544,0.661518593256243
2017-05-07 11:00:00,2.847837501725628,0.0005975838886543569,2.8472399178369736
2017-05-07 15:00:00,1.6754358675231227,0.003647614613867594,1.6717882529092551
2017-05-07 17:00:00,2.531261371875326,0.006274855067107626,2.524986516808218
2017-05-07 19:00:00,2.5781129512731753,0.022917118763916514,2.5551958325092587
2017-05-07 21:00:00,2.5753621749717563,0.02927762057487853,2.5460845543968778
2017-05-07 23:00:00,2.473046682685128,0.041374874091779264,2.431671808593349
2017-05-08 01:00:00,2.8403059036125273,0.05949691436294528,2.780808989249582
2017-05-08 03:00:00,3.6285698102685617,0.10346137633289912,3.5251084339356624
2017-05-08 05:00:00,3.4372689624920385,0.101373634206615,3.3358953282854236
2017-05-08 07:00:00,4.121338875722249,0.08301066678051236,4.038328208941737
2017-05-08 09:00:00,4.895244067918383,0.17816852787883003,4.717075540039553
2017-05-08 11:00:00,1.4371204500897297,0.03426879808631009,1.4028516520034195
2017-05-08 13:00:00,1.6663296742752038,0.03722997588110227,1.6290996983941015
2017-05-08 15:00:00,0.7321450425567841,0.08584826088450662,0.6462967816722776
2017-05-08 21:00:00,2.2575641321365634,0.0614436395891691,2.1961204925473945
2017-05-08 23:00:00,3.0628737541959565,0.05987734160028522,3.0029964125956714
2017-05-09 01:00:00,3.5091627475351195,0.13237450359064287,3.3767882439444765
2017-05-09 03:00:00,4.5111877246448815,0.20685232609143384,4.304335398553448
2017-05-09 05:00:00,5.0672231557636715,0.21955770581038378,4.847665449953288
2017-05-09 07:00:00,2.193243678398529,0.2863275282308788,1.9069161501676504
2017-05-09 11:00:00,2.9840077850478823,0.11368321715367476,2.8703245678942078
2017-05-09 15:00:00,0.8194678853926916,0.0015762411614356178,0.8178916442312559
2017-05-09 17:00:00,4.286360244089403,0.06012359702512,4.226236647064283
2017-05-09 19:00:00,4.504710360890033,0.03220225139229382,4.472508109497739
2017-05-09 21:00:00,5.556140546305261,0.028850954301623374,5.527289592003637
2017-05-09 23:00:00,5.301637071338106,0.04226460039018489,5.259372470947921
2017-05-10 01:00:00,4.926761219532947,0.06382135861340714,4.86293986091954
2017-05-10 03:00:00,5.568473469601991,0.16802214066419,5.400451328937801
2017-05-10 05:00:00,6.890853480098448,0.20975940531357137,6.681094074784877
2017-05-10 07:00:00,6.444388847155742,0.16065404589885268,6.283734801256889
2017-05-13 21:00:00,2.0452750413535856,0.024934571294326364,2.020340470059259
2017-05-13 23:00:00,2.317454618119581,0.029039674281941524,2.2884149438376395
2017-05-14 01:00:00,3.0685756225306817,0.14184675420019346,2.926728868330488
2017-05-14 03:00:00,4.304448433426765,0.2775240860258896,4.026924347400875
2017-05-14 09:00:00,2.8688993725825664,0.27550525056028263,2.593394122022284
2017-05-14 11:00:00,1.9813426027993646,0.0004584078540567349,1.9808841949453078
2017-05-14 13:00:00,1.4508001369332595,0.001487094458685238,1.4493130424745742
2017-05-14 15:00:00,1.7010684921525132,0.0021581524145650676,1.6989103397379481
2017-05-14 17:00:00,1.874439950354437,0.0028624760672245372,1.8715774742872124
2017-05-14 19:00:00,1.7928180607045097,0.015427462460810346,1.7773905982436993
2017-05-14 21:00:00,2.4006840707476917,0.5141096627181251,1.8865744080295668
2017-05-14 23:00:00,2.3909998001350283,0.88292799537112,1.5080718047639081
2017-05-15 01:00:00,2.9800282447657747,0.0023834579529523683,2.977644786812822
2017-05-15 03:00:00,2.558633333400747,0.005500804691492646,2.5531325287092543
2017-05-15 09:00:00,5.786738345731174,0.03657843131049254,5.750159914420681
2017-05-15 11:00:00,6.445964460594519,0.0422500050487154,6.403714455545804
2017-05-15 13:00:00,5.508295046312965,0.04655802369814626,5.461737022614819
2017-05-15 15:00:00,2.9246825672289316,0.05102604630709436,2.873656520921837
2017-05-16 07:00:00,1.1542188922827126,0.0008012217681482339,1.1534176705145642
2017-05-16 09:00:00,0.5134216159939092,0.0012631800928220955,0.5121584359010871
2017-05-16 11:00:00,0.5309732321913605,0.0159884701714737,0.5149847620198869
2017-05-16 13:00:00,0.6720430086864043,0.020791204796949892,0.6512518038894545
2017-05-16 15:00:00,0.7816651538939177,0.0435704334403553,0.7380947204535624
2017-05-16 17:00:00,3.0566970290959516,0.37796223617883323,2.6787347929171186
2017-05-16 19:00:00,8.271028282127562,0.575971279284317,7.695057002843245
2017-05-16 21:00:00,5.715934925623416,0.4660788203752716,5.249856105248145
2017-05-16 23:00:00,5.8174086187868745,0.6686125074854528,5.148796111301422
2017-05-17 01:00:00,1.8320188738738747,1.0238176140396849,0.8082012598341899
2017-05-17 03:00:00,2.356867087290375,1.4195676642379111,0.9372994230524639
2017-05-17 05:00:00,2.249772439194492,1.1288225052721226,1.1209499339223694
2017-05-17 07:00:00,4.301760409929826,0.539529309882325,3.7622311000475013
2017-05-17 09:00:00,1.9407426575996294,0.13531317636691834,1.805429481232711
2017-05-17 11:00:00,4.176346934757369,0.35795039106936166,3.8183965436880074
2017-05-17 13:00:00,2.9655861192688544,0.49107579681932956,2.474510322449525
2017-05-17 15:00:00,2.027451937280314,0.009058915510115909,2.018393021770198
2017-05-17 17:00:00,1.8383038408914438,0.028533884224462864,1.809769956666981
2017-05-17 19:00:00,2.0592079350935117,0.0552978192083719,2.00391011588514
2017-05-17 21:00:00,2.2475654757019665,0.01137390438959515,2.2361915713123715
2017-05-17 23:00:00,2.1985805991408185,0.003544533854263092,2.1950360652865553
2017-05-18 01:00:00,2.348376339280341,0.0014181321364636042,2.3469582071438775
2017-05-18 03:00:00,2.6827972820230084,0.0016616298435140234,2.6811356521794942
2017-05-18 05:00:00,3.605574828400207,1.690336436909738,1.915238391490469
2017-05-18 07:00:00,3.983010295775586,0.0014638010716542236,3.981546494703932
2017-05-18 09:00:00,6.548360430796592,3.743989878111625,2.804370552684967
2017-05-18 11:00:00,3.1214802354578737,0.259761257711943,2.8617189777459306
2017-05-18 13:00:00,2.730888951495715,0.0002679415650235757,2.730621009930691
2017-05-18 15:00:00,3.3672383722577433,0.00027378587453596163,3.366964586383207
2017-05-18 17:00:00,3.924352218872717,0.11226392657485483,3.8120882922978625
2017-05-18 19:00:00,4.415827985806934,0.0009569500133802548,4.414871035793554
2017-05-18 21:00:00,5.747097490767074,0.004865659471214092,5.74223183129586
2017-05-18 23:00:00,6.258125882451927,0.013248472743707157,6.24487740970822
2017-05-19 01:00:00,7.496950431227542,0.026271301912517326,7.470679129315024
2017-05-19 03:00:00,5.498886576692744,0.01739563079316157,5.481490945899583
2017-05-19 05:00:00,5.147696782320252,0.01752845431922796,5.130168328001024
2017-05-19 07:00:00,5.038035311846425,0.023295774477480883,5.014739537368944
2017-05-19 09:00:00,6.341129780239997,0.0037237328035232653,6.337406047436473
2017-05-19 11:00:00,10.171723831877722,0.005561845050923995,10.166161986826799
2017-05-19 13:00:00,14.496997688133638,0.01380202488815343,14.483195663245484
2017-05-19 15:00:00,19.325097022059868,0.47574178290929203,18.849355239150576
2017-05-19 17:00:00,19.155335366672873,1.4497062319770977,17.705629134695776
2017-05-19 19:00:00,14.90625010537929,0.0013819742194719638,14.904868131159818
2017-05-19 21:00:00,8.406463415795322,0.00029216438544769923,8.406171251409875
2017-05-19 23:00:00,5.0385470742042555,0.003783177029817595,5.034763897174438
2017-05-20 01:00:00,4.07059958544411,0.07049003091597984,4.00010955452813
2017-05-20 03:00:00,2.816408461332478,1.3767526608481555,1.4396558004843225
2017-05-20 05:00:00,2.972557748995039,0.4451724964412986,2.5273852525537404
2017-05-20 07:00:00,2.0441867372668017,1.211669637593907e-05,2.0441746205704256
2017-05-20 11:00:00,1.5000078898529243,0.027392371516006524,1.4726155183369178
2017-05-20 13:00:00,2.157398332030769,0.0019736019032740334,2.155424730127495
2017-05-20 15:00:00,2.2737733359583356,0.042196328871925516,2.2315770070864103
2017-05-20 17:00:00,1.3706523645313078,0.003927433306910533,1.3667249312243972
2017-05-20 19:00:00,1.6512288494578413,0.005531104383557335,1.645697745074284
2017-05-20 21:00:00,1.6454466239307968,0.00650943077246139,1.6389371931583354
2017-05-20 23:00:00,2.2417857018510854,0.009448645501840668,2.2323370563492446
2017-05-21 01:00:00,3.031766603782696,0.06339366382666865,2.9683729399560272
2017-05-21 03:00:00,3.5094207751240627,0.09541358493099802,3.4140071901930646
2017-05-21 05:00:00,3.2547055742730255,0.1711752047254246,3.083530369547601
2017-05-21 07:00:00,4.311780684232296,1.202162386438806,3.10961829779349
2017-05-21 09:00:00,3.1863994056500506,0.5088700734564132,2.6775293321936373
2017-05-21 11:00:00,1.2557640756007191,0.04136494833092237,1.2143991272697967
2017-05-21 13:00:00,0.8882379838635959,0.008284251887274396,0.8799537319763214
2017-05-21 15:00:00,0.731661392326196,0.024135952614219226,0.7075254397119768
2017-05-21 17:00:00,2.837548712436203,0.0999972867620177,2.737551425674185
2017-05-21 21:00:00,3.720892494538456,0.2871008443438195,3.4337916501946366
2017-05-21 23:00:00,1.9535297896655293,0.01802049147799119,1.9355092981875381
2017-05-22 01:00:00,2.130756955143339,0.004126684111623527,2.1266302710317153
2017-05-22 03:00:00,3.3645444618270735,0.09082348233726913,3.2737209794898043
2017-05-22 05:00:00,2.2626916852965353,0.5089640744103349,1.7537276108862005
2017-05-22 07:00:00,1.305708874359564,0.8845003687771738,0.4212085055823903
2017-05-22 09:00:00,1.052591598774863,0.00711995487212495,1.045471643902738
2017-05-22 11:00:00,3.668107487498362,0.003923846844637109,3.664183640653725
2017-05-22 13:00:00,2.537349457558705,0.1308107818425543,2.406538675716151
2017-05-22 15:00:00,4.962288127845104,0.05535736036830312,4.906930767476801
2017-05-22 17:00:00,4.307128495230392,0.08199731373549793,4.225131181494894
2017-05-22 19:00:00,3.285559947829766,0.0010393832607678785,3.284520564568998
2017-05-22 21:00:00,3.5579541020162924,0.005564095367861425,3.552390006648431
2017-05-22 23:00:00,3.654293478299781,0.44265597512143073,3.2116375031783506
2017-05-23 01:00:00,4.450505724343783,0.8118469908762842,3.638658733467499
2017-05-23 03:00:00,5.984916747568033,1.2758003648701528,4.70911638269788
2017-05-23 05:00:00,1.8155781805340854,1.1221834569488107,0.6933947235852748
2017-05-23 07:00:00,2.7133973804041744,0.5106000015382195,2.202797378865955
2017-06-05 01:00:00,4.829908445860381,0.4147249016298484,4.4151835442305325
2017-06-05 03:00:00,4.990553266563617,0.5449566121234867,4.44559665444013
2017-06-05 05:00:00,5.7546064042591105,0.8086751234354226,4.945931280823688
2017-06-05 07:00:00,5.63635797714419,0.03696669440736189,5.5993912827368275
2017-06-05 09:00:00,3.5893249791130075,0.0031872235774530575,3.5861377555355545
2017-06-05 11:00:00,2.6451454688379816,0.00270954941016288,2.6424359194278186
2017-06-05 13:00:00,3.3416106514353014,0.0028630164188542034,3.338747635016447
2017-06-05 15:00:00,5.565449407463916,0.14070011585803596,5.42474929160588
2017-06-05 17:00:00,4.9541503632968436,0.09533751737473445,4.858812845922109
2017-06-05 19:00:00,5.959432219969653,0.8688708782257266,5.090561341743927
2017-06-05 21:00:00,4.976290885975824,0.0022098622455458336,4.974081023730278
2017-06-05 23:00:00,5.6308168331671204,0.006054925531028544,5.624761907636092
2017-06-06 01:00:00,11.334370591388254,1.6411354533349862,9.693235138053268
2017-06-06 03:00:00,12.329575986014813,1.2088897528765286,11.120686233138285
2017-06-06 05:00:00,12.677927812566482,1.639552528837229,11.038375283729254
2017-06-06 07:00:00,4.27539292005559,0.012584314690383505,4.262808605365207
2017-06-06 09:00:00,2.868567248553005,0.0014321161461376757,2.8671351324068675
2017-06-06 11:00:00,3.490736717180592,0.00394467092970422,3.4867920462508875
2017-06-06 13:00:00,6.787844240492048,0.660957334964723,6.126886905527325
2017-06-06 15:00:00,3.308369285120008,0.0721953666473857,3.2361739184726224
2017-06-06 17:00:00,5.415552347459567,0.017588947059343562,5.397963400400223
2017-06-06 19:00:00,6.439802123605302,0.03225897084410839,6.4075431527611935
2017-06-06 21:00:00,6.374943314592008,0.12842887018905158,6.246514444402956
2017-06-06 23:00:00,7.002338136075116,0.38193005692716975,6.620408079147945
2017-06-07 01:00:00,5.879335034309721,0.4700818450528336,5.409253189256887
2017-06-07 03:00:00,7.3787434487321635,0.39650020773990263,6.982243240992261
2017-06-07 05:00:00,8.659845283730153,0.3660307765897604,8.293814507140393
2017-06-07 07:00:00,12.743643372408016,0.10099615399024398,12.642647218417773
2017-06-07 09:00:00,6.597077885269247,1.8871587315845415,4.709919153684705
2017-06-07 11:00:00,5.313910948858613,0.11928085710783513,5.194630091750778
2017-06-07 13:00:00,10.27099769863203,0.002112502009151486,10.268885196622879
2017-06-07 15:00:00,9.834235901994806,0.004030905954166471,9.830204996040639
2017-06-07 17:00:00,9.540780585716988,0.01676586775209288,9.524014717964894
2017-06-07 19:00:00,10.491540954305231,0.04463963022120995,10.44690132408402
2017-06-07 21:00:00,11.344560336282926,0.04769421706509952,11.296866119217826
2017-06-07 23:00:00,11.604135079780843,0.16814936790909857,11.435985711871744
2017-06-08 01:00:00,11.298998666010307,0.19487931265999167,11.104119353350315
2017-06-08 03:00:00,11.33737142255611,0.2129482565308321,11.124423166025277
2017-06-08 05:00:00,11.154046068651764,0.2088356854856563,10.945210383166108
2017-06-08 07:00:00,8.394271201642937,0.172660027099406,8.221611174543531
2017-06-08 13:00:00,6.112686089242958,0.03829945209445506,6.074386637148503
2017-06-08 15:00:00,6.3815160957733825,0.019577892627570148,6.3619382031458125
2017-06-08 17:00:00,8.241709049459208,0.29439600573664704,7.947313043722561
2017-06-08 19:00:00,10.887630750100097,0.10551049375153944,10.782120256348557
2017-06-08 21:00:00,14.561778318922471,0.09370371672544531,14.468074602197026
2017-06-08 23:00:00,14.798955590725443,0.2727527473807461,14.526202843344697
2017-06-09 01:00:00,6.838407204282567,0.340892205836167,6.4975149984464
2017-06-09 03:00:00,10.610646566764462,1.8404648038489584,8.770181762915504
2017-06-09 05:00:00,7.973314691050634,0.009601095328691314,7.963713595721942
2017-06-09 07:00:00,9.762176932396084,1.0741515842410476,8.688025348155037
2017-07-05 09:00:00,0.8550626135640069,0.4478134660076773,0.4072491475563297
2017-07-05 17:00:00,0.5356663494645717,0.016679935774625163,0.5189864136899466
2017-07-05 19:00:00,0.5088874778214777,0.013767600257319294,0.49511987756415843
2017-07-05 21:00:00,0.5022728337094999,0.018775132030752317,0.48349770167874767
2017-07-06 01:00:00,1.207544490613667,0.11907146032225584,1.0884730302914112
2017-07-06 03:00:00,0.6002154330212316,0.0863104957081016,0.51390493731313
2017-07-06 05:00:00,1.189058154972566,0.13820836869682943,1.0508497862757367
2017-07-06 07:00:00,1.2284774958327296,0.35281651696334443,0.8756609788693851
2017-07-06 09:00:00,1.579280355162428,0.16894406635468226,1.4103362888077458
2017-07-06 11:00:00,0.4293778500035214,0.005650341930117031,0.42372750807340437
2017-07-06 13:00:00,2.170186944685575,0.0213494489017275,2.148837495783847
2017-07-06 15:00:00,1.7081409011877595,0.015739602894654096,1.6924012982931054
2017-07-06 17:00:00,2.3570184338424554,0.3428094410963284,2.014208992746127
2017-07-06 19:00:00,4.467072143235605,0.5525068425884588,3.9145653006471455
2017-07-06 21:00:00,3.026646565152123,0.819367853930708,2.2072787112214147
2017-07-06 23:00:00,3.5739594208758936,1.231161302382888,2.3427981184930053
2017-07-07 01:00:00,1.628000166203717,1.106976599046027,0.5210235671576899
2017-07-07 03:00:00,1.7422629367241802,1.6116704795631809,0.13059245716099943
2017-07-07 05:00:00,2.286079704121037,0.9639486785330185,1.3221310255880183
2017-07-07 07:00:00,1.9074719958008104,1.3577455204460285,0.549726475354782
2017-07-07 09:00:00,1.9350276356087717,1.3249042108496631,0.6101234247591085
2017-07-07 13:00:00,1.8904849475215033,1.0247337848547593,0.865751162666744
2017-07-07 15:00:00,2.4630731532831494,0.8278279493900842,1.635245203893065
2017-07-07 17:00:00,2.648162292805553,1.2186432469591566,1.4295190458463962
2017-07-07 19:00:00,2.8960688562119943,0.0024860435281962865,2.893582812683798
2017-07-07 21:00:00,3.473023415848044,0.005866563760222845,3.4671568520878213
2017-07-07 23:00:00,4.431682934445933,0.18423521633954626,4.247447718106387
2017-07-08 01:00:00,3.8326498025891884,2.072599882834496,1.7600499197546924
2017-07-08 03:00:00,4.472638745106339,3.454449006919733,1.0181897381866056
2017-07-08 05:00:00,4.769836896139692,1.9885253713696371,2.7813115247700546
2017-07-08 07:00:00,6.787633506120509,0.09110467881655147,6.696528827303958
2017-07-08 09:00:00,5.046168657787007,0.02372361205317627,5.02244504573383
2017-07-08 11:00:00,4.68933530690026,0.142249361492442,4.547085945407818
2017-07-08 13:00:00,3.8505924028127607,1.853141114559957,1.997451288252804
2017-07-08 15:00:00,4.035500770484155,1.5459179643865228,2.4895828060976317
2017-07-08 17:00:00,4.561743755017902,1.4110822873564217,3.15066146766148
2017-07-08 21:00:00,6.170049682814239,0.004935054277659103,6.165114628536579
2017-07-08 23:00:00,4.646279046961444,0.01032369320618189,4.6359553537552625
2017-07-09 01:00:00,5.051363569781798,1.2590879133519681,3.79227565642983
2017-07-09 03:00:00,3.7298336097866747,1.9571460674553824,1.7726875423312922
2017-07-09 05:00:00,4.564726189919442,1.7084710929473839,2.856255096972059
2017-07-09 07:00:00,5.503078766122535,2.5110310095667887,2.9920477565557464
2017-07-09 09:00:00,5.654059113337989,2.7957335546900963,2.8583255586478926
2017-07-10 09:00:00,6.84689554985305,0.008062842292286177,6.838832707560764
2017-07-10 11:00:00,6.515088158715518,0.009165376636161775,6.505922782079356
2017-07-10 13:00:00,7.4204242412367565,0.020469024451757748,7.399955216784999
2017-07-10 15:00:00,5.94304637803247,0.004774616712572492,5.938271761319897
2017-07-10 17:00:00,6.103430066495493,0.002997856731115142,6.100432209764378
2017-07-10 19:00:00,4.821105638696761,0.002260810641216274,4.8188448280555445
2017-07-10 21:00:00,4.467170311404117,0.007291589914613073,4.459878721489504
2017-07-13 13:00:00,9.208888048079377,0.9408069263545958,8.268081121724782
2017-07-13 15:00:00,7.986986386728673,0.4437979763592965,7.5431884103693765
2017-07-13 17:00:00,0.9200940354943974,0.46481451801014145,0.4552795174842559
2017-07-13 19:00:00,9.661176980072181,0.6762795147433267,8.984897465328855
2017-07-13 21:00:00,4.500095806460538,0.14279310502278625,4.357302701437752
2017-07-13 23:00:00,6.782466006024516,0.5061204868091707,6.2763455192153454
2017-07-14 01:00:00,1.9696826590617176,0.349598113068517,1.6200845459932005
2017-07-14 03:00:00,3.2618757071679316,0.2703062981712276,2.991569408996704
2017-07-14 05:00:00,2.601068858894405,0.19646278252344807,2.404606076370957
2017-07-14 07:00:00,0.6873704949816426,0.026356883335059676,0.6610136116465829
2017-07-14 11:00:00,0.3538470963262972,0.06438080814670374,0.28946628817959347
2017-07-14 13:00:00,0.9236085999494525,0.09297864739962382,0.8306299525498287
2017-07-14 15:00:00,5.2177072536193805,0.5105399554480654,4.707167298171315
2017-07-14 17:00:00,5.368815184422496,0.3953806820686324,4.9734345023538635
2017-07-14 19:00:00,3.9803218890932968,0.5171557393598222,3.4631661497334747
2017-07-14 21:00:00,2.843151200341819,0.9923702111263304,1.8507809892154885
2017-07-14 23:00:00,1.870171999624241,1.6445081593826534,0.22566384024158767
2017-07-15 01:00:00,1.859627524546901,1.5839688108129533,0.2756587137339476
2017-07-15 05:00:00,2.3282433388279467,0.9666821879102753,1.3615611509176713
2017-07-15 07:00:00,2.0218166624851124,0.8444020332600037,1.1774146292251084
2017-07-15 09:00:00,0.9295168563316223,0.0035168541962178495,0.9260000021354045
2017-07-15 11:00:00,1.633742062409949,0.09468632001787662,1.5390557423920723
2017-07-15 13:00:00,3.9679168646104213,0.7010072510454405,3.2669096135649807
2017-07-15 15:00:00,1.4272494455623015,0.7005524943511336,0.7266969512111677
2017-07-15 17:00:00,1.8832519050797938,1.241221888052401,0.6420300170273928
2017-07-15 19:00:00,1.4266222480736042,1.1006447453545813,0.32597750271902287
2017-07-15 21:00:00,3.0280765638679044,0.9597589541919492,2.068317609675955
2017-07-15 23:00:00,2.8292732862276266,0.4431240883423938,2.3861491978852327
2017-07-16 01:00:00,2.125679862302132,0.5177361608527825,1.6079437014493494
2017-07-16 03:00:00,2.949585117752272,1.102226608209772,1.8473585095424998
2017-07-16 05:00:00,1.2390350275788964,0.7797208387648749,0.45931418881402164
2017-07-16 07:00:00,1.3180922208850288,0.854994912638977,0.4630973082460518
2017-07-16 09:00:00,1.860843236410798,1.3063726775756928,0.5544705588351053
2017-07-16 11:00:00,3.378118985448735,0.002417213224368967,3.3757017722243656
2017-07-16 13:00:00,4.012594670108701,0.013886744534280035,3.9987079255744207
2017-07-16 15:00:00,3.95108429784609,0.05026920586827269,3.900815091977817
2017-07-16 17:00:00,6.739556322116618,0.2468639630204188,6.492692359096199
2017-07-16 19:00:00,6.893231785704388,0.056381766647994776,6.836850019056393
2017-07-16 21:00:00,7.585800518998465,0.18111594919195634,7.404684569806509
2017-07-16 23:00:00,6.5066135327204915,0.1333551709083094,6.373258361812182
2017-07-17 01:00:00,5.300658915699926,0.030376455811727807,5.2702824598881985
2017-07-17 03:00:00,4.700672691067898,0.005699533175495412,4.694973157892402
2017-07-17 05:00:00,4.667921199354019,0.004508104706736745,4.663413094647282
2017-07-17 07:00:00,5.005724891625319,0.00237734098828565,5.0033475506370335
2017-07-17 09:00:00,5.098520122697812,0.006591703033566812,5.091928419664245
2017-07-17 13:00:00,2.059285473874303,0.0022140460997302743,2.0570714277745727
2017-07-17 15:00:00,2.206473025337384,0.021067073984687025,2.185405951352697
2017-07-17 17:00:00,3.7931794189510852,0.06072289614053854,3.732456522810547
2017-07-17 19:00:00,2.6065307398985946,0.005693457666016438,2.600837282232578
2017-07-17 23:00:00,1.60462809579082,0.7184703797143717,0.8861577160764484
2017-07-18 01:00:00,1.3143887302573352,0.5028438240322742,0.8115449062250609
2017-07-18 03:00:00,1.0195896149803203,0.2737435501761103,0.7458460648042101
2017-07-18 05:00:00,1.1445427002167463,0.6713510927635521,0.4731916074531941
2017-07-18 07:00:00,1.0548384864079625,0.8311566192180418,0.22368186718992078
2017-07-19 05:00:00,2.785505306420795,0.5295719032765438,2.255933403144251
2017-07-19 07:00:00,2.8472700169796665,0.6127903655147022,2.234479651464964
2017-07-19 09:00:00,2.6993796404356436,0.8937013851509266,1.805678255284717
2017-07-19 11:00:00,3.173746757038467,0.7844437028900663,2.389303054148401
2017-07-19 13:00:00,2.479329564344801,0.6484535011016485,1.8308760632431524
2017-07-19 15:00:00,0.9852279230522638,0.001608769176776476,0.9836191538754874
2017-07-19 17:00:00,2.2649499783947857,0.18176041390406195,2.083189564490724
2017-07-19 19:00:00,1.8758410709525495,0.1773078705131132,1.6985332004394362
2017-07-19 21:00:00,2.289290727717738,0.21068161176148495,2.0786091159562528
2017-07-19 23:00:00,2.5518017271842517,0.38477926221272457,2.1670224649715273
2017-07-20 01:00:00,2.9662758815937953,0.785966158271246,2.1803097233225492
2017-07-20 03:00:00,4.096719684164495,0.4809418229790706,3.6157778611854243
2017-07-20 05:00:00,2.9399215889935397,0.19536442985994515,2.7445571591335947
2017-07-20 07:00:00,2.959990646285956,0.3677071233017083,2.592283522984248
2017-07-20 09:00:00,2.1974052037188248,0.3953090058283652,1.8020961978904597
2017-07-20 11:00:00,1.7883621434461645,0.06438717963966634,1.723974963806498
2017-07-20 15:00:00,1.5290321585075184,0.0011141559999334673,1.527918002507585
2017-07-20 17:00:00,1.8188764806257658,0.0011703837209902153,1.8177060969047756
2017-07-20 19:00:00,1.246210033723668,0.06050801624853422,1.1857020174751336
2017-07-20 21:00:00,2.582883179642552,0.07275930528841862,2.5101238743541336
2017-07-20 23:00:00,2.5236436405798854,0.05411019683360773,2.4695334437462777
2017-07-21 01:00:00,3.1730169936404393,0.11545742788415639,3.057559565756283
2017-07-21 03:00:00,3.5172119161918305,0.27055787914039675,3.246654037051434
2017-07-21 05:00:00,3.465388197841261,0.23658106533444165,3.2288071325068195
2017-07-21 07:00:00,3.1213524318494525,0.13949878165488813,2.9818536501945645
2017-07-21 09:00:00,4.606346145339653,0.31551512885413224,4.29083101648552
2017-07-21 13:00:00,4.538288100384278,1.0875389085966198,3.4507491917876587
2017-07-21 15:00:00,3.0266584479754903,0.880462796373565,2.1461956516019254
2017-07-21 17:00:00,1.6492788064758952,0.0007789490062642041,1.648499857469631
2017-07-21 19:00:00,2.0911796770069677,0.0016419554530341571,2.0895377215539335
2017-07-21 21:00:00,2.305942908356011,0.006791718728586522,2.299151189627424
2017-07-21 23:00:00,2.8866218731284303,0.04019150376436787,2.8464303693640622
2017-07-22 01:00:00,2.9791475178683324,0.015355583641743775,2.9637919342265886
2017-07-22 03:00:00,3.8887635910228506,0.014099992044774823,3.874663598978076
2017-07-22 05:00:00,3.8273661402620376,0.004512292183811874,3.8228538480782257
2017-07-22 07:00:00,3.8250395867768714,0.015309707958485685,3.8097298788183855
2017-07-22 09:00:00,5.414968970493441,0.7396300671090906,4.67533890338435
2017-07-22 11:00:00,2.976505459908789,0.0007126217025326245,2.975792838206256
2017-07-22 13:00:00,4.4865243625994475,0.10533787919790417,4.381186483401543
2017-07-22 15:00:00,5.2627055667090525,2.260449122520657,3.0022564441883954
2017-07-22 17:00:00,5.384268976879042,1.4633676356639485,3.920901341215094
2017-07-22 19:00:00,5.160353148934552,1.8292189771097973,3.3311341718247554
2017-07-22 21:00:00,3.233165988119065,0.0003908173936339147,3.232775170725431
2017-07-22 23:00:00,2.958064844936218,0.9483500620296107,2.0097147829066073
2017-07-23 01:00:00,2.975612051853253,0.005700337132848979,2.9699117147204044
2017-07-23 03:00:00,4.351074760472265,2.9262834251984535,1.4247913352738115
2017-07-23 05:00:00,4.119779960878173,2.7093701863701742,1.4104097745079989
2017-07-23 07:00:00,4.544181031245019,2.167529603327085,2.376651427917934
2017-07-23 09:00:00,7.48554482698147,0.834440215031964,6.651104611949506
2017-07-23 13:00:00,6.39633416586519,1.2274978386842996,5.168836327180891
2017-07-23 15:00:00,3.9871356239558695,0.13237958315069512,3.8547560408051744
2017-07-23 17:00:00,2.9074775776207136,0.00010259007250406083,2.9073749875482093
2017-07-23 19:00:00,4.063070115774738,0.01263897780805165,4.050431137966687
2017-07-23 21:00:00,4.899965703223889,0.005977817384547987,4.893987885839341
2017-07-23 23:00:00,5.408469343201552,3.98908799643853e-05,5.408429452321587
2017-07-24 01:00:00,5.038014810664515,0.0007215548955306216,5.037293255768984
2017-07-24 03:00:00,5.409706875016006,0.8089450278148029,4.600761847201204
2017-07-24 05:00:00,4.299842966933691,0.007873497866112442,4.2919694690675785
2017-07-24 07:00:00,4.761484948172394,0.1309878620437437,4.63049708612865
2017-07-24 09:00:00,6.147355750205423,0.22490836886800394,5.922447381337419
2017-07-24 11:00:00,8.664804062215552,0.39387310062886854,8.270930961586684
2017-07-24 13:00:00,9.17847334591679,0.6245118384389202,8.55396150747787
2017-07-24 15:00:00,10.142226078967221,0.5471929189708737,9.595033159996348
2017-07-24 17:00:00,8.567273098272532,0.27463283321096216,8.29264026506157
2017-07-24 19:00:00,9.492234894289133,0.28857815129151676,9.203656742997616
2017-07-24 21:00:00,11.160769586170261,0.22707200771705635,10.933697578453204
2017-07-24 23:00:00,8.393361028032752,0.09226540228915245,8.3010956257436
2017-07-25 01:00:00,12.164455613320515,0.11452967335480056,12.049925939965714
2017-07-25 03:00:00,11.17508486733839,0.07118281223684661,11.103902055101543
2017-07-25 09:00:00,6.760263108296766,0.16431381574401555,6.595949292552751
2017-07-25 11:00:00,3.8933676656839307,0.05999301135439971,3.833374654329531
2017-07-25 13:00:00,2.7377698123873726,0.05143292691745035,2.686336885469922
2017-07-25 15:00:00,3.0003782886199484,0.04525945988741971,2.9551188287325285
2017-07-25 19:00:00,1.7157305397087896,0.017394653968562008,1.6983358857402275
2017-07-25 21:00:00,1.2371428475708866,0.013905518951897799,1.2232373286189888
2017-07-25 23:00:00,1.2794141139681245,0.03153499206763298,1.2478791219004917
2017-07-26 01:00:00,4.255459442397321,0.37010347288556406,3.8853559695117568
2017-07-26 03:00:00,5.591029499897937,0.23183016704412882,5.359199332853808
2017-07-26 05:00:00,5.675812918535023,0.1356432019167023,5.540169716618321
2017-07-26 07:00:00,5.0665991112373705,0.05973254967760259,5.006866561559768
2017-07-26 11:00:00,2.260079083956967,0.0007921034009040523,2.259286980556063
2017-07-26 15:00:00,5.021345279105164,0.4035662366427684,4.617779042462396
2017-07-26 17:00:00,5.732013685716262,0.7075190644352037,5.024494621281058
2017-07-26 19:00:00,4.934983037812678,0.9094683983234807,4.025514639489198
2017-07-26 21:00:00,5.67189435403076,0.9836072064600944,4.688287147570666
2017-07-27 05:00:00,2.0384436266209995,0.8132178663183576,1.2252257603026422
2017-07-27 07:00:00,2.409776801569991,1.075859961458762,1.3339168401112291
2017-07-27 09:00:00,9.786713487643258,2.705875048307011,7.080838439336247
2017-07-27 11:00:00,9.96901941101956,2.9408725101081528,7.028146900911406
2017-07-28 05:00:00,7.6011929562789655,1.0324893896223173,6.568703566656648
2017-07-28 07:00:00,6.265799147334967,2.568238161166054,3.697560986168913
2017-07-28 09:00:00,14.962496206483587,3.1662935394617833,11.796202667021804
2017-07-28 11:00:00,13.448733689914317,2.1175872055487184,11.331146484365599
2017-07-28 13:00:00,14.046013970393007,0.8020937383243224,13.243920232068685
2017-07-28 15:00:00,13.96528085114663,1.133858647009716,12.831422204136913
2017-07-28 17:00:00,14.329844965450844,2.4600280095481426,11.869816955902701
2017-07-28 19:00:00,10.773644761993637,0.3650385545016358,10.408606207492001
2017-07-28 21:00:00,13.36138339476439,0.5040238586152876,12.857359536149103
2017-07-28 23:00:00,6.940248727510196,0.3797852822725077,6.560463445237688
2017-07-29 01:00:00,3.598989671050661,1.2025661248669435,2.3964235461837173
2017-07-29 03:00:00,4.5664559334538195,0.03894226338878664,4.527513670065033
2017-07-29 05:00:00,5.565482569511941,0.31736775788635185,5.248114811625589
2017-07-29 07:00:00,8.112855522939865,0.982444748329862,7.130410774610004
2017-07-29 09:00:00,6.7289207657220595,0.40343152075295635,6.325489244969103
2017-07-29 11:00:00,6.466986149554677,0.8405071694653996,5.626478980089278
2017-07-29 13:00:00,5.007076554070811,0.30095618818945,4.706120365881361
2017-07-29 15:00:00,4.768629837426941,0.0008686778545507956,4.76776115957239
2017-07-29 17:00:00,4.793737745857764,0.0007762075767818522,4.7929615382809825
2017-07-29 19:00:00,5.188823461196554,0.0016912574495827073,5.187132203746971
2017-07-29 21:00:00,5.7452718119812,0.005574019203673495,5.739697792777527
2017-07-29 23:00:00,7.339228517072295,0.02455367234779576,7.3146748447244985
2017-07-30 01:00:00,9.573653472610399,0.04007527744261784,9.533578195167781
2017-07-30 03:00:00,6.049451273339737,0.008650613330703293,6.040800660009034
2017-07-30 05:00:00,7.444742808266351,0.02378061956656849,7.420962188699783
2017-07-30 07:00:00,4.773978091821393,1.60991818356725,3.1640599082541425
2017-07-30 09:00:00,7.791218192995137,1.3595328317974982,6.431685361197639
2017-07-30 11:00:00,7.556518316635145,1.9946289294274997,5.561889387207645
2017-07-30 13:00:00,5.482121023073627,0.00027155805540399067,5.481849465018223
2017-07-30 15:00:00,4.924169880255554,0.0017483298174353833,4.922421550438118
2017-07-30 17:00:00,5.286804746304732,0.0025386204425099246,5.284266125862222
2017-07-30 19:00:00,5.303175472230022,0.0037817316619715184,5.29939374056805
2017-07-30 21:00:00,4.376199461043423,0.011973783689656953,4.364225677353766
2017-08-01 07:00:00,5.3576889855145815,1.4403342804320343,3.9173547050825475
2017-08-01 09:00:00,2.405989898164549,0.003012089806376885,2.402977808358172
2017-08-01 15:00:00,2.560723896887057,0.018994297555609965,2.541729599331447
2017-08-01 17:00:00,3.055523529083686,0.01663726060050057,3.0388862684831857
2017-08-01 19:00:00,4.381352653198824,0.08281624580985122,4.298536407388973
2017-08-01 21:00:00,4.026003424852524,0.015632465775508714,4.010370959077015
2017-08-01 23:00:00,3.2285226701974152,0.008293139816190238,3.220229530381225
2017-08-02 01:00:00,3.6283782926079735,0.011124417034589981,3.6172538755733834
2017-08-02 03:00:00,5.282965199471645,1.3945904151460506,3.888374784325595
2017-08-02 05:00:00,5.747862590357099,2.719174290365223,3.0286882999918756
2017-08-02 07:00:00,8.629531203664737,0.0071509516641936645,8.622380252000543
2017-08-02 09:00:00,5.815598174389495,0.003055576066173333,5.812542598323322
2017-08-02 11:00:00,4.715830064101638,0.3991091903529092,4.316720873748729
2017-08-02 13:00:00,4.4184129666550565,1.39429055097587,3.024122415679186
2017-08-02 15:00:00,2.8568738009134,1.135467756783053,1.721406044130347
2017-08-02 17:00:00,3.6786767860070113,0.5567964639138193,3.121880322093192
2017-08-02 21:00:00,3.6569261654148986,0.013832922507646513,3.643093242907252
2017-08-02 23:00:00,5.060059628999255,0.003959045985684936,5.056100583013571
2017-08-03 01:00:00,4.812819308297932,0.17576644591024,4.6370528623876925
2017-08-03 03:00:00,4.945162561575704,0.18404696823019281,4.761115593345512
2017-08-03 05:00:00,3.934105903980689,0.24457174558196662,3.6895341583987227
2017-08-03 07:00:00,3.3793204606900415,0.1873275686035882,3.1919928920864535
2017-08-03 09:00:00,3.8915783863516564,0.4728555096124073,3.418722876739249
2017-08-03 11:00:00,3.1463114907289156,0.07185668645848528,3.0744548042704305
2017-08-03 13:00:00,1.8435218846043209,0.007882854742175508,1.8356390298621454
2017-08-03 15:00:00,3.081557206064736,0.049534473371719616,3.0320227326930165
2017-08-03 17:00:00,3.417546393299314,0.029283630151797198,3.388262763147517
2017-08-03 19:00:00,4.2291835814689795,0.09836838699573515,4.130815194473245
2017-08-03 21:00:00,5.195644803986773,0.17387939124628526,5.021765412740487
2017-08-03 23:00:00,4.810102214938552,0.1453164000416615,4.664785814896891
2017-08-04 01:00:00,6.307901570107713,0.08599632948877364,6.2219052406189395
2017-08-04 03:00:00,9.590433656559258,1.2512933714363343,8.339140285122923
2017-08-04 05:00:00,5.974952772733609,0.5743756350152782,5.40057713771833
2017-08-04 07:00:00,6.161588566817925,1.1197910266697837,5.041797540148141
2017-08-04 09:00:00,5.519080829703816,1.6061323311068516,3.912948498596964
2017-08-04 11:00:00,2.931152812513989,0.0009750425308758472,2.9301777699831133
2017-08-04 13:00:00,6.4010572967297685,1.1607250555466575,5.240332241183111
2017-08-04 15:00:00,5.522607279629657,0.884851607359662,4.637755672269995
2017-08-04 17:00:00,3.478484301784733,1.1981944493787147,2.2802898524060184
2017-08-04 19:00:00,1.5777953691683024,0.5814781618685568,0.9963172072997456
2017-08-04 21:00:00,3.248676876859692,0.008171626511902404,3.24050525034779
2017-08-04 23:00:00,5.1102187138435236,0.03951440058076423,5.070704313262759
2017-08-05 01:00:00,3.81953059482071,0.03153556155645567,3.787995033264254
2017-08-05 03:00:00,6.111041522846601,1.9484188568463239,4.162622666000277
2017-08-05 05:00:00,5.824483753324329,2.035325511198972,3.789158242125357
2017-08-05 07:00:00,5.637284680224827,1.9145693212202781,3.722715359004549
2017-08-05 09:00:00,3.7863366321990912,1.4863369916268812,2.29999964057221
2017-08-05 11:00:00,2.2647063872083577,0.006502705751613978,2.258203681456744
2017-08-05 13:00:00,2.4135982292148404,0.08659425961927224,2.327003969595568
2017-08-05 15:00:00,2.3198229712886524,0.010593391045072694,2.3092295802435796
2017-08-05 17:00:00,2.3215156972420394,0.06329161141682502,2.2582240858252143
2017-08-05 19:00:00,2.3176187053810158,0.1796954442649626,2.137923261116053
2017-08-05 21:00:00,2.524065168681449,0.20502495483652095,2.319040213844928
2017-08-05 23:00:00,3.8207057870139547,0.5771845705477061,3.2435212164662484
2017-08-06 01:00:00,3.634027666530411,0.7956472511490154,2.8383804153813954
2017-08-06 03:00:00,4.976648279188653,1.3490401753653651,3.6276081038232872
2017-08-06 05:00:00,5.270049120023451,1.0501604903070711,4.21988862971638
2017-08-06 07:00:00,4.202527073590447,0.6917492120839135,3.5107778615065337
2017-08-06 09:00:00,3.194884797747609,0.9287650704507362,2.2661197272968727
2017-08-06 11:00:00,3.5567836897466703,0.8335863947531855,2.7231972949934846
2017-08-06 13:00:00,1.6186122666000358,0.001681069231634777,1.616931197368401
2017-08-06 15:00:00,1.7957216456556349,0.007655306998767685,1.7880663386568671
2017-08-06 17:00:00,1.3786975275283688,0.00815616073736759,1.3705413667910011
2017-08-06 19:00:00,3.3428739622299437,1.12679947611592,2.2160744861140236
2017-08-06 21:00:00,2.3476381590698043,0.008235311843130559,2.339402847226674
2017-08-06 23:00:00,4.345585652518734,0.6528796772060294,3.692705975312705
2017-08-07 01:00:00,5.708776787089293,0.2961018172349249,5.4126749698543675
2017-08-07 03:00:00,3.873600149469203,0.17722575111395492,3.696374398355248
2017-08-07 05:00:00,1.076667250173686,0.05148422327155975,1.0251830269021263
2017-08-07 07:00:00,0.3312721758839086,0.0002028826258930586,0.33106929325801554
2017-08-07 09:00:00,1.449391904565691,0.0002462185060371567,1.4491456860596537
2017-08-07 11:00:00,2.7065871818950606,0.006915194623102437,2.6996719872719583
2017-08-07 13:00:00,4.715969307081374,0.009448283788193861,4.70652102329318
2017-08-07 15:00:00,3.711607079214702,0.018753503546056944,3.6928535756686447
2017-08-07 17:00:00,3.8198678064361316,0.0020773995835917784,3.8177904068525397
2017-08-07 19:00:00,6.085752177397587,0.09596337343251175,5.989788803965075
2017-08-07 21:00:00,6.010194168442679,0.03937851976168398,5.970815648680995
2017-08-07 23:00:00,4.153885876451825,0.0016128835102040785,4.1522729929416204
2017-08-08 01:00:00,6.1018226493218855,0.06829306884935442,6.033529580472531
2017-08-08 03:00:00,5.951208208281663,0.09054014794762721,5.860668060334036
2017-08-08 05:00:00,4.803368907825703,0.16032784168255607,4.643041066143147
2017-08-08 07:00:00,4.866045523506472,0.17860775185135272,4.6874377716551185
2017-08-08 09:00:00,9.848741177816356,0.22967895072485348,9.619062227091502
2017-08-08 11:00:00,6.297383599408931,1.1330358674152323,5.164347731993699
2017-08-08 13:00:00,2.079804992806093,0.01677237829118402,2.063032614514909
2017-08-08 15:00:00,3.835279997485982,0.012981389407014467,3.8222986080789676
2017-08-08 17:00:00,4.455860797225845,0.015347037929166757,4.440513759296678
2017-08-08 19:00:00,9.225771600675404,0.33856252934941594,8.887209071325989
2017-08-08 21:00:00,9.030410019311875,0.07376285082613654,8.956647168485738
2017-08-08 23:00:00,10.811946885720706,0.024124767476534383,10.787822118244172
2017-08-09 01:00:00,13.071108547619756,2.184508674906819,10.886599872712937
2017-08-09 03:00:00,9.720205076858194,0.6000037577304892,9.120201319127705
2017-08-09 05:00:00,8.91896973773843,0.00012961121042183324,8.918840126528007
2017-08-09 07:00:00,8.431350560635517,0.27125544100223753,8.16009511963328
2017-08-09 09:00:00,7.865438163243494,0.0022046599418874034,7.863233503301607
2017-08-09 11:00:00,6.697443629251574,0.11484194994759268,6.582601679303981
2017-08-09 13:00:00,4.571103965282701,0.00027819832485076695,4.57082576695785
2017-08-09 15:00:00,5.249946785791376,0.05060004714207607,5.1993467386493
2017-08-09 17:00:00,4.852025909140031,0.00877378452040895,4.843252124619622
2017-08-09 19:00:00,5.705069216096174,0.007328562882657442,5.697740653213517
2017-08-09 21:00:00,7.4331427821068585,0.12322697986805117,7.309915802238807
2017-08-11 03:00:00,5.191945810763469,0.02524475967225507,5.166701051091215
2017-08-11 05:00:00,7.167694016421722,0.09150102319547194,7.0761929932262495
2017-08-11 07:00:00,7.326887631503771,0.13873494754420732,7.188152683959564
2017-08-11 09:00:00,7.115454376806962,0.13261869731792206,6.98283567948904
2017-08-11 11:00:00,5.673743977751764,0.02154918722996698,5.652194790521797
2017-08-11 13:00:00,6.24568218166433,0.03314985272323976,6.212532328941091
2017-08-11 15:00:00,5.076450725663313,0.017737488739249848,5.0587132369240635
2017-08-11 17:00:00,6.78301644850096,0.008653205229014038,6.774363243271946
2017-08-11 19:00:00,5.941777331448062,0.012229801290913259,5.929547530157149
2017-08-11 21:00:00,6.554025045173193,0.052872852281994946,6.501152192891198
2017-08-11 23:00:00,8.43931271449983,0.4222496948162987,8.01706301968353
2017-08-12 01:00:00,6.20823184186563,0.0143492066192943,6.193882635246336
2017-08-12 03:00:00,6.693550232927871,0.027894511792749276,6.6656557211351215
2017-08-12 05:00:00,6.013237448629606,0.035995112495867496,5.977242336133738
2017-08-12 07:00:00,7.092912795934836,0.16203354443957918,6.9308792514952575
2017-08-12 09:00:00,5.542822175696899,0.061155311475465816,5.481666864221433
2017-08-12 11:00:00,6.015339827533417,0.012887114817083399,6.002452712716334
2017-08-12 13:00:00,7.080443513123548,0.018132998318308547,7.062310514805239
2017-08-12 15:00:00,8.725044636189168,0.010699987944632991,8.714344648244534
2017-08-12 17:00:00,15.503504025977474,0.5576091383585898,14.945894887618884
2017-08-12 19:00:00,17.50691103220271,0.3867824325560425,17.120128599646666
2017-08-12 21:00:00,20.54846394734036,0.7299025592287269,19.818561388111632
2017-08-12 23:00:00,11.670739275381736,0.8751811844305901,10.795558090951147
2017-08-13 01:00:00,7.826652051380678,0.2813469585592944,7.545305092821383
2017-08-13 03:00:00,8.376353165300884,0.3222736085037513,8.054079556797133
2017-08-13 05:00:00,9.481628875934168,0.3943463716172618,9.087282504316907
2017-08-13 07:00:00,10.024545786925218,0.3534200599616542,9.671125726963563
2017-08-13 09:00:00,7.654762228535756,0.6291240956339766,7.02563813290178
2017-08-13 11:00:00,6.8068290061524905,1.0608061763339713,5.74602282981852
2017-08-13 13:00:00,4.2021763771248,0.26185587561795765,3.940320501506843
2017-08-13 17:00:00,0.7174244695721576,0.021623413236057737,0.6958010563360998
2017-08-13 19:00:00,3.915883106152798,0.42901747813634467,3.4868656280164534
2017-08-13 21:00:00,3.325830619370106,0.6373335394909619,2.688497079879144
2017-08-13 23:00:00,1.3772975017386169,0.568957498503239,0.808340003235378
2017-08-14 01:00:00,1.1988217545679614,0.46324939452600195,0.7355723600419594
2017-08-14 05:00:00,2.0323158581283245,0.45943161581483516,1.5728842423134892
2017-08-14 07:00:00,2.191241362493569,0.4381190621349013,1.753122300358668
2017-08-14 09:00:00,0.6501451500768954,0.16286346509491562,0.4872816849819798
2017-08-15 11:00:00,2.2411133171098574,0.015260242840736073,2.2258530742691214
2017-08-15 17:00:00,3.106988955782177,0.004684377358518128,3.1023045784236585
2017-08-15 19:00:00,3.462196282935325,0.005185278143690387,3.4570110047916347
2017-08-15 21:00:00,3.0795084631289917,0.007933052931841631,3.07157541019715
2017-08-17 01:00:00,8.735054224399804,0.06035199082235157,8.674702233577452
2017-08-17 03:00:00,8.420716476409142,0.04834110987638514,8.372375366532756
2017-08-17 05:00:00,10.97295700259517,0.1560262234211779,10.816930779173992
2017-08-17 07:00:00,11.590965922337578,0.08019615443274947,11.510769767904828
2017-08-17 09:00:00,11.188561082696788,0.208331549706719,10.98022953299007
2017-08-17 11:00:00,11.374413402032111,0.7702746629783269,10.604138739053784
2017-08-17 13:00:00,9.71232116273345,0.23691221752192332,9.475408945211527
2017-08-17 15:00:00,9.679833268563675,0.003032364291351097,9.676800904272323
2017-08-17 17:00:00,8.398796160284155,0.03794284692854413,8.36085331335561
2017-08-17 19:00:00,9.623272349131266,0.1168392189862962,9.50643313014497
2017-08-17 21:00:00,10.88549676528211,0.05537105615815536,10.830125709123955
2017-08-17 23:00:00,10.184971693735594,0.01021142505447793,10.174760268681116
2017-08-18 01:00:00,9.305872636275206,0.003584914692741712,9.302287721582465
2017-08-18 03:00:00,10.047256616467857,0.07465244730590573,9.97260416916195
2017-08-18 05:00:00,10.392735206994082,0.2774241367310354,10.115311070263047
2017-08-18 07:00:00,13.315221005032996,1.6049414420229506,11.710279563010046
2017-08-18 09:00:00,15.921198082701533,1.2055401955894007,14.715657887112133
2017-08-18 11:00:00,15.524817137239705,0.9380114451077531,14.586805692131952
2017-08-18 13:00:00,13.819709664183376,0.7884529022746568,13.03125676190872
2017-08-18 15:00:00,4.960380278733273,0.00907397234298433,4.951306306390288
2017-08-18 17:00:00,4.143390901257199,0.024949766074643467,4.118441135182556
2017-08-18 19:00:00,4.900828433779492,0.07526800871656898,4.825560425062923
2017-08-18 21:00:00,5.849641241857975,0.12378598094031491,5.72585526091766
2017-08-18 23:00:00,5.382252096600109,0.0315214510311945,5.350730645568914
2017-08-19 01:00:00,5.929762522906254,0.06393571559988187,5.865826807306371
2017-08-19 03:00:00,5.8838711237204135,0.13229663426679558,5.751574489453618
2017-08-19 05:00:00,11.298917054490548,0.5014343305960671,10.79748272389448
2017-08-19 07:00:00,11.79743841903306,0.669217142923034,11.128221276110027
2017-08-19 09:00:00,9.757031416692733,0.6896801696816277,9.067351247011105
2017-08-19 11:00:00,9.13414003592988,0.540324859748893,8.593815176180987
2017-08-19 13:00:00,6.180684724888509,0.3791657159453203,5.801519008943188
2017-08-19 15:00:00,10.857752349348448,1.6351856733206018,9.222566676027848
2017-08-19 17:00:00,14.099135330957473,1.7243429787490578,12.374792352208415
2017-08-19 19:00:00,5.052170135308202,0.17850036047364587,4.873669774834556
2017-08-19 21:00:00,5.108635327237135,0.31596942156793256,4.792665905669202
2017-08-19 23:00:00,4.6195089363634,0.1843832878054488,4.435125648557951
2017-08-20 01:00:00,2.987309043546109,0.0588180769661297,2.9284909665799796
2017-08-20 03:00:00,3.25879317613238,0.2017016637597509,3.057091512372629
2017-08-20 05:00:00,6.258266813741064,0.711382305142266,5.546884508598798
2017-08-20 07:00:00,5.342173861184107,0.870160658721918,4.472013202462189
2017-08-20 09:00:00,3.37409747938198,0.6722067669589058,2.701890712423074
2017-08-20 11:00:00,1.9917580305300908,0.6524166000087682,1.3393414305213227
2017-08-20 13:00:00,2.3687660337049494,0.8939090526448413,1.474856981060108
2017-08-20 15:00:00,1.9289959490442006,0.014624008422159692,1.914371940622041
2017-08-20 17:00:00,2.904448746385671,0.18665268882681543,2.7177960575588553
2017-08-20 19:00:00,4.845560576247053,0.4816171444092333,4.36394343183782
2017-08-20 21:00:00,4.856827380892994,0.5385661659826265,4.318261214910367
2017-08-20 23:00:00,5.251292407675822,0.6892883167474507,4.5620040909283714
2017-08-21 01:00:00,4.691966968331246,0.8691886757057248,3.8227782926255216
2017-08-21 03:00:00,6.117205791619338,0.7884196762391326,5.328786115380206
2017-08-21 05:00:00,7.13890273015692,0.7423623243936741,6.396540405763245
2017-08-21 07:00:00,8.13851902286711,0.6945334649093133,7.443985557957797
2017-08-21 09:00:00,6.7204035557057065,0.7248958679321231,5.995507687773584
2017-08-21 11:00:00,6.732582820777593,0.7306361012422151,6.001946719535378
2017-08-21 13:00:00,5.626781875496713,0.8541070904927507,4.772674785003962
2017-08-21 15:00:00,5.8134955168932025,1.3093714956847793,4.5041240212084235
2017-08-21 17:00:00,5.870896445763044,1.1718523099914013,4.6990441357716435
2017-08-21 19:00:00,1.8053161175000447,0.003396814752630108,1.8019193027474145
2017-08-21 21:00:00,2.056799606687378,0.00548877552918233,2.0513108311581956
2017-08-21 23:00:00,2.5239257289849553,0.010054925585292482,2.5138708033996626
2017-08-22 01:00:00,3.5571980839426827,0.026440000283772712,3.53075808365891
2017-08-22 03:00:00,3.8192434475294146,0.07548313082890475,3.74376031670051
2017-08-22 09:00:00,2.8728231778518905,0.20641239171186515,2.6664107861400255
2017-08-22 15:00:00,5.625709057737723,1.5783456852349604,4.047363372502762
2017-08-22 17:00:00,4.060059603726841,0.024887119043031147,4.03517248468381
2017-08-22 19:00:00,2.209819376496718,0.0002957370826811796,2.2095236394140367
2017-08-22 21:00:00,2.8974954047041144,0.9443215375090334,1.953173867195081
2017-08-22 23:00:00,2.235825447443425,0.012342214024336972,2.2234832334190884
2017-08-23 01:00:00,2.2558305760433583,0.0031788152636881965,2.25265176077967
2017-08-23 03:00:00,5.744048227947178,0.894383776414016,4.849664451533162
2017-08-23 05:00:00,7.277673721776287,0.7649551391626166,6.512718582613671
2017-08-23 07:00:00,2.8425725653240583,0.2032326104873438,2.6393399548367147
2017-08-23 11:00:00,1.562308086421453,0.21067833931674296,1.3516297471047098
2017-08-23 13:00:00,0.3551795311105212,0.0009313397758880594,0.35424819133463314
2017-08-23 15:00:00,2.8624043798187757,0.08674740983821243,2.775656969980563
2017-08-23 17:00:00,1.934014352352636,0.19913260044707215,1.734881751905564
2017-08-23 19:00:00,2.1595987252828093,0.1985761691185009,1.9610225561643084
2017-08-24 23:00:00,1.2906082806878616,0.04556836548291054,1.2450399152049512
2017-08-25 01:00:00,1.2040119390531356,0.06046365166961294,1.1435482873835228
2017-08-25 03:00:00,1.1858836577677316,0.07639893923739907,1.1094847185303325
2017-08-25 05:00:00,1.1577402365160212,0.10402714901148638,1.0537130875045349
2017-08-25 07:00:00,1.4042829525783787,0.0025084850467503245,1.4017744675316284
2017-08-25 09:00:00,1.3916275449193987,0.006823391888269319,1.3848041530311292
2017-08-25 11:00:00,1.3003660443117655,0.0006066253083129068,1.2997594190034525
2017-08-25 13:00:00,1.378832470465116,0.001646075249608371,1.3771863952155077
2017-08-25 17:00:00,1.2739778683884329,0.0244694645156259,1.249508403872807
2017-08-25 19:00:00,2.464328046306784,0.08966491885863116,2.3746631274481524
2017-08-25 21:00:00,2.862269996940922,0.11274556524623842,2.7495244316946836
2017-08-25 23:00:00,2.5752454757634258,0.14188378382871414,2.4333616919347114
2017-08-26 01:00:00,3.0768558464131814,0.5816645243407975,2.495191322072384
2017-08-26 03:00:00,2.801299467634498,0.5331996568768823,2.2680998107576156
2017-08-26 05:00:00,1.4270853615669292,0.4452469260397509,0.9818384355271784
2017-08-26 09:00:00,1.1488754762080005,0.07524232284662771,1.0736331533613728
2017-08-28 05:00:00,4.419709852982961,0.42632733167294884,3.9933825213100116
2017-08-28 07:00:00,3.9312763218874114,0.465093859760778,3.4661824621266333
2017-08-28 17:00:00,2.5260890216854786,0.40615432811211205,2.1199346935733665
2017-08-28 19:00:00,2.722944062044097,0.1868710654178849,2.536072996626212
2017-08-28 23:00:00,1.126758455370427,0.0034171464257646243,1.1233413089446624
2017-08-29 01:00:00,1.492259998216014,0.01956967427620055,1.4726903239398135
2017-08-29 03:00:00,1.4090296410850514,0.013919005500621886,1.3951106355844294
2017-09-05 01:00:00,1.2110954665391271,0.13499984937594078,1.0760956171631864
2017-09-05 03:00:00,1.1847266417805196,0.05145042203822634,1.1332762197422932
2017-09-05 05:00:00,1.3303560808557975,0.0313726757680319,1.2989834050877656
2017-09-05 11:00:00,1.7204291439239328,0.03778345001812407,1.6826456939058088
2017-09-05 13:00:00,1.8705822089832345,0.04530567036730423,1.8252765386159302
2017-09-05 15:00:00,1.6961618057614947,0.04765784896401994,1.6485039567974746
2017-09-05 17:00:00,1.5476370020516208,0.023121861156885894,1.5245151408947348
2017-09-05 19:00:00,2.4089217263977347,0.13963099581022426,2.2692907305875103
2017-09-05 21:00:00,1.6381364910976077,0.0041140974936251665,1.6340223936039826
2017-09-05 23:00:00,2.1531055707325493,0.0902267368000669,2.062878833932482
2017-09-06 01:00:00,2.5005020766486963,0.22399328968287135,2.2765087869658247
2017-09-06 03:00:00,4.420830906020328,0.934687829224435,3.486143076795893
2017-09-06 05:00:00,5.1054037272771415,0.7698703825839032,4.335533344693238
2017-09-06 07:00:00,2.9972363699434954,0.21105460655970398,2.7861817633837913
2017-09-06 09:00:00,3.287342769207775,0.3181832802975813,2.9691594889101935
2017-09-06 11:00:00,3.355543083411231,0.30782038648354904,3.047722696927682
2017-09-06 15:00:00,0.97338880299547,0.5862440009561699,0.38714480203930013
2017-09-06 17:00:00,1.2313722951880122,0.5388224692833572,0.6925498259046549
2017-09-06 19:00:00,4.194900949811023,0.7894645752046133,3.4054363746064102
2017-09-06 21:00:00,2.9527497837344754,0.8550743847640793,2.097675398970396
2017-09-06 23:00:00,1.5595740472417714,0.028448547076014553,1.5311255001657569
2017-09-07 01:00:00,1.722646249541877,0.005400443960421727,1.7172458055814552
2017-09-07 03:00:00,1.7409891987686095,0.0129060966141545,1.728083102154455
2017-09-07 05:00:00,3.745620277338576,0.2791250835325286,3.4664951938060473
2017-09-07 07:00:00,4.624377409504336,0.9877406861852288,3.6366367233191075
2017-09-07 09:00:00,2.5810897400487347,0.14396113512047234,2.4371286049282626
2017-09-07 11:00:00,5.688557237217763,0.5498516316913219,5.138705605526441
2017-09-07 13:00:00,6.016824185998163,0.37963458452623594,5.637189601471928
2017-09-07 15:00:00,1.2135088618224374,0.01595459950256839,1.197554262319869
2017-09-07 17:00:00,1.8760308033867743,0.033089211598009476,1.8429415917887648
2017-09-07 19:00:00,5.662043349299872,0.6601525038315519,5.001890845468321
2017-09-07 21:00:00,3.0891284483605657,0.49039917862606697,2.598729269734499
2017-09-07 23:00:00,2.8585674646571464,0.32696657994625844,2.5316008847108877
2017-09-08 01:00:00,2.509667201147988,0.25364016114089843,2.2560270400070896
2017-09-08 03:00:00,2.12206720866796,0.29260930810464186,1.8294579005633185
2017-09-08 05:00:00,2.107824400776376,0.2817051460074046,1.8261192547689715
2017-09-08 07:00:00,2.213834393525333,0.21907623856437242,1.9947581549609608
2017-09-08 09:00:00,3.017616460576882,0.16746871178784511,2.8501477487890368
2017-09-08 13:00:00,0.45484834835179777,0.1627400849043328,0.29210826344746493
2017-09-08 15:00:00,0.7350330830207943,0.1804850362724139,0.5545480467483803
2017-09-08 19:00:00,0.6654989254526257,0.003720549444408196,0.6617783760082174
2017-09-08 21:00:00,1.1466988240024312,0.04253810807903056,1.1041607159234006
2017-09-08 23:00:00,2.0542556712133235,0.01637956687203204,2.0378761043412914
2017-09-09 01:00:00,1.6414598820840274,0.00983427712279884,1.6316256049612285
2017-09-09 03:00:00,3.6072151625464777,0.8006547182593162,2.8065604442871614
2017-09-09 05:00:00,5.578933547065484,0.7775943356743807,4.801339211391103
2017-09-09 07:00:00,5.9667740702115815,0.524416682337756,5.442357387873826
2017-09-09 09:00:00,4.287174391952211,0.4962163126982083,3.7909580792540027
2017-09-09 11:00:00,4.240985000833909,0.4667916189198395,3.7741933819140696
2017-09-09 13:00:00,3.148180658611173,0.49215299015722536,2.6560276684539477
2017-09-09 15:00:00,3.0962338024467364,0.42966987148253843,2.6665639309641977
2017-09-09 17:00:00,3.9364122948766362,0.33968409600183674,3.5967281988747994
2017-09-09 19:00:00,4.050082034597597,0.3760572021907215,3.674024832406876
2017-09-09 21:00:00,5.636595248320338,0.37093026355906744,5.265664984761271
2017-09-09 23:00:00,6.554844758350408,0.4472614904523118,6.107583267898097
2017-09-10 01:00:00,4.070250293335753,0.43088432068677884,3.639365972648974
2017-09-10 03:00:00,3.661165166565447,0.625515367225817,3.0356497993396303
2017-09-10 05:00:00,6.496201050613073,1.2039324455264844,5.292268605086589
2017-09-10 07:00:00,9.79907596907751,1.296034611788684,8.503041357288826
2017-09-10 09:00:00,13.375099854686285,2.1664998611047364,11.208599993581549
2017-09-10 11:00:00,13.059514091223244,2.8307174596074827,10.228796631615761
2017-09-10 13:00:00,9.277214924013956,2.432427038442113,6.844787885571843
2017-09-10 15:00:00,6.140042206043648,1.3236741354277033,4.816368070615945
2017-09-10 17:00:00,5.872521758105934,0.7105475391996133,5.161974218906321
2017-09-10 19:00:00,1.7178028841074673,0.001022048004506999,1.7167808361029604
2017-09-10 21:00:00,4.607325051820742,0.9368701727167075,3.6704548791040343
2017-09-10 23:00:00,3.512245520694252,1.1011558918157802,2.411089628878472
2017-09-11 01:00:00,1.1820233139447183,0.5951062692724296,0.5869170446722888
2017-09-11 03:00:00,1.31437417998524,0.32181996505815685,0.9925542149270831
2017-09-11 05:00:00,3.1836859479799724,0.544791913692173,2.6388940342877993
2017-09-11 07:00:00,4.2769992662299465,0.8197897130467129,3.457209553183233
2017-09-11 09:00:00,5.766079494755624,0.47487871372919105,5.291200781026434
2017-09-11 11:00:00,5.946284195220754,0.4345058663635412,5.511778328857212
2017-09-11 13:00:00,5.804550850972403,0.5040587655874486,5.300492085384954
2017-09-11 15:00:00,3.08424835903735,0.0017766184178333757,3.082471740619517
2017-09-11 17:00:00,2.476271391529501,0.009808319158675916,2.466463072370825
2017-09-11 19:00:00,2.7293809089943664,0.017375744584140367,2.712005164410226
2017-09-11 21:00:00,2.7740912180309705,0.012169930283809277,2.7619212877471613
2017-09-11 23:00:00,3.885895580912804,0.14571704284341921,3.740178538069385
2017-09-12 01:00:00,6.311087137742142,0.5786166793195315,5.73247045842261
2017-09-12 03:00:00,9.389432309738828,1.1182290009232976,8.27120330881553
2017-09-12 13:00:00,0.7621420743562579,0.45717954693491586,0.30496252742134206
2017-09-12 15:00:00,1.7165257639265188,0.5945073397365853,1.1220184241899334
2017-09-12 17:00:00,2.9598248247220953,0.47746565696527005,2.482359167756825
2017-09-12 19:00:00,1.8044969613145556,0.005454608962816854,1.7990423523517387
2017-09-12 21:00:00,2.420710037175164,0.01909329279503306,2.401616744380131
2017-09-12 23:00:00,2.1260727873492162,0.003747665883681682,2.1223251214655345
2017-09-13 01:00:00,8.379060237717859,0.9888808494686067,7.390179388249251
2017-09-13 03:00:00,7.421728789418645,1.3655460229933434,6.056182766425302
2017-09-13 05:00:00,8.839223961314634,0.8847565086128828,7.954467452701751
2017-09-13 07:00:00,9.365655053592164,0.7054202708691226,8.660234782723041
2017-09-13 11:00:00,7.257490011313034,0.7528524681224201,6.504637543190614
2017-09-13 13:00:00,6.064470971552294,0.7845041475210028,5.279966824031291
2017-09-13 15:00:00,5.5298142222729885,1.1479600302832769,4.381854191989712
2017-09-13 17:00:00,4.955606104461078,0.878699570963968,4.076906533497111
2017-09-13 19:00:00,3.8251501296436876,0.6248763334514276,3.20027379619226
2017-09-13 21:00:00,1.6840134574280818,0.011217772777913975,1.672795684650168
2017-09-13 23:00:00,1.8257162803838887,0.007563120666935362,1.8181531597169533
2017-09-14 03:00:00,2.215912160737735,0.34882189285679477,1.8670902678809402
2017-09-14 05:00:00,1.3086139883839996,0.3427058892537052,0.9659080991302944
2017-09-14 07:00:00,1.1578567387248686,0.6459845229604232,0.5118722157644453
2017-09-14 09:00:00,3.4224090449003786,0.6303714415220864,2.7920376033782923
2017-09-14 11:00:00,5.001890532435466,0.5005682970531958,4.50132223538227
2017-09-14 13:00:00,5.199641249496881,0.47798703187493424,4.721654217621946
2017-09-14 15:00:00,4.955425948689733,0.49690267332143273,4.4585232753683
2017-09-14 17:00:00,5.061417969055885,0.8952001136094895,4.166217855446395
2017-09-14 19:00:00,4.966288763897163,0.7485067159220014,4.217782047975161
2017-09-14 21:00:00,5.358666304449116,0.8247285186774602,4.533937785771656
2017-09-14 23:00:00,6.825037838925054,1.2653997589798518,5.559638079945202
2017-09-15 01:00:00,8.371800621410237,2.1775868494673247,6.194213771942913
2017-09-15 03:00:00,7.133587705372891,1.7507840036271811,5.38280370174571
2017-09-15 05:00:00,8.095764810667813,1.3095903947599676,6.786174415907845
2017-09-15 11:00:00,2.0101394567956126,0.09301982784991869,1.917119628945694
2017-09-15 13:00:00,0.2735988047445372,0.0025468496285528993,0.2710519551159843
2017-09-15 15:00:00,3.335451164245609,0.055027932463840856,3.2804232317817683
2017-09-15 17:00:00,1.5617734368786336,0.056637074291392774,1.5051363625872407
2017-09-15 19:00:00,1.560169724394329,0.13461315917996722,1.4255565652143618
2017-09-15 21:00:00,1.4693150392512506,0.10851710219903729,1.3607979370522134
2017-09-15 23:00:00,2.0142433676390796,0.1802278507090631,1.8340155169300165
2017-09-16 01:00:00,1.1268157666167504,0.2855228278935304,0.8412929387232201
2017-09-16 03:00:00,1.237130606772531,0.3518112513219283,0.8853193554506027
2017-09-16 07:00:00,1.1886327252594713,0.30587646052751327,0.8827562647319581
2017-09-16 13:00:00,0.36645215418536087,0.308382174106022,0.05806998007933889
2017-09-16 15:00:00,0.595076431042783,0.34586001367358676,0.24921641736919625
2017-09-16 19:00:00,0.9536989098477622,0.02219857211162779,0.9315003377361344
2017-09-16 21:00:00,0.8100030234435756,0.35928572740943404,0.45071729603414157
2017-09-16 23:00:00,1.2098087419886296,0.6354632710312219,0.5743454709574077
2017-09-17 01:00:00,2.2950996678996365,0.5176042519549402,1.777495415944696
2017-09-17 03:00:00,0.6962090528948884,0.4979891091868756,0.1982199437080128
2017-09-17 05:00:00,1.720779817168916,0.6810859775242931,1.039693839644623
2017-09-17 07:00:00,2.3271559789244183,0.5010033143715704,1.8261526645528479
2017-09-17 09:00:00,1.879033269105411,0.18327214184529078,1.6957611272601203
2017-09-17 13:00:00,1.6828872489262485,0.31703447989265665,1.365852769033592
2017-09-17 15:00:00,0.7487614237995871,0.0004921877081413043,0.7482692360914458
2017-09-17 17:00:00,0.6758096999121481,0.0019009779796514642,0.6739087219324966
2017-09-17 19:00:00,0.649949856967794,0.0038012036154438087,0.6461486533523502
2017-09-17 21:00:00,0.6430998315185895,0.007887078761492554,0.635212752757097
2017-09-18 01:00:00,0.8213446085115323,0.005810723573620261,0.8155338849379121
2017-09-18 03:00:00,1.2034263886431815,0.33776840722465923,0.8656579814185223
2017-09-18 07:00:00,1.3589090751039907,0.047471278628363284,1.3114377964756274
2017-09-18 13:00:00,0.5907988954135819,0.003448573528512157,0.5873503218850697
2017-09-18 15:00:00,0.8554170015696725,0.002324577139443975,0.8530924244302285
2017-09-18 17:00:00,0.6283766993477231,0.06674449967134977,0.5616321996763733
2017-09-18 21:00:00,0.9390866216387773,0.036488266621254074,0.9025983550175233
2017-09-18 23:00:00,0.9187512369915406,0.035190193438030586,0.8835610435535101
2017-09-19 01:00:00,3.584686932156794,0.08333409045876858,3.5013528416980253
2017-09-19 03:00:00,2.3031406632409124,0.05091360673631972,2.2522270565045925
2017-09-21 03:00:00,4.193961661700961,0.567799965169251,3.6261616965317107
2017-09-21 05:00:00,5.119358151875175,0.4985297988751032,4.620828353000071
2017-09-21 07:00:00,5.428776262424965,0.37185421219014625,5.056922050234819
2017-09-21 09:00:00,5.878325064232819,0.36856375029162597,5.509761313941193
2017-09-21 11:00:00,5.697842014237837,0.3964158794946293,5.301426134743208
2017-09-21 13:00:00,8.821178721688508,0.2602211577687938,8.560957563919715
2017-09-21 15:00:00,11.41914892768269,0.32910880876516163,11.090040118917528
2017-09-21 17:00:00,15.096641098762152,0.7994285966092505,14.297212502152902
2017-09-21 19:00:00,7.191623009473828,0.0717049053030813,7.119918104170747
2017-09-21 21:00:00,5.440363557726161,0.08438399111574264,5.355979566610419
2017-09-21 23:00:00,4.588115295424874,0.41730140579844566,4.170813889626428
2017-09-22 01:00:00,4.16791285634617,0.7524828230556534,3.4154300332905168
2017-09-22 03:00:00,4.904188737266255,0.30266434909482665,4.601524388171428
2017-09-22 05:00:00,4.9516357743711,0.041167781186765874,4.9104679931843345
2017-09-22 07:00:00,3.211963108852862,0.0944440481661997,3.1175190606866625
2017-09-22 09:00:00,3.880444100620014,0.11888272493354711,3.7615613756864668
2017-09-22 11:00:00,6.092850570153616,0.21467351872383478,5.878177051429781
2017-09-22 13:00:00,4.9849486319991065,0.1564319736667311,4.828516658332376
2017-09-22 15:00:00,4.414841792943379,0.07642464795984057,4.338417144983539
2017-09-22 17:00:00,1.892901561311319,0.00888109293518153,1.8840204683761375
2017-09-22 19:00:00,1.3042256941001662,0.004813498581544555,1.2994121955186217
2017-09-22 21:00:00,4.840224049878932,0.4882008005673891,4.352023249311543
2017-09-22 23:00:00,6.323524322803696,0.5299775934041852,5.793546729399511
2017-09-23 01:00:00,6.278503820686047,0.31891181826783654,5.95959200241821
2017-09-23 03:00:00,6.430134781892498,0.30868469234064966,6.121450089551848
2017-09-23 05:00:00,6.485355604069077,0.3345968008652594,6.150758803203817
2017-09-23 07:00:00,8.874714402271179,0.43468797535842,8.440026426912759
2017-09-23 09:00:00,9.024463715715878,0.45030289262792844,8.57416082308795
2017-09-23 11:00:00,5.077284138719134,0.11695489921097013,4.960329239508163
2017-09-23 13:00:00,7.817388820510995,0.42490071600201285,7.392488104508983
2017-09-23 15:00:00,9.938907159657681,0.8410941971482913,9.09781296250939
2017-09-23 17:00:00,9.93640633500635,1.1896124033365199,8.74679393166983
2017-09-23 19:00:00,10.37967558847189,1.5383870707300138,8.841288517741877
2017-09-23 21:00:00,11.544975544644355,2.541229440660782,9.003746103983573
2017-09-23 23:00:00,9.747258336004283,2.508850139388061,7.238408196616223
2017-09-24 01:00:00,8.405510199197282,5.831415213426219,2.5740949857710635
2017-09-24 03:00:00,10.003139252276725,3.2852241209188935,6.717915131357831
2017-09-24 05:00:00,10.189082235960832,1.8507280637234569,8.338354172237375
2017-09-24 07:00:00,9.301975970442255,3.139328039851823,6.162647930590432
2017-09-24 09:00:00,8.656323801276091,4.301304344758402,4.355019456517689
2017-09-24 11:00:00,5.7647694185976395,0.016174900955706784,5.748594517641933
2017-09-24 13:00:00,5.098420310337672,0.0009051133598751746,5.097515196977797
2017-09-24 17:00:00,6.782140542141329,0.0017435258781182972,6.780397016263211
2017-09-24 19:00:00,6.867236469667999,0.001855356033921794,6.865381113634077
2017-09-24 21:00:00,8.539363612456937,4.877114650522456,3.662248961934481
2017-09-24 23:00:00,9.311349764659697,0.19412080316255886,9.117228961497139
2017-09-25 01:00:00,10.219017927134884,0.00022312255728901438,10.218794804577595
2017-09-25 03:00:00,11.070237457024058,0.0017834639378326495,11.068453993086226
2017-09-25 05:00:00,12.355999360357368,1.5110700228030558,10.844929337554312
2017-09-25 07:00:00,12.367945966956373,2.0983409824700954,10.269604984486278
2017-09-25 09:00:00,12.196533826714415,4.786752087669072,7.409781739045343
2017-09-25 11:00:00,11.622362792946705,0.027553132100834883,11.59480966084587
2017-09-25 13:00:00,7.564806849907518,0.5248066100880198,7.040000239819498
2017-09-25 15:00:00,10.126204204925724,0.07640795362048097,10.049796251305242
2017-09-25 17:00:00,10.030482787625228,0.027684730751982585,10.002798056873246
2017-09-25 19:00:00,8.17207079835535,0.36274655798583977,7.80932424036951
2017-09-25 21:00:00,11.125478116645771,0.000733421839033794,11.124744694806738
2017-09-25 23:00:00,14.416433227785376,0.02721810111659166,14.389215126668784
2017-09-26 01:00:00,17.814498729650097,0.897114177456422,16.917384552193674
2017-09-26 03:00:00,17.88256291120849,0.00014407619942485131,17.882418835009062
2017-09-26 05:00:00,16.032967760519593,0.900732523757745,15.132235236761847
2017-09-26 07:00:00,15.86170717567862,1.735569503658272,14.126137672020347
2017-09-26 09:00:00,14.087070300732766,2.7201241050214633,11.366946195711302
2017-09-26 11:00:00,15.9635916080745,0.1918123745728261,15.771779233501674
2017-09-26 13:00:00,10.908605653692113,0.09443076405935934,10.814174889632755
2017-09-26 15:00:00,14.73584933888868,0.018421971671361777,14.717427367217319
2017-09-26 17:00:00,15.451517298322875,0.13219946051820505,15.31931783780467
2017-09-26 19:00:00,12.445044442717078,0.011826736059748615,12.433217706657329
2017-09-26 21:00:00,9.90003522991379,0.0031518942273905007,9.8968833356864
2017-09-26 23:00:00,11.19573264268818,0.04453668988689883,11.151195952801281
2017-09-27 01:00:00,9.737762172297316,0.12798667521813978,9.609775497079177
2017-09-27 03:00:00,8.070340997227758,0.060572771200826325,8.009768226026932
2017-09-27 05:00:00,5.050617684401272,7.172947064142223e-05,5.05054595493063
2017-09-28 11:00:00,4.261239019082078,0.00571084199330391,4.255528177088774
2017-09-28 13:00:00,5.4107382280952425,0.048222854097739784,5.362515373997502
2017-09-28 15:00:00,5.7216931929324515,0.043436210452509054,5.678256982479942
2017-09-28 17:00:00,7.353516236095353,0.07196344269531256,7.28155279340004
2017-09-28 19:00:00,9.293055620256187,0.0864667147985429,9.206588905457643
2017-09-30 21:00:00,4.734357172555515,0.0630842403777435,4.6712729321777715
2017-09-30 23:00:00,4.535142603730482,0.039058333548048794,4.4960842701824335
2017-10-01 01:00:00,4.350864143550468,0.061607708252715984,4.2892564352977525
2017-10-01 03:00:00,4.0064060258608825,0.11243683704335346,3.893969188817529
2017-10-01 05:00:00,2.9948391253801585,0.05681687373052261,2.938022251649636
2017-10-01 07:00:00,3.017560975429175,0.046469641164496166,2.9710913342646785
2017-10-01 09:00:00,4.427073063385177,0.03919328849600654,4.3878797748891705
2017-10-01 11:00:00,4.885190567179379,0.01166224336219663,4.873528323817182
2017-10-01 13:00:00,4.740771058350465,0.01376479599366878,4.727006262356797
2017-10-01 15:00:00,5.057363141463582,0.1476903344609645,4.909672807002617
2017-10-01 17:00:00,5.55282454670902,0.08303512268804693,5.469789424020973
2017-10-01 19:00:00,6.056992699106095,0.0807651914570057,5.97622750764909
2017-10-01 21:00:00,7.021978968613693,0.1386564060031505,6.883322562610543
2017-10-01 23:00:00,5.972607388425395,0.20126608605874916,5.771341302366646
2017-10-02 01:00:00,6.074483963223678,0.2360662453933442,5.838417717830334
2017-10-02 03:00:00,7.067352453686496,0.3517626850983207,6.715589768588175
2017-10-02 05:00:00,6.7528626569291,0.389611386204723,6.363251270724377
2017-10-02 07:00:00,9.305579840590642,0.3361060743983617,8.96947376619228
2017-10-02 09:00:00,9.517093054128694,0.41364658411334965,9.103446470015344
2017-10-02 11:00:00,6.525472012536602,0.08274601257465428,6.442725999961947
2017-10-02 13:00:00,10.977517645992368,0.14022146981182157,10.837296176180546
2017-10-02 15:00:00,7.012953016422645,0.0440247845254094,6.968928231897236
2017-10-02 17:00:00,6.540018410062676,0.009918101472317602,6.530100308590359
2017-10-02 19:00:00,9.301064764713722,0.04257289594947508,9.258491868764247
2017-10-02 21:00:00,8.319074967443177,0.037545867517793846,8.281529099925383
2017-10-02 23:00:00,10.434160255271232,0.06382467721004809,10.370335578061184
2017-10-03 01:00:00,9.854804587541471,0.10387053919108333,9.750934048350388
2017-10-03 03:00:00,10.25604738294201,0.12352761794416231,10.132519764997847
2017-10-03 05:00:00,11.845413638136758,0.14532327642706763,11.700090361709691
2017-10-03 07:00:00,11.574160003274217,0.2914528280063019,11.282707175267916
2017-10-03 09:00:00,9.760023468630163,0.29956837963668187,9.46045508899348
2017-10-03 11:00:00,9.23512954072075,0.5211585700325203,8.71397097068823
2017-10-03 13:00:00,6.183978210373816,0.591669293462091,5.592308916911725
2017-10-03 15:00:00,4.1962487483327795,0.6273685626463146,3.5688801856864645
2017-10-03 17:00:00,3.911178360678282,0.48771186432877967,3.4234664963495023
2017-10-03 19:00:00,3.7636425674021976,0.33709106259435284,3.4265515048078448
2017-10-03 21:00:00,5.601751133934221,0.30554584081363295,5.296205293120588
2017-10-03 23:00:00,3.9003691205995534,0.21434613366549327,3.68602298693406
2017-10-04 01:00:00,5.070241950854494,0.22746386336267135,4.842778087491823
2017-10-04 03:00:00,4.211350327163678,0.17656970706738453,4.034780620096293
2017-10-04 11:00:00,2.5587532133019675,0.12357001518399563,2.4351831981179717
2017-10-04 13:00:00,2.093544601939414,0.14767088946791807,1.945873712471496
2017-10-04 17:00:00,0.901379367631893,0.7475017931687722,0.15387757446312075
2017-10-04 23:00:00,0.8377473329412309,0.166081270852951,0.67166606208828
2017-10-05 23:00:00,4.221450251055465,0.6103820350239206,3.611068216031545
2017-10-06 01:00:00,3.275505771263892,0.5481057445682902,2.727400026695602
2017-10-06 03:00:00,3.047716222253628,0.8555171225367464,2.1921990997168814
2017-10-06 07:00:00,7.75447879596104,0.5177611330572991,7.23671766290374
2017-10-06 09:00:00,6.298223825340417,0.3760139184686424,5.922209906871775
2017-10-06 11:00:00,4.8166369711260515,0.3413714298981394,4.4752655412279125
2017-10-06 13:00:00,3.423076342998007,0.3271754146295607,3.0959009283684464
2017-10-06 15:00:00,2.207256429178097,0.34168949306350277,1.8655669361145946
2017-10-06 19:00:00,0.7805618291291411,0.0058187315440503895,0.7747430975850906
2017-10-06 21:00:00,1.5739679821262442,0.011743924294629268,1.5622240578316149
2017-10-06 23:00:00,1.8355612252382199,0.018703955809111692,1.816857269429108
2017-10-07 01:00:00,1.508655364705118,0.024891559014422568,1.4837638056906954
2017-10-07 03:00:00,6.093822331033339,0.7577790105650171,5.336043320468321
2017-10-07 05:00:00,5.810636555728146,0.5885028685800905,5.222133687148055
2017-10-07 07:00:00,7.804183800275464,0.4885645179591165,7.315619282316347
2017-10-07 13:00:00,0.8764289724961484,0.0016336459025863743,0.874795326593562
2017-10-07 15:00:00,2.7113898822602427,0.4218959733170218,2.289493908943221
2017-10-07 17:00:00,1.5090648245632186,0.16370750523557326,1.3453573193276454
2017-10-07 21:00:00,2.047755844632599,0.34820027717264224,1.6995555674599565
2017-10-08 03:00:00,2.5147918068748027,0.3964617960905259,2.118330010784277
2017-10-08 05:00:00,3.4102686312901183,0.5583209781078831,2.851947653182235
2017-10-08 07:00:00,3.541023400734323,0.48616313808787176,3.0548602626464514
2017-10-08 11:00:00,1.23286348463649,0.5070861171654727,0.7257773674710174
2017-10-08 13:00:00,2.308308698826446,0.28387236903271346,2.0244363297937324
2017-10-08 15:00:00,1.6798582827957005,0.2028688041887322,1.4769894786069684
2017-10-08 17:00:00,1.465719479510144,0.15844264308940068,1.3072768364207434
2017-10-08 19:00:00,1.4559314757268293,0.1567789304652021,1.2991525452616273
2017-10-08 21:00:00,2.3692023589780176,0.07067792441241587,2.2985244345656017
2017-10-08 23:00:00,3.7472819632533527,0.2954869081261737,3.451795055127179
2017-10-09 01:00:00,3.6393684646474815,0.3150835356454754,3.324284929002006
2017-10-09 03:00:00,3.94562372122058,0.33563285825925454,3.6099908629613253
2017-10-09 05:00:00,4.4973400963651375,0.3562523335368149,4.141087762828323
2017-10-09 07:00:00,3.6255275534187668,0.3725409002648352,3.2529866531539318
2017-10-09 09:00:00,2.9765297765222587,0.3374835516183315,2.639046224903927
2017-10-09 11:00:00,3.6536242413615256,0.35969235464009547,3.2939318867214302
2017-10-09 13:00:00,5.833445535292322,0.2594868408421153,5.573958694450207
2017-10-09 15:00:00,5.081710196942112,0.16049953549978063,4.921210661442331
2017-10-09 17:00:00,4.496839898539699,0.1847801366600614,4.312059761879638
2017-10-09 19:00:00,4.428816949887422,0.16939905356260818,4.259417896324814
2017-10-09 21:00:00,1.9551794701258531,0.004248363432531189,1.950931106693322
2017-10-09 23:00:00,3.87136284836422,0.3013572263335296,3.5700056220306906
2017-10-10 03:00:00,1.296576919099682,0.11891439616296304,1.177662522936719
2017-10-10 05:00:00,0.7977211197303522,0.0757609397174556,0.7219601800128966
2017-10-10 09:00:00,0.6953206893642858,0.04979419968319852,0.6455264896810873
2017-10-10 11:00:00,0.8067688395341664,0.056134114567009244,0.7506347249671572
2017-10-10 13:00:00,2.448432496769567,0.2993292392649086,2.1491032575046587
2017-10-10 15:00:00,4.427480132295958,0.16275063249954333,4.264729499796415
2017-10-10 19:00:00,2.2046642250666215,0.08145928066411812,2.1232049444025036
2017-10-10 21:00:00,3.048979231648861,0.10474497737797868,2.9442342542708824
2017-10-10 23:00:00,1.9501481229401707,0.06350838772617114,1.8866397352139996
2017-10-11 01:00:00,4.856244539441416,0.258587869179076,4.5976566702623405
2017-10-11 03:00:00,5.422561955952933,0.23545753742810102,5.187104418524831
2017-10-11 05:00:00,3.398219027672578,0.16967772918478066,3.2285412984877975
2017-10-11 07:00:00,3.1355445947063014,0.2136331474327251,2.9219114472735765
2017-10-15 13:00:00,1.6482865619824214,0.09709098108496625,1.5511955808974551
2017-10-15 15:00:00,1.9890981091331104,0.12888462283384722,1.8602134862992632
2017-10-15 17:00:00,1.9494978691329192,0.24324488124364935,1.7062529878892698
2017-10-15 19:00:00,0.6427406195208184,0.13607026416773238,0.506670355353086
2017-10-15 21:00:00,0.9031414684268112,0.08681906426726124,0.8163224041595499
2017-10-15 23:00:00,1.039922843078344,0.13236719318129228,0.9075556498970518
2017-10-16 09:00:00,0.4935524082378068,0.2781756491315012,0.21537675910630552
2017-10-16 11:00:00,7.896267971307161,0.3357053913697224,7.5605625799374385
2017-10-16 13:00:00,7.918110751831653,0.19233018407992652,7.725780567751727
2017-10-16 15:00:00,2.695381347174157,0.014919178204759603,2.680462168969397
2017-10-16 19:00:00,0.4934499347375763,0.06315010767200109,0.43029982706557524
2017-10-16 23:00:00,1.3740491449108247,0.15150740312733182,1.222541741783493
2017-10-17 01:00:00,0.7542543718955947,0.10743852303847541,0.6468158488571193
2017-10-17 03:00:00,0.7395768141383864,0.08479143740164792,0.6547853767367384
2017-10-17 05:00:00,1.2045956465849972,0.15602184124739008,1.048573805337607
2017-10-17 07:00:00,1.350133676557991,0.1905532061157468,1.159580470442244
2017-10-17 09:00:00,1.4958057189894842,0.21594440038048707,1.279861318608997
2017-10-26 05:00:00,7.828440028738499,0.11310602321709391,7.715334005521405
2017-10-26 07:00:00,6.574122569657932,0.11630477686409947,6.457817792793833
2017-10-26 09:00:00,6.426358984698786,0.08257133737490352,6.343787647323882
2017-10-26 11:00:00,7.357540371463864,0.09067049199045035,7.266869879473414
2017-10-26 13:00:00,9.084822107499292,0.1143204710358183,8.970501636463474
2017-10-26 15:00:00,10.095074172543622,0.07637913259548774,10.018695039948135
2017-10-26 17:00:00,8.156705352243552,0.05059006923116812,8.106115283012384
2017-10-26 19:00:00,7.596513679055665,0.07560318082489713,7.5209104982307675
2017-10-26 21:00:00,7.493628079823131,0.12150639438964964,7.3721216854334815
2017-10-26 23:00:00,7.30779937802226,0.133333441689098,7.174465936333162
2017-10-27 01:00:00,7.910572358088593,0.12228805346297628,7.788284304625616
2017-10-27 03:00:00,9.597319743556012,0.12734198491537607,9.469977758640637
2017-10-27 05:00:00,9.819096776141429,0.09419650315464732,9.724900272986782
2017-10-27 07:00:00,9.807059948923007,0.08789783642675107,9.719162112496255
2017-10-27 09:00:00,9.450283694948746,0.09913861224838855,9.351145082700357
2017-10-27 11:00:00,7.742745809749758,0.045876025212667426,7.696869784537091
2017-10-27 13:00:00,7.870571621007587,0.03611136215219103,7.834460258855396
2017-10-27 15:00:00,8.395413579358138,0.050625158134970955,8.344788421223168
2017-10-27 17:00:00,8.977351309981247,0.10807889313326122,8.869272416847986
2017-10-27 19:00:00,9.18242003063684,0.14889739381779196,9.033522636819047
2017-10-27 21:00:00,9.71658972204369,0.20642460494832005,9.510165117095369
2017-10-27 23:00:00,9.977386066877203,0.10675253981943451,9.87063352705777
2017-10-28 01:00:00,9.219497111436771,0.16686462424303933,9.052632487193732
2017-10-28 03:00:00,8.165010128165996,0.15595252848516308,8.009057599680833
2017-10-28 05:00:00,7.567177274483808,0.1608591998421462,7.406318074641662
2017-10-28 07:00:00,4.5178158087112505,0.07721658830382004,4.440599220407431
2017-10-28 09:00:00,4.474772438383999,0.09631934808942301,4.378453090294576
2017-10-28 15:00:00,1.201652242592752,0.08024155589817493,1.1214106866945772
2017-10-31 15:00:00,0.5378234557453846,0.012763951645343573,0.525059504100041
2017-10-31 19:00:00,0.71703882580392,0.06480974651921913,0.6522290792847009
2017-10-31 21:00:00,0.538348379881036,0.12603393368645485,0.41231444619458113
2017-10-31 23:00:00,0.7638927868391925,0.09908573358903379,0.6648070532501587
2017-11-01 05:00:00,7.70292956224613,4.550538973840075,3.1523905884060555
2017-11-01 07:00:00,3.4102344065831347,0.3774540238972403,3.0327803826858943
2017-11-01 09:00:00,2.413505694927033,0.5083646215117148,1.9051410734153182
2017-11-03 11:00:00,1.2518690987090326,0.0024858316917990104,1.2493832670172336
2017-11-03 13:00:00,1.076714037390996,0.20021999910584154,0.8764940382851544
2017-11-03 15:00:00,0.49409098576887056,0.019581110582118002,0.4745098751867526
2017-11-03 19:00:00,1.343861538038365,0.06408483682072652,1.2797767012176384
2017-11-03 21:00:00,1.2957011077261338,0.03940590746135302,1.2562952002647807
2017-11-03 23:00:00,1.4455764122904546,0.15529007244453086,1.2902863398459237
2017-11-04 01:00:00,3.2765007205265135,0.37789095384680593,2.8986097666797077
2017-11-04 03:00:00,3.6680142469366865,0.2405098180993036,3.427504428837383
2017-11-04 05:00:00,3.9319233875339954,0.30570158192783903,3.6262218056061566
2017-11-04 07:00:00,3.104069945391667,0.336688351943051,2.767381593448616
2017-11-04 09:00:00,2.731192542161323,0.24359147287939267,2.48760106928193
2017-11-04 11:00:00,0.7035215364362244,0.10121468324802849,0.6023068531881959
2017-11-04 13:00:00,1.1108121792700452,0.035646951114455046,1.0751652281555901
2017-11-04 15:00:00,0.5196643755451511,0.012345136248824284,0.5073192392963268
2017-11-04 19:00:00,0.6199223848937834,0.0379615816850358,0.5819608032087475
2017-11-04 21:00:00,0.7713635441827384,0.0406184674459223,0.7307450767368161
2017-11-04 23:00:00,0.9182950460290961,0.04433225549460872,0.8739627905344873
2017-11-05 01:00:00,4.139307781405928,0.20603436852798165,3.9332734128779467
2017-11-05 03:00:00,4.4949534473331205,0.3296827508323733,4.165270696500747
2017-11-05 05:00:00,4.793927097472991,0.353228860817622,4.4406982366553684
2017-11-05 07:00:00,4.7118059806146935,0.45969534233701226,4.252110638277681
2017-11-05 09:00:00,4.92658009815741,0.3883922351693287,4.538187862988081
2017-11-05 11:00:00,8.85174215121161,0.27672044142666796,8.575021709784941
2017-11-05 13:00:00,12.454244813526875,0.40545153625924185,12.048793277267633
2017-11-05 15:00:00,15.643673045368207,0.9156039079176613,14.728069137450545
2017-11-05 17:00:00,12.897654082712059,0.7857530154860176,12.111901067226041
2017-11-05 19:00:00,19.571100446775027,0.6024910922939599,18.968609354481067
2017-11-05 21:00:00,16.24267981980781,1.1676585064865845,15.075021313321226
2017-11-05 23:00:00,11.131959952451663,0.5091335493793856,10.622826403072278
2017-11-06 01:00:00,11.614451269238092,0.2708383348653071,11.343612934372786
2017-11-06 03:00:00,8.745398476963887,0.15037319274536184,8.595025284218526
2017-11-06 05:00:00,8.269872412679776,0.12216812271075002,8.147704289969026
2017-11-06 07:00:00,8.90443174434096,6.52916859670282e-05,8.904366452654992
2017-11-06 09:00:00,4.027687883625569,0.0015857240008927934,4.026102159624677
2017-11-06 11:00:00,1.7586198838463651,0.010322158848193489,1.7482977249981717
2017-11-06 13:00:00,2.6677758181583107,0.08045601459559877,2.587319803562712
2017-11-06 19:00:00,0.6729935890140787,0.020234441893505855,0.6527591471205728
2017-11-06 23:00:00,0.6987097977942852,0.09285410299683086,0.6058556947974544
2017-11-07 01:00:00,1.1348885001888283,0.14160443152463953,0.9932840686641886
2017-11-07 03:00:00,1.1768966300186228,0.16296156358092434,1.0139350664376985
2017-11-07 05:00:00,1.1817942387066953,0.19080275886312378,0.9909914798435715
2017-11-07 09:00:00,0.6845667060575948,0.13426299223919214,0.5503037138184027
2017-11-07 13:00:00,0.8184942514607348,0.13688725389397863,0.6816069975667562
2017-11-07 15:00:00,1.1814015031477862,0.015964310067123077,1.165437193080663
2017-11-07 17:00:00,1.810826945710699,0.08317490543770385,1.7276520402729951
2017-11-07 19:00:00,1.893908219347238,0.06876506827636787,1.8251431510708702
2017-11-07 23:00:00,1.5720438133069141,0.0865424024715274,1.4855014108353868
2017-11-08 01:00:00,1.9480085347014684,0.230753147653126,1.7172553870483425
2017-11-08 03:00:00,4.578540199327924,0.29176964528330457,4.28677055404462
2017-11-08 05:00:00,3.485772854427385,0.22917840801823688,3.256594446409148
2017-11-08 07:00:00,3.36551308266814,0.25039139366064816,3.1151216890074918
2017-11-08 21:00:00,1.125239182476981,0.01709320036814998,1.108145982108831
2017-11-09 05:00:00,3.9369556634893375,0.1283660352015461,3.808589628287791
2017-11-09 07:00:00,6.28110141531171,0.08887140691799716,6.192230008393713
2017-11-09 09:00:00,5.755626721163408,0.08602572082367536,5.669601000339732
2017-11-09 11:00:00,8.032477158243555,0.05878779173070084,7.973689366512855
2017-11-09 13:00:00,6.1573048057678825,0.08644156222514693,6.070863243542735
2017-11-09 15:00:00,5.058143254168817,0.0009851856103509824,5.057158068558466
2017-11-09 17:00:00,5.753921631765842,0.02736066246723044,5.726560969298612
2017-11-09 19:00:00,2.215269285207359,0.0024682972696822886,2.212800987937677
2017-11-09 21:00:00,3.481942087391051,0.022509820859339107,3.459432266531712
2017-11-09 23:00:00,2.5735065955878245,0.009360740724269474,2.564145854863555
2017-11-10 01:00:00,3.172851487935893,0.013848954552287667,3.1590025333836054
2017-11-10 03:00:00,2.1099603771160083,0.01710549929903175,2.0928548778169764
2017-11-10 05:00:00,3.722917627545398,0.02478903836492345,3.6981285891804747
2017-11-10 07:00:00,2.9038004509217865,0.02121024816398091,2.8825902027578056
2017-11-10 09:00:00,1.8044770658888047,0.07321397120410293,1.7312630946847019
2017-11-10 11:00:00,2.0728452846676317,0.14742773969784972,1.925417544969782
2017-11-10 13:00:00,0.5954607270398373,0.08451592426917548,0.5109448027706619
2017-11-10 15:00:00,0.4903143686910457,0.0911910759979961,0.39912329269304964
2017-11-10 17:00:00,1.5556810190460963,0.04773945154793064,1.5079415674981658
2017-11-10 19:00:00,1.1847504532023025,0.0700456455513358,1.1147048076509667
2017-11-10 21:00:00,2.296397112593367,0.08085606913707592,2.215541043456291
2017-11-10 23:00:00,1.7869680930236795,0.069107922026219,1.7178601709974606
2017-11-11 01:00:00,2.4984655875311237,0.11663103272452069,2.381834554806603
2017-11-11 05:00:00,2.8654382552571662,0.10859225280059867,2.7568460024565677
2017-11-11 07:00:00,2.926534225739985,0.0752028209177337,2.8513314048222513
2017-11-11 09:00:00,2.8819945956689295,0.08677634420575293,2.7952182514631767
2017-11-11 11:00:00,3.2743885042660708,0.09053806918658623,3.1838504350794845
2017-11-11 13:00:00,3.6531240956176405,0.07150984636632113,3.581614249251319
2017-11-11 15:00:00,1.3911603380391786,0.0366609954871921,1.3544993425519865
2017-11-16 17:00:00,0.37502431169628103,0.01940340806182203,0.355620903634459
2017-11-16 19:00:00,0.35798960866034313,0.057928424037125094,0.300061184623218
2017-11-16 21:00:00,1.1237245284311264,0.05051723471048049,1.0732072937206458
2017-11-16 23:00:00,3.1023241699556343,0.13845265557230146,2.963871514383333
2017-11-17 01:00:00,2.630012202882263,0.3080713452522355,2.321940857630027
2017-11-17 05:00:00,1.8980935785237447,0.21076455546365624,1.6873290230600884
2017-11-17 07:00:00,2.072888206146156,0.13380720143721012,1.939081004708946
2017-11-17 09:00:00,0.535801873408749,0.023966187922870592,0.5118356854858783
2017-11-17 11:00:00,0.9870325145890192,0.019911702324055303,0.9671208122649639
2018-03-15 01:00:00,6.19348692149501,0.4317794138938169,5.761707507601193
2018-03-15 03:00:00,2.227708720303352,0.21845761298064037,2.0092511073227115
2018-03-15 05:00:00,2.2958363340490346,0.11868706649728411,2.1771492675517505
2018-03-15 07:00:00,1.7337170079161575,0.258904929936086,1.4748120779800715
2018-03-15 09:00:00,2.7946154144120907,0.27758952143855564,2.517025892973535
2018-03-15 11:00:00,1.263977844269211,0.3431169905903549,0.9208608536788561
2018-03-15 13:00:00,0.39607400580113467,0.0013629369895904165,0.3947110688115443
2018-03-15 15:00:00,0.5661586342057412,0.003658448882045847,0.5625001853236954
2018-03-15 17:00:00,3.5307307885537584,0.004149983019533681,3.5265808055342247
2018-03-15 19:00:00,1.0072632583833714,0.013868792279487223,0.9933944661038842
2018-03-15 21:00:00,1.29872122970198,0.05999922954592672,1.2387220001560533
2018-03-15 23:00:00,0.8086139725510773,0.062354541302561683,0.7462594312485156
2018-03-16 01:00:00,1.0329371239171514,0.17101656549984223,0.8619205584173092
2018-03-16 03:00:00,3.0088009897143486,0.23717972861439446,2.771621261099954
2018-03-16 05:00:00,2.8599533851055705,0.4715290799638254,2.388424305141745
2018-03-16 07:00:00,1.636734585143369,0.515416341592333,1.121318243551036
2018-03-16 09:00:00,3.707558602422323,0.4478091975959882,3.2597494048263345
2018-03-16 11:00:00,3.7182568295563576,0.3449595956321197,3.3732972339242377
2018-03-16 13:00:00,1.0716667097451917,0.0021099589405348266,1.0695567508046568
2018-03-16 15:00:00,0.28555132067357386,0.004926565138023081,0.2806247555355508
2018-03-16 17:00:00,1.7886709035078217,0.02683644709875946,1.7618344564090622
2018-03-16 19:00:00,1.1746152743156881,0.025197915148607024,1.149417359167081
2018-03-16 21:00:00,0.6894371382826258,0.00673920888634487,0.6826979293962809
2018-03-16 23:00:00,1.0562285300275962,0.02784930525909069,1.0283792247685055
2018-03-17 01:00:00,2.0100701924494975,0.1450492483719824,1.8650209440775152
2018-03-17 03:00:00,5.2445283318731795,0.31608044785581907,4.92844788401736
2018-03-17 05:00:00,4.871525615343421,0.5463287454725754,4.325196869870846
2018-03-17 07:00:00,2.7847925100533493,0.9460357163830295,1.8387567936703197
2018-03-17 09:00:00,1.1323440147335437,0.2150778865436327,0.917266128189911
2018-03-17 11:00:00,1.0099550601723968,0.0985135965243478,0.911441463648049
2018-03-17 13:00:00,1.0373426801885348,0.0001498313182397591,1.037192848870295
2018-03-17 15:00:00,1.0914914393568267,0.005100003713419156,1.0863914356434075
2018-03-17 17:00:00,0.4678510595295323,0.004472541029878049,0.4633785184996543
2018-03-17 19:00:00,0.9810011538337435,0.00037548300104947157,0.980625670832694
2018-03-17 21:00:00,0.6410324894611876,0.00808521748091539,0.6329472719802722
2018-03-17 23:00:00,0.8579144882835544,0.009611986802176115,0.8483025014813783
2018-03-18 01:00:00,0.8922968651125252,0.02689517170682328,0.8654016934057018
2018-03-18 03:00:00,1.1938511639171465,0.05435589693534407,1.1394952669818024
2018-03-18 05:00:00,3.1749803748460885,0.08541141787729156,3.089568956968797
2018-03-18 07:00:00,3.5301332090636297,0.05045793687547714,3.4796752721881528
2018-03-18 09:00:00,2.5697795357679465,0.04308728894413196,2.5266922468238144
2018-03-18 11:00:00,2.3431370957904645,0.04208961218010233,2.301047483610362
2018-03-18 13:00:00,2.1325203450195245,0.029464899305123853,2.103055445714401
2018-03-18 15:00:00,0.6252163346744088,0.0030951448191676697,0.6221211898552412
2018-03-18 17:00:00,0.7906190343708128,0.03128436241280813,0.7593346719580046
2018-03-18 21:00:00,1.4446240099532681,0.01869774662331547,1.4259262633299528
2018-03-18 23:00:00,2.121772576493448,0.04749010284472201,2.074282473648726
2018-03-19 01:00:00,1.4202912039209683,0.07234663548618032,1.347944568434788
2018-03-19 03:00:00,1.8497836446091123,0.1665382615703598,1.6832453830387524
2018-03-19 05:00:00,1.5248774832810068,0.17911390451322132,1.3457635787677855
2018-03-19 07:00:00,1.1944112274281895,0.12288108395855765,1.0715301434696318
2018-03-19 09:00:00,0.1062235691164338,0.06987680012555186,0.036346768990881934
2018-03-19 13:00:00,0.927010623014319,0.031088148256358836,0.8959224747579602
2018-03-19 15:00:00,0.19830278689625347,0.0010328577624414265,0.19726992913381206
2018-03-19 19:00:00,0.2744820743937182,0.01783396308143484,0.2566481113122834
2018-03-19 21:00:00,1.2183056966454278,0.1440042056257501,1.0743014910196778
2018-03-19 23:00:00,2.43161874427457,0.32741358300746404,2.1042051612671058
2018-03-20 01:00:00,2.0919935730921737,0.24128846411390545,1.8507051089782682
2018-03-20 03:00:00,2.3339298996092217,0.1128449345082179,2.221084965101004
2018-03-20 05:00:00,1.9813758382818698,0.12389784329510552,1.8574779949867644
2018-03-20 07:00:00,2.3207199303264923,0.3380521679463496,1.9826677623801425
2018-03-20 09:00:00,3.614272719714353,0.34083893455902486,3.273433785155328
2018-03-20 11:00:00,6.298382282427229,0.14792560039862576,6.1504566820286035
2018-03-20 13:00:00,2.066757272935785,0.058218742337111495,2.0085385305986736
2018-03-20 15:00:00,7.061629500930638,9.852104683161312e-05,7.061530979883806
2018-03-20 17:00:00,3.3468102468617342,0.0015837173535599202,3.3452265295081745
2018-03-20 19:00:00,5.285808792482808,0.0005974603643820167,5.2852113321184255
2018-03-20 21:00:00,5.17163530461896,0.0013806851010402588,5.1702546195179195
2018-03-20 23:00:00,5.182772404500702,0.00617961770622123,5.1765927867944805
2018-03-21 01:00:00,4.727262992622887,0.012465412069739393,4.714797580553147
2018-03-21 03:00:00,5.209022791647409,0.02267063037895057,5.186352161268458
2018-03-21 05:00:00,5.057318842015501,0.018320471167798766,5.038998370847702
2018-03-21 07:00:00,3.799196692655828,0.029740364410078577,3.7694563282457496
2018-03-21 09:00:00,4.114403737459623,0.01760215797151141,4.096801579488112
2018-03-21 11:00:00,1.1230850308093632,0.0002103708224660907,1.122874659986897
2018-03-21 13:00:00,1.0667881595384803,0.0013529904934028068,1.0654351690450774
2018-03-21 15:00:00,1.1005039434997532,0.0013309831136440408,1.0991729603861091
2018-03-21 17:00:00,1.531636459163903,0.015294881136791049,1.516341578027112
2018-03-21 19:00:00,1.8960886030344877,0.059351250965618614,1.836737352068869
2018-03-21 21:00:00,1.5222166095236183,0.08752265324351301,1.4346939562801053
2018-03-21 23:00:00,1.76367259607984,0.5198296700783194,1.2438429260015207
2018-03-22 01:00:00,1.8798915181140419,1.575053989332864,0.30483752878117804
2018-03-22 03:00:00,2.7342264776380962,0.19559194760281312,2.5386345300352833
2018-03-22 05:00:00,2.368110364984684,0.3705144378927279,1.997595927091956
2018-03-22 07:00:00,2.0667124905915735,0.38315646103316187,1.6835560295584115
2018-03-22 13:00:00,2.3915682403019494,0.336562817893487,2.0550054224084624
2018-03-22 15:00:00,0.9276518887602132,0.05886950938336772,0.8687823793768454
2018-03-22 17:00:00,2.2997301198262856,0.09228310835761099,2.2074470114686746
2018-03-22 19:00:00,2.7748523336990556,0.17563762650960038,2.5992147071894554
2018-03-22 21:00:00,3.4811545272421545,0.19110593342529084,3.2900485938168638
2018-03-23 01:00:00,2.361437614219618,0.028835144528109785,2.332602469691508
2018-03-23 03:00:00,3.396877850343218,0.04668529404143786,3.35019255630178
2018-03-23 05:00:00,5.400153659765268,0.08965024553803379,5.310503414227234
2018-03-23 07:00:00,6.535204342507484,0.11072986422736092,6.424474478280123
2018-03-23 09:00:00,6.4388563824156035,0.11803814843426788,6.320818233981336
2018-03-23 11:00:00,6.120221589903122,0.10444883186174383,6.015772758041378
2018-03-23 13:00:00,1.2928040793849955,0.0012806326161509253,1.2915234467688446
2018-03-23 15:00:00,1.1107824156538697,0.002427694575796868,1.1083547210780729
2018-03-23 17:00:00,0.783785720308982,0.003802956606036692,0.7799827637029453
2018-03-23 19:00:00,1.4913161948121885,0.01695911035930183,1.4743570844528866
2018-03-23 21:00:00,4.620665882195282,0.05387264443861492,4.566793237756667
2018-03-23 23:00:00,3.9772761048952523,0.0565053005338599,3.9207708043613922
2018-03-24 01:00:00,2.4342344203346045,0.11286211549976509,2.3213723048348394
2018-03-24 03:00:00,3.0544841726469625,0.12104606500764235,2.9334381076393203
2018-03-24 05:00:00,2.8233989105645643,0.1650109413685421,2.658387969196022
2018-03-24 07:00:00,2.1427580350315307,0.09283621974986919,2.0499218152816616
2018-03-24 09:00:00,1.7668858933663076,0.15906556589599694,1.6078203274703107
2018-03-24 11:00:00,3.1135018506481966,0.20587772657703277,2.9076241240711638
2018-03-24 13:00:00,2.42547704417225,0.20751731565709303,2.217959728515157
2018-03-24 15:00:00,4.5827775697084245,0.3305623328375481,4.252215236870876
2018-03-24 17:00:00,4.493669813283404,0.20262368220209814,4.2910461310813055
2018-03-24 19:00:00,5.895685504873122,0.11088062650711564,5.784804878366007
2018-03-24 21:00:00,10.138785910113121,0.11201499099808411,10.026770919115037
2018-03-24 23:00:00,10.191870514230594,0.08356176257114026,10.108308751659454
2018-03-25 01:00:00,8.711547828882807,0.08053382177655366,8.631014007106254
2018-03-25 03:00:00,8.526630039207122,0.11115631186547474,8.415473727341647
2018-03-25 05:00:00,8.694039706692227,0.15321175558256755,8.540827951109659
2018-03-25 07:00:00,8.090312922177626,0.12046011845285555,7.969852803724771
2018-03-25 09:00:00,9.57948026103469,0.09878473090236814,9.480695530132321
2018-03-25 11:00:00,9.297055493773534,0.09668059714691893,9.200374896626615
2018-03-25 13:00:00,6.357001889292565,0.23413001348460047,6.122871875807965
2018-03-25 15:00:00,5.526730377356133,0.5786957206745738,4.948034656681559
2018-03-25 17:00:00,4.852824571910242,0.2885999160111683,4.564224655899073
2018-03-25 19:00:00,4.100661631959721,0.16341544380172213,3.937246188157998
2018-03-25 21:00:00,0.998942779014807,0.009465998950822656,0.9894767800639843
2018-03-25 23:00:00,2.1894357534662445,0.014063474369853028,2.1753722790963916
2018-03-26 01:00:00,3.3340937419572074,0.026015665309530773,3.3080780766476767
2018-03-26 03:00:00,4.565931239203288,0.13325915138102692,4.432672087822262
2018-03-26 05:00:00,4.435654266906322,0.13115242748707748,4.3045018394192445
2018-03-26 07:00:00,5.446303725925802,0.16416283387219321,5.282140892053609
2018-03-26 09:00:00,1.537659601416498,0.09419573921444549,1.4434638622020526
2018-03-26 11:00:00,1.223335850090421,0.00019554397498461746,1.2231403061154364
2018-03-26 13:00:00,0.46020424256702913,0.0004037413210652067,0.45980050124596394
2018-03-26 15:00:00,0.20922468294490787,0.0015687795119351596,0.20765590343297272
2018-03-26 17:00:00,0.2737761723523882,0.014115372292551514,0.2596608000598367
2018-03-26 19:00:00,1.163248269638551,0.018183781626879156,1.145064488011672
2018-03-26 21:00:00,2.4929235086106085,0.04968184969471026,2.4432416589158983
2018-03-26 23:00:00,2.479251349603548,0.07787407862462851,2.4013772709789194
2018-03-27 01:00:00,1.9773990414727978,0.08037051478508159,1.8970285266877163
2018-03-27 03:00:00,2.377539335281379,0.08795376493726571,2.2895855703441135
2018-03-27 05:00:00,2.0226440409433875,0.1265239966575681,1.8961200442858193
2018-03-27 07:00:00,1.1414434784068463,0.18176372479768127,0.959679753609165
2018-03-27 09:00:00,0.9984772608671635,0.12865649094814685,0.8698207699190166
2018-03-27 11:00:00,0.43191318628370157,0.0010059525834785106,0.43090723370022305
2018-03-27 13:00:00,0.5478167963585858,0.00014140162778177113,0.5476753947308041
2018-03-27 15:00:00,0.4902298191238351,0.0007925629564869029,0.48943725616734823
2018-03-27 17:00:00,0.37440908706534864,0.0024451456672432213,0.3719639413981054
2018-03-27 19:00:00,0.8931013557329865,0.030785612157586337,0.8623157435754002
2018-03-27 21:00:00,3.217425167962236,0.1050474343570314,3.1123777336052045
2018-03-27 23:00:00,2.9694649346215036,0.12094164298589023,2.8485232916356136
2018-03-28 01:00:00,2.499606208099967,0.12732860703602908,2.372277601063938
2018-03-28 03:00:00,1.5266830575632928,0.15779527385844344,1.3688877837048494
2018-03-28 09:00:00,1.5454848543095976,0.2079621240116371,1.3375227302979604
2018-03-28 11:00:00,0.6719158033111112,0.06725477551403333,0.6046610277970779
2018-03-28 13:00:00,0.28904645362577086,0.009801934763794335,0.27924451886197654
2018-03-28 15:00:00,0.28433021574539863,0.0014219826158418933,0.28290823312955676
2018-03-28 17:00:00,1.1359899612257334,0.024898741954442086,1.1110912192712912
2018-03-28 19:00:00,1.4241285706035767,0.029501339599565756,1.3946272310040109
2018-03-28 23:00:00,1.838047707060609,0.01255002725210709,1.8254976798085019
2018-03-30 01:00:00,2.099978327090649,0.38417215403605925,1.7158061730545895
2018-03-30 03:00:00,3.2622083857796507,0.5618819086494184,2.700326477130232
2018-03-30 05:00:00,3.9893660309862966,0.7140847334028696,3.275281297583427
2018-03-30 07:00:00,1.3823147542360075,0.18503855509650372,1.1972761991395038
2018-03-30 09:00:00,0.867755313545586,0.20180369762312125,0.6659516159224648
2018-03-30 11:00:00,0.8597206442286363,0.16403188433199892,0.6956887598966374
2018-03-30 13:00:00,0.7291386869055434,0.0025714421081935333,0.7265672447973499
2018-03-30 15:00:00,0.5737767493706376,0.0014794923837846423,0.572297256986853
2018-03-30 17:00:00,0.43070021641181266,0.0033922024804643154,0.4273080139313484
2018-03-30 19:00:00,1.7373172157848844,0.045216572302497066,1.6921006434823873
2018-03-30 21:00:00,2.608545703479235,0.07187207762876112,2.536673625850474
2018-03-30 23:00:00,1.999876039129723,0.09846072745867546,1.9014153116710475
2018-03-31 01:00:00,2.2171733274023677,0.09489892676592876,2.122274400636439
2018-03-31 03:00:00,2.1528626169949603,0.054247716285453,2.0986149007095074
2018-03-31 05:00:00,1.9899154147726512,0.03557874790819648,1.9543366668644548
2018-03-31 07:00:00,2.078504909910981,0.03470524162571293,2.043799668285268
2018-03-31 09:00:00,2.5057924300206333,0.00015017502988364512,2.5056422549907498
2018-03-31 11:00:00,2.7905189716461276,0.0009125229085157497,2.789606448737612
2018-03-31 13:00:00,2.7207271826626593,0.049324495614391305,2.671402687048268
2018-03-31 17:00:00,1.806419539898959,0.01360425362013869,1.7928152862788205
2018-03-31 19:00:00,2.5975050552816206,0.011624896897825015,2.5858801583837954
2018-03-31 21:00:00,2.3262047611838863,0.03416551222442947,2.292039248959457
2018-03-31 23:00:00,3.5802954923663934,0.03491267038306056,3.545382821983333
2018-04-01 01:00:00,3.197449598394418,0.04011038909546243,3.1573392092989554
2018-04-01 03:00:00,3.024532443926951,0.033814980556843253,2.9907174633701077
2018-04-01 05:00:00,6.932199029545991,0.17070670350748865,6.7614923260385025
2018-04-01 07:00:00,13.117174697834251,1.1698641330266613,11.94731056480759
2018-04-01 09:00:00,8.39816499484226,0.3574711282881185,8.040693866554141
2018-04-01 11:00:00,4.4061734444461225,0.0013277241984070178,4.404845720247716
2018-04-01 13:00:00,7.726891902042609,0.0036945485227923252,7.723197353519817
2018-04-01 15:00:00,8.155550510470588,0.02203086536340705,8.133519645107182
2018-04-01 17:00:00,6.0853978249743355,0.008381767741989971,6.0770160572323455
2018-04-01 19:00:00,5.996186885420837,0.0062725667871834125,5.989914318633653
2018-04-01 21:00:00,5.886859012792538,0.018072497141553803,5.868786515650984
2018-04-01 23:00:00,10.582506207951317,0.8656460448086281,9.71686016314269
2018-04-02 01:00:00,10.088827927832787,0.7470165874075458,9.341811340425242
2018-04-02 03:00:00,6.474805159742531,0.049843198397391306,6.42496196134514
2018-04-02 05:00:00,6.12227646806512,0.016638204868738755,6.105638263196382
2018-04-02 07:00:00,5.929803231258933,0.02427901035074424,5.905524220908188
2018-04-02 09:00:00,6.2389728174188726,0.023577372676481172,6.215395444742391
2018-04-02 11:00:00,6.2958076477177976,0.027006460716790307,6.268801187001007
2018-04-02 13:00:00,11.31070055763872,0.4001424467918805,10.91055811084684
2018-04-02 15:00:00,10.197603055037694,0.27332261444220635,9.924280440595489
2018-04-02 17:00:00,9.567251859255975,0.26876369822754753,9.298488161028429
2018-04-02 19:00:00,9.138380206733409,0.19446732505624317,8.943912881677166
2018-04-02 21:00:00,8.859948293187825,0.17670541831655842,8.683242874871267
2018-04-02 23:00:00,10.444179467509354,0.16212666038938378,10.282052807119971
2018-04-03 01:00:00,7.792712230700487,0.17174521511981752,7.6209670155806695
2018-04-03 03:00:00,7.0515003526045295,0.15527970922029669,6.896220643384233
2018-04-03 05:00:00,6.467849841165088,0.10821000381967366,6.359639837345414
2018-04-03 07:00:00,7.272776123790463,0.0804149742240674,7.192361149566395
2018-04-03 09:00:00,5.590637462880698,0.04260873810396175,5.548028724776737
2018-04-03 11:00:00,4.124952683258492,0.0012844727613911088,4.123668210497101
2018-04-03 13:00:00,5.677603183775512,0.0006343747673454597,5.676968809008166
2018-04-03 15:00:00,5.321763253382527,0.0032201972756130213,5.318543056106914
2018-04-03 17:00:00,5.21025370356488,0.007024688385845582,5.203229015179034
2018-04-03 19:00:00,3.8707636351763126,0.0037067025884685093,3.867056932587844
2018-04-03 21:00:00,4.171853231708742,0.006655013656349394,4.165198218052392
2018-04-03 23:00:00,3.7622519108225476,0.010633872618334622,3.751618038204213
2018-04-04 01:00:00,3.7320510979115524,0.02729291263035591,3.7047581852811966
2018-04-04 03:00:00,4.821042166544613,0.15305923490723716,4.6679829316373755
2018-04-04 05:00:00,4.241990374052996,0.16108303194819928,4.080907342104797
2018-04-04 09:00:00,7.33120108668464,0.1344672593148503,7.19673382736979
2018-04-04 11:00:00,6.243694251153543,0.001451603299143978,6.242242647854399
2018-04-04 13:00:00,3.5474684433803616,0.00779819423142399,3.5396702491489376
2018-04-04 15:00:00,2.6045922643627315,0.10129808673074384,2.5032941776319877
2018-04-04 17:00:00,3.657276807590475,0.05650342161757382,3.600773385972901
2018-04-04 19:00:00,8.409375530348715,0.20664733419378434,8.202728196154931
2018-04-06 01:00:00,8.397622631530494,0.47565092819920507,7.921971703331289
2018-04-06 03:00:00,5.016462947400694,0.19272412660626825,4.823738820794425
2018-04-06 05:00:00,3.9340524941956283,0.045844779504526485,3.888207714691102
2018-04-06 07:00:00,3.945536104241117,0.1420618578543222,3.8034742463867945
2018-04-06 09:00:00,5.305037340002224,0.16710014188764402,5.13793719811458
2018-04-06 11:00:00,6.995254220801769,0.18417531291058978,6.811078907891179
2018-04-06 13:00:00,5.993973360007698,0.2341137262191099,5.759859633788588
2018-04-06 17:00:00,0.718816954964717,0.052783890839776026,0.666033064124941
2018-04-06 19:00:00,0.5765410177574138,0.02458613415805035,0.5519548835993635
2018-04-06 21:00:00,1.118036200375119,0.04792786676988861,1.0701083336052304
2018-04-06 23:00:00,1.5405611387971132,0.019737424759172846,1.5208237140379404
2018-04-07 01:00:00,1.9070245165998772,0.056428145447681245,1.850596371152196
2018-04-07 03:00:00,2.3292196922265465,0.06852918915815197,2.2606905030683944
2018-04-07 05:00:00,1.9060366545152467,0.12721344307939442,1.7788232114358522
2018-04-07 07:00:00,2.499356295796063,0.14712840219800424,2.3522278935980587
2018-04-07 09:00:00,1.3578793717927757,0.18187721016132316,1.1760021616314527
2018-04-07 11:00:00,0.8884086318333468,0.1345979339421655,0.7538106978911814
2018-04-07 13:00:00,0.06065595738164956,0.023613366607177014,0.03704259077447255
2018-04-07 15:00:00,0.16355386668590738,0.02090245358160528,0.1426514131043021
2018-04-07 17:00:00,0.5566680568199094,0.03573281202458285,0.5209352447953265
2018-04-07 19:00:00,0.6376322888818089,0.05187732477814028,0.5857549641036687
2018-04-07 21:00:00,1.2469578940740946,0.28728594721134154,0.9596719468627531
2018-04-07 23:00:00,2.6499772546971663,0.46698714406410835,2.182990110633058
2018-04-08 01:00:00,1.1836330892170674,0.6637117691146921,0.5199213201023754
2018-04-08 03:00:00,1.8439214939058162,0.7821109128251399,1.0618105810806764
2018-04-08 05:00:00,0.9129279942426551,0.6035298997893269,0.3093980944533283
2018-04-08 07:00:00,1.1148913742141162,0.6702692754191798,0.4446220987949365
2018-04-08 09:00:00,1.2512213233146232,0.706302567793913,0.5449187555207103
2018-04-08 11:00:00,1.693577651934377,1.1619849902888126,0.5315926616455645
2018-04-08 13:00:00,1.6628445812498573,1.226466538290728,0.43637804295912924
2018-04-08 15:00:00,1.0883038681725412,0.00444014784240042,1.083863720330141
2018-04-08 17:00:00,1.1662360236571925,0.004392896377349114,1.1618431272798433
2018-04-08 19:00:00,3.1966022478897114,0.004235253278268321,3.1923669946114432
2018-04-08 21:00:00,3.177018065072366,0.007677672706172947,3.169340392366193
2018-04-08 23:00:00,3.155587804912945,0.026199446137918084,3.1293883587750266
2018-04-09 01:00:00,3.672899466784562,0.009348690541688605,3.6635507762428734
2018-04-09 03:00:00,4.205521680626784,0.01228556236978226,4.193236118257002
2018-04-09 05:00:00,6.446057632514697,0.8676406954992306,5.578416937015467
2018-04-09 07:00:00,10.653719381154772,3.4797236030386767,7.173995778116096
2018-04-09 09:00:00,9.389381216240945,0.0005033268151326792,9.388877889425812
2018-04-09 11:00:00,7.748989012046993,1.8294055047607116,5.919583507286281
2018-04-09 13:00:00,5.08859072665812,1.8425373496939355,3.246053376964185
2018-04-09 15:00:00,4.200202895571487,1.3586884828553054,2.8415144127161818
2018-04-09 17:00:00,4.984600163557738,1.466412180099605,3.5181879834581333
2018-04-09 19:00:00,2.497736436133641,0.10492656536393687,2.392809870769704
2018-04-09 21:00:00,2.0966458471665623,0.20961267425264296,1.8870331729139196
2018-04-09 23:00:00,3.086478090550907,0.313599557640997,2.77287853290991
2018-04-10 01:00:00,3.0872891014262316,0.3288312371565615,2.75845786426967
2018-04-10 03:00:00,3.241929443207917,0.400859034313268,2.841070408894649
2018-04-10 05:00:00,1.6733670695372274,0.2119894370486701,1.4613776324885572
2018-04-11 11:00:00,1.6067910122914113,0.1305414669994743,1.476249545291937
2018-04-11 13:00:00,1.5780744117990766,0.0010773410860271861,1.5769970707130494
2018-04-11 15:00:00,1.0577906321393467,0.014456071578107094,1.0433345605612396
2018-04-11 17:00:00,2.34537182590716,0.0516108873140579,2.293760938593102
2018-04-11 19:00:00,2.6238746620728537,0.06278422793034585,2.561090434142508
2018-04-11 21:00:00,3.18243567428805,0.1011314362651086,3.0813042380229416
2018-04-11 23:00:00,2.4433027964343346,0.15185643995678455,2.2914463564775502
2018-04-12 01:00:00,2.6818690352998105,0.1519322998542553,2.5299367354455553
2018-04-12 03:00:00,2.342112954891948,0.36416722456414546,1.9779457303278025
2018-04-12 13:00:00,1.829331560644544,0.9042150211643097,0.9251165394802341
2018-04-12 15:00:00,1.1596421242213655,0.0002876177288655172,1.1593545064925
2018-04-12 17:00:00,2.289858074600802,0.002348242613700753,2.2875098319871014
2018-04-12 19:00:00,2.225955394936349,0.004061059831765344,2.2218943351045835
2018-04-12 21:00:00,2.2912708258741525,0.058458013937655866,2.2328128119364967
2018-04-12 23:00:00,2.414995722678037,0.11152970586320546,2.3034660168148315
2018-04-13 01:00:00,2.973425305120725,0.13306268562289592,2.840362619497829
2018-04-13 03:00:00,5.097383554117399,0.5518842587507191,4.54549929536668
2018-04-13 05:00:00,4.663376712953338,0.8468594399630606,3.816517272990277
2018-04-13 07:00:00,3.7557253095854364,2.674958113576751,1.0807671960086858
2018-04-13 09:00:00,2.785116043358255,0.012143018911317131,2.772973024446938
2018-04-13 11:00:00,2.974667422821601,0.02828712748694005,2.946380295334661
2018-04-13 13:00:00,3.568103055310634,0.03191541556920665,3.5361876397414274
2018-04-16 09:00:00,32.44836178500087,2.5188798732629722,29.929481911737895
2018-04-16 11:00:00,25.94935804669258,0.07902077041561265,25.870337276276967
2018-04-16 13:00:00,17.57023049222174,0.16950223558810407,17.400728256633634
2018-04-16 19:00:00,21.236504701193255,0.23232928376725964,21.004175417425994
2018-04-16 21:00:00,21.536784857581885,0.9339703163468545,20.60281454123503
2018-04-16 23:00:00,13.86313051702928,0.06282647694224708,13.800304040087033
2018-04-17 01:00:00,11.13940909401055,0.2542726713942358,10.885136422616313
2018-04-17 03:00:00,14.082915419050051,0.20255125987975905,13.880364159170293
2018-04-17 05:00:00,10.975271317214524,1.4020581992963097,9.573213117918215
2018-04-17 07:00:00,8.665815816145173,1.0199628203404183,7.645852995804755
2018-04-17 09:00:00,4.942228123328622,0.000859142287302208,4.94136898104132
2018-04-17 11:00:00,5.832118777433267,0.0024448309681532857,5.829673946465113
2018-04-17 13:00:00,6.486093043826199,0.00028685797136268436,6.485806185854837
2018-04-17 15:00:00,7.849789108956403,0.0025263041840999064,7.847262804772304
2018-04-17 17:00:00,7.654962072359082,0.4024623384262094,7.252499733932872
2018-04-17 19:00:00,5.329334905583913,0.0001577595679635241,5.329177146015949
2018-04-17 21:00:00,5.83652067481194,0.06931637277764557,5.767204302034294
2018-04-17 23:00:00,23.718629617396722,0.00841790277653355,23.71021171462019
2018-04-18 01:00:00,24.10473483974265,0.00560787051124597,24.099126969231406
2018-04-18 03:00:00,22.900615412226646,0.5506306231886077,22.34998478903804
2018-04-18 09:00:00,16.290660182689873,0.0025452655030296753,16.288114917186842
2018-04-18 11:00:00,11.31633242869724,0.0005370448803061396,11.315795383816935
2018-04-18 19:00:00,11.443737091708552,0.0009448357082634224,11.442792256000288
2018-04-18 21:00:00,7.356243880052921,0.003332039271197013,7.352911840781724
2018-04-18 23:00:00,8.904815574570694,7.650308583097062e-07,8.904814809539836
2018-04-19 01:00:00,11.503241722336655,0.004738156537574878,11.49850356579908
2018-04-19 03:00:00,10.908251040646336,0.02773249101029301,10.880518549636044
2018-04-19 05:00:00,11.060664061398818,0.03164849246061338,11.029015568938204
2018-04-19 07:00:00,9.923752487691859,0.059112953376345256,9.864639534315513
2018-04-19 09:00:00,7.932103204673748,0.009636086554231465,7.922467118119516
2018-04-19 11:00:00,8.689490259311578,0.0016490950047163716,8.687841164306862
2018-04-25 11:00:00,6.273251831163199,0.4619283284348686,5.81132350272833
2018-04-25 13:00:00,4.1187546830092625,0.5136688702199357,3.6050858127893273
2018-04-25 15:00:00,4.314418298222896,0.4747037683867765,3.8397145298361197
2018-04-25 17:00:00,5.295530122804905,0.4847029208716307,4.810827201933274
2018-04-25 19:00:00,5.355632106793585,0.8085390918400022,4.547093014953583
2018-04-25 21:00:00,1.8701503918222055,0.004247021007879098,1.8659033708143264
2018-04-25 23:00:00,3.2288461890381583,0.033102368114345464,3.1957438209238127
2018-04-26 01:00:00,3.07193515271705,0.00761895222974187,3.064316200487308
2018-04-26 03:00:00,3.1166642383504537,0.6192784196720398,2.497385818678414
2018-04-26 05:00:00,3.2791962381825197,0.8155607491633078,2.463635489019212
2018-04-26 07:00:00,2.4220638266410854,0.7347758504391302,1.6872879762019553
2018-04-26 09:00:00,1.9899114899703307,0.3705406252400415,1.6193708647302891
2018-04-26 11:00:00,1.1998456263258692,0.09706381676149677,1.1027818095643724
2018-04-26 13:00:00,0.7621745262320883,0.15787321531770826,0.60430131091438
2018-04-26 15:00:00,1.8120211617561144,0.0409569706640285,1.771064191092086
2018-04-26 17:00:00,0.15301772934975713,0.01343537591128094,0.1395823534384762
2018-04-26 19:00:00,0.2880313180693912,0.09835158486689496,0.18967973320249623
2018-04-26 21:00:00,3.1501337251561954,0.5102665993165155,2.6398671258396798
2018-04-26 23:00:00,2.1501024022409565,0.3809031014924124,1.7691993007485443
2018-04-27 01:00:00,1.2624698506725585,0.3740951162100647,0.8883747344624937
2018-04-27 03:00:00,1.9220317469376977,0.6386578539803149,1.2833738929573828
2018-04-27 05:00:00,1.0269084657629306,0.7024430248095682,0.3244654409533623
2018-04-27 07:00:00,1.0602336201556946,0.5880375203342,0.4721960998214945
2018-04-27 09:00:00,0.9724567938940362,0.3861741546739057,0.5862826392201305
2018-04-27 11:00:00,1.9504515282357382,0.3245538633483022,1.625897664887436
2018-04-27 13:00:00,0.9356982225816952,0.33817140101840776,0.5975268215632874
2018-04-27 15:00:00,1.5324628495511639,0.12314009708647969,1.409322752464684
2018-04-27 17:00:00,1.9391670855162,0.19325179875223683,1.7459152867639631
2018-04-27 19:00:00,1.744546615736796,0.41676129065637424,1.3277853250804217
2018-04-27 21:00:00,2.034744520448538,0.4831727999963032,1.5515717204522348
2018-04-27 23:00:00,1.1196929928311397,0.7270474665936546,0.3926455262374851
2018-04-28 01:00:00,1.4047179309417692,0.6423336809632317,0.7623842499785376
2018-04-28 03:00:00,1.5340783851523527,0.655025043473354,0.8790533416789988
2018-04-28 05:00:00,1.4661753635689654,1.0732668687538234,0.392908494815142
2018-04-28 07:00:00,2.578018662329091,0.02927689138347095,2.54874177094562
2018-04-28 09:00:00,1.3450085815246122,1.1011849040940092,0.24382367743060307
2018-04-28 11:00:00,1.141568566458906,0.2701636138295248,0.8714049526293812
2018-04-28 13:00:00,2.098127813112954,0.09882653014784382,1.9993012829651104
2018-04-28 15:00:00,1.3971221219538954,0.63923358367824,0.7578885382756553
2018-04-28 17:00:00,1.9705527295135863,0.2918762705147176,1.6786764589988687
2018-04-28 19:00:00,1.8431622314021143,0.38799203343850314,1.4551701979636111
2018-04-28 21:00:00,2.159231464196173,0.07366272545856964,2.0855687387376034
2018-04-28 23:00:00,2.2192646654798196,0.025546970766210764,2.193717694713609
2018-04-29 01:00:00,3.1732041192326457,0.03592352111971938,3.1372805981129264
2018-04-29 03:00:00,3.238989800621442,0.06240312586087016,3.176586674760572
2018-04-29 05:00:00,3.720039527795768,0.07588334280477273,3.644156184990995
2018-04-29 07:00:00,5.0412899862860945,0.04248002375265909,4.998809962533436
2018-04-29 09:00:00,3.8183951745456812,0.008997509986077814,3.8093976645596035
2018-04-29 11:00:00,3.8512539418806995,0.565000861481523,3.2862530803991765
2018-04-29 13:00:00,4.736805805547444,0.4904791763820425,4.246326629165401
2018-04-29 15:00:00,5.4004881530513345,0.7017899529029213,4.698698200148413
2018-04-29 17:00:00,5.158905322433205,0.5990154182139911,4.559889904219214
2018-04-29 19:00:00,4.062084500469893,0.9156594227723597,3.146425077697533
2018-04-29 21:00:00,4.132620931175447,0.8603424417003559,3.272278489475091
2018-04-29 23:00:00,4.100188175640918,0.6943512845287888,3.4058368911121293
2018-04-30 01:00:00,4.1279865046561754,1.2268066649627716,2.901179839693404
2018-04-30 03:00:00,4.072942043185617,1.1858606058007395,2.887081437384878
2018-04-30 05:00:00,2.7040542757621546,0.35957411292864594,2.344480162833509
2018-04-30 07:00:00,2.324099893354748,0.033034173816664014,2.291065719538084
2018-04-30 09:00:00,3.6260584736169967,1.1533555055594975,2.4727029680574995
2018-04-30 11:00:00,3.575157174706964,0.4405365209772823,3.1346206537296815
2018-04-30 13:00:00,2.33393612348304,0.26179701979120856,2.072139103691831
2018-04-30 15:00:00,2.391346851478125,0.24039972747239988,2.150947124005725
2018-04-30 17:00:00,2.320485541871459,0.14003946896747382,2.180446072903985
2018-04-30 19:00:00,2.4899690733120337,0.16409748446869163,2.325871588843342
2018-04-30 21:00:00,2.422950670358063,0.0038563003862548384,2.419094369971808
2018-04-30 23:00:00,2.8257957367842748,0.011455270643246586,2.814340466141028
2018-05-01 01:00:00,3.703265371554148,0.028040597857507874,3.67522477369664
2018-05-01 03:00:00,4.710911986951413,0.06412582488707035,4.646786162064343
2018-05-01 05:00:00,5.049955809195142,0.018587723103382744,5.031368086091759
2018-05-01 07:00:00,4.469256939262487,0.047999195916280525,4.421257743346207
2018-05-01 09:00:00,3.8749077554909634,0.05976738093544147,3.815140374555522
2018-05-01 11:00:00,4.4225789355601,0.033623806705794505,4.388955128854306
2018-05-01 13:00:00,4.351026744970306,0.03131588382194225,4.319710861148364
2018-05-01 15:00:00,3.7672890714201395,0.11280111190288133,3.654487959517258
2018-05-01 17:00:00,2.6333979828958567,0.04072787157582157,2.592670111320035
2018-05-01 19:00:00,2.058536604383523,0.07803415677761702,1.9805024476059059
2018-05-01 21:00:00,2.7473521555352707,0.07083925876973675,2.676512896765534
2018-05-01 23:00:00,3.6798777192877283,0.14979125439373037,3.530086464893998
2018-05-02 01:00:00,2.857159508706733,0.21520254374819014,2.641956964958543
2018-05-02 03:00:00,3.3393552630140104,0.43850660467770564,2.900848658336305
2018-05-02 05:00:00,4.302547631852796,0.7103250840934228,3.592222547759374
2018-05-02 09:00:00,0.8753376110711089,0.001919090663814191,0.8734185204072946
2018-05-02 11:00:00,0.9261173108499672,0.6160129065412828,0.31010440430868436
2018-05-02 13:00:00,4.61236750194724,0.4073343787706601,4.20503312317658
2018-05-02 15:00:00,7.892782149324322,0.25736114981562297,7.635420999508699
2018-05-02 17:00:00,10.334201679793242,0.2578735088935999,10.076328170899643
2018-05-02 19:00:00,3.5251209361274363,0.019771930254436722,3.5053490058729997
2018-05-02 21:00:00,2.446847461033698,0.002047432111337304,2.4448000289223604
2018-05-02 23:00:00,3.482027277224889,0.04001518681649818,3.4420120904083906
2018-05-03 01:00:00,2.663328618859644,0.15551623679015883,2.507812382069485
2018-05-03 03:00:00,1.5190431522534387,0.0005883280326046307,1.518454824220834
2018-05-03 05:00:00,1.927919017340914,0.0014152044402696042,1.9265038129006444
2018-05-03 07:00:00,2.183294764712082,0.0007540805206446853,2.1825406841914377
2018-05-03 17:00:00,4.318629359216696,0.016905005624330064,4.301724353592366
2018-05-03 19:00:00,3.837791563468305,0.009216459200516175,3.828575104267789
2018-05-03 21:00:00,3.949431156119948,0.03180295183424069,3.9176282042857076
2018-05-03 23:00:00,3.528876283114018,0.07401158225475053,3.4548647008592672
2018-05-04 01:00:00,4.64052770211604,0.1319570051791581,4.508570696936881
2018-05-04 03:00:00,6.551557882877499,0.1431841746414607,6.408373708236038
2018-05-04 13:00:00,4.189306944169054,0.1716810750354061,4.017625869133648
2018-05-05 15:00:00,1.274084785687085,0.0006696491288795552,1.2734151365582054
2018-05-05 17:00:00,1.6634116582174712,0.06825754089537768,1.5951541173220936
2018-05-05 19:00:00,1.9639717712327847,0.14736617374176172,1.816605597491023
2018-05-05 21:00:00,3.0914576166234475,0.3114567027417033,2.7800009138817443
2018-05-05 23:00:00,5.412694405910941,0.8508228710967309,4.561871534814211
2018-05-06 01:00:00,2.3915429494486955,1.366539822363365,1.0250031270853306
2018-05-06 03:00:00,2.8003972448211565,1.6222400796585366,1.17815716516262
2018-05-06 05:00:00,3.107723830914382,0.5121453821935776,2.5955784487208047
2018-05-06 07:00:00,2.741052190241242,0.9173310610363101,1.823721129204932
2018-05-06 09:00:00,4.0405733222455575,0.021256280205232344,4.019317042040325
2018-05-06 11:00:00,4.399001071809525,0.1193102141671884,4.279690857642336
2018-05-06 13:00:00,4.222166613601381,0.0003406911267824267,4.221825922474599
2018-05-06 15:00:00,2.789515639015291,0.011871851834308104,2.777643787180983
2018-05-06 17:00:00,6.556260913491865,0.09421010492740077,6.462050808564465
2018-05-06 19:00:00,3.710901492361963,0.0529733947021357,3.6579280976598274
2018-05-06 21:00:00,4.248914786109609,0.017868631213010414,4.231046154896598
2018-05-06 23:00:00,5.496788766067649,1.4281680534316121,4.0686207126360365
2018-05-07 01:00:00,6.406593352662667,1.7976149475100744,4.608978405152593
2018-05-10 11:00:00,1.787611795424461,0.003381459414468432,1.7842303360099927
2018-05-10 13:00:00,1.7008224591033723,0.033076724643887834,1.6677457344594844
2018-05-11 17:00:00,3.5861568048478927,0.031671791520212,3.554485013327681
2018-05-11 19:00:00,7.860346445484625,0.11593289742760295,7.744413548057022
2018-05-11 21:00:00,8.359562700478952,0.11230315457218112,8.24725954590677
2018-05-11 23:00:00,8.39691191231682,0.02403378710733414,8.372878125209487
2018-05-12 01:00:00,10.108959125373726,0.025982702307992316,10.082976423065734
2018-05-12 07:00:00,23.406779790669127,5.549485903745556,17.85729388692357
2018-05-12 09:00:00,4.446162324236545,0.0026956622919739686,4.443466661944571
2018-05-12 11:00:00,3.393137222664798,0.0032294527716346362,3.3899077698931634
2018-05-12 13:00:00,2.3932970932270186,0.012291262662088345,2.38100583056493
2018-05-12 15:00:00,2.814522863462415,0.08106564614578522,2.73345721731663
2018-05-13 01:00:00,20.853951312536086,3.0600918403213955,17.79385947221469
2018-05-13 03:00:00,17.352084078999223,2.9570867649838277,14.394997314015395
2018-05-13 09:00:00,13.469995431913606,0.23630439833808223,13.233691033575523
2018-05-13 11:00:00,13.983173131707867,0.2343078705594555,13.748865261148412
2018-05-13 13:00:00,7.2719080126515205,0.5038095853735843,6.768098427277936
2018-05-13 15:00:00,10.324866341805384,0.00010819386622086451,10.324758147939162
2018-05-13 17:00:00,14.04459062123199,0.0022946477803148695,14.042295973451674
2018-05-13 19:00:00,16.976096493903434,0.0025706640191735597,16.97352582988426
2018-05-13 21:00:00,9.167058803848201,0.18324716769861582,8.983811636149586
2018-05-13 23:00:00,7.763865173261132,0.32190684771927225,7.44195832554186
2018-05-14 01:00:00,16.24020995418048,0.388090361827944,15.852119592352533
2018-05-14 03:00:00,22.220351330311964,0.2156696130641177,22.004681717247845
2018-05-14 05:00:00,23.106458980781348,0.0877077600501864,23.01875122073116
2018-05-14 07:00:00,24.968082375862892,0.10078563412554141,24.867296741737352
2018-05-14 09:00:00,28.63021726103797,0.002626500894370464,28.6275907601436
2018-05-14 11:00:00,25.871391530015668,0.02143666192796497,25.849954868087703
2018-05-14 13:00:00,21.84937032037691,0.19892399533324104,21.650446325043667
2018-05-14 15:00:00,19.335817862938946,0.01783175462046888,19.317986108318475
2018-05-14 17:00:00,14.251200985901118,0.01973759502102349,14.231463390880094
2018-05-14 19:00:00,13.96755707457815,0.04910229955336109,13.918454775024788
2018-05-14 21:00:00,19.443617360767558,0.3387046431427454,19.104912717624813
2018-05-14 23:00:00,20.636195022965584,0.1869927470738214,20.449202275891764
2018-05-15 01:00:00,21.284089165646577,0.10697647932423984,21.17711268632234
2018-05-15 03:00:00,21.1709181575216,0.11309031244835935,21.05782784507324
2018-05-15 05:00:00,21.44355813461078,0.08491114152585255,21.358646993084925
2018-05-15 07:00:00,22.079013047485734,0.17957994884850303,21.899433098637232
2018-05-15 09:00:00,23.458494379578426,0.611963310245319,22.846531069333107
2018-05-15 11:00:00,17.322335255492444,0.45407188216104594,16.8682633733314
2018-05-15 13:00:00,11.765567243663007,0.40963802788139175,11.355929215781615
2018-05-15 15:00:00,9.799736219507981,0.5233456331682342,9.276390586339746
2018-05-15 17:00:00,10.349709416443508,0.030884792673491594,10.318824623770016
2018-05-15 19:00:00,9.152932117433625,0.044467041947690925,9.108465075485935
2018-05-15 21:00:00,9.346666142069697,0.34237332124305625,9.004292820826642
2018-05-15 23:00:00,5.917220243443868,0.3079689222604279,5.60925132118344
2018-05-16 01:00:00,13.669227815602529,1.1550130874871811,12.514214728115348
2018-05-16 03:00:00,15.43203694796451,1.3016661014612658,14.130370846503245
2018-05-16 05:00:00,16.56753024660799,1.7383015271069917,14.829228719500998
2018-05-16 07:00:00,17.54003179221574,0.7428078823495516,16.797223909866187
2018-05-16 09:00:00,18.604682702811072,0.4244453586221261,18.180237344188946
2018-05-16 11:00:00,17.609558191903382,0.16152477114372596,17.448033420759657
2018-05-16 13:00:00,17.911000403597864,0.13006156361512464,17.78093883998274
2018-05-16 15:00:00,7.328254948936289,0.3203663885321198,7.007888560404169
2018-05-16 17:00:00,13.878684036255947,0.3911076469560315,13.487576389299916
2018-05-16 19:00:00,13.406839487470949,0.00040664796577602794,13.406432839505174
2018-05-16 21:00:00,13.290793615424422,0.0025955863946820635,13.28819802902974
2018-05-16 23:00:00,20.961796676330504,0.05937721116337052,20.902419465167135
2018-05-17 01:00:00,21.991774902770306,0.15698249158516137,21.834792411185145
2018-05-17 03:00:00,21.100551596029003,0.2668206937940213,20.833730902234983
2018-05-17 05:00:00,23.833246649603954,0.3555519255143691,23.477694724089584
2018-05-17 07:00:00,12.3376643884576,0.9030738553485057,11.434590533109095
2018-05-17 15:00:00,4.092976366339975,1.2510182839963169,2.8419580823436585
2018-05-17 17:00:00,4.137460749715608,2.0159552170602324,2.121505532655376
2018-05-21 05:00:00,8.967557008520606,0.008333042658217254,8.959223965862389
2018-05-21 13:00:00,7.236602400021124,0.023749714867606363,7.212852685153518
2018-05-21 15:00:00,6.916410444055102,0.033438909773653894,6.882971534281448
2018-05-21 17:00:00,8.532308913912853,0.09859982788569464,8.433709086027159
2018-05-21 19:00:00,10.522253471452455,0.1875011802239491,10.334752291228506
2018-05-21 21:00:00,16.706894488883343,1.0635784767352199,15.643316012148125
2018-05-21 23:00:00,15.21277955927376,1.1461036594034404,14.066675899870319
2018-05-22 01:00:00,11.018057674382488,0.7940961542674391,10.223961520115049
2018-05-22 03:00:00,10.959073007687484,0.5066356035949676,10.452437404092517
2018-05-22 05:00:00,15.041755069716316,1.3836812371395033,13.658073832576813
2018-05-22 07:00:00,9.875740441398813,0.018384357998081927,9.857356083400731
2018-05-22 09:00:00,11.055027223980417,0.033805987610535215,11.021221236369882
2018-05-22 11:00:00,10.17190897465412,0.0033884604101395888,10.16852051424398
2018-05-22 13:00:00,4.5881738011730375,0.03505785140124264,4.553115949771795
2018-05-22 15:00:00,5.871089419727874,0.038558322366254165,5.8325310973616205
2018-05-22 17:00:00,12.139341435347891,0.0668131767206919,12.0725282586272
2018-05-22 19:00:00,14.628793196131907,0.1979381314935303,14.430855064638378
2018-05-22 23:00:00,16.7324695008621,0.284878608049548,16.44759089281255
2018-05-23 01:00:00,15.443575597937551,0.02950751347937964,15.41406808445817
2018-05-23 03:00:00,15.326208026120165,0.0036936371674139287,15.32251438895275
2018-05-23 05:00:00,15.477061878689632,0.003722361328517968,15.473339517361115
2018-05-23 07:00:00,13.374846203807783,0.0059347021221259665,13.368911501685657
2018-05-23 09:00:00,14.770934922214797,0.010507882651024099,14.760427039563773
2018-05-23 11:00:00,15.632279814955464,1.2673872993770219,14.364892515578441
2018-05-23 13:00:00,4.221367725542557,5.880498721250356e-05,4.2213089205553445
2018-05-25 09:00:00,8.08001805344249,3.590450117471237,4.4895679359712535
2018-05-25 11:00:00,5.600114919170854,0.7459448796366817,4.854170039534172
2018-05-25 13:00:00,8.094751822458942,0.02746627926344325,8.0672855431955
2018-05-25 15:00:00,9.188670384582235,0.008734981896033575,9.179935402686201
2018-05-25 17:00:00,12.31923073511928,0.08721624443244423,12.232014490686836
2018-05-25 19:00:00,15.049776535652198,0.8455092847349133,14.204267250917285
2018-05-25 21:00:00,12.75607449970661,0.007178800030105835,12.748895699676504
2018-05-25 23:00:00,11.905675702120778,0.028269318468916445,11.877406383651861
2018-05-26 01:00:00,12.494662161126886,2.652590602136323,9.842071558990563
2018-05-26 03:00:00,13.709621191453552,1.4770849095238092,12.232536281929743
2018-05-26 05:00:00,11.015880525275632,1.1584668646993443,9.857413660576288
2018-05-26 07:00:00,6.846815703647253,0.9160126244643767,5.930803079182876
2018-05-26 09:00:00,8.820091369902865,0.013266794154131742,8.806824575748733
2018-05-26 11:00:00,5.757324723506159,0.02492846320408119,5.732396260302077
2018-05-26 13:00:00,12.917656983714995,0.03298936300313288,12.884667620711863
2018-05-26 15:00:00,13.809235662589378,0.02383913019078507,13.785396532398593
2018-05-26 17:00:00,11.50085531538646,0.016734826343661538,11.484120489042798
2018-05-26 19:00:00,8.857361777953418,0.0073273469067387615,8.85003443104668
2018-05-26 21:00:00,8.470489875937169,4.267326274558516,4.2031636013786535
2018-05-26 23:00:00,9.587169433023332,1.1479483724347528,8.43922106058858
2018-05-27 01:00:00,6.170525212500008,1.3910976434813267,4.779427569018681
2018-05-27 03:00:00,5.264720395916381,1.6249534991988934,3.639766896717487
2018-05-27 05:00:00,2.125124912161409,1.4969125954857128,0.6282123166756963
2018-05-27 07:00:00,1.9316162009035795,0.8860493354173113,1.0455668654862682
2018-05-27 09:00:00,1.710039072435099,0.625983911350883,1.0840551610842157
2018-05-27 11:00:00,1.1609668573034726,0.7405342697243026,0.42043258757916996
2018-05-27 13:00:00,0.7126369806718269,0.008587493396932388,0.7040494872748945
2018-05-27 15:00:00,0.6465052092200775,0.11673490904792404,0.5297703001721534
2018-05-27 17:00:00,0.8355514744842041,0.7140582875351648,0.12149318694903928
2018-05-27 19:00:00,2.2933073488553126,1.0493924776813255,1.2439148711739871
2018-05-27 21:00:00,1.9502483542029814,1.6335776656786467,0.3166706885243347
2018-05-27 23:00:00,1.9690552924320786,1.6204388800554776,0.348616412376601
2018-05-28 01:00:00,2.0140876534582453,1.6106252574271662,0.40346239603107914
2018-05-28 05:00:00,2.8393620127605246,1.2854090185280633,1.553952994232461
2018-05-28 07:00:00,5.39814425613814,1.9607207552031896,3.4374235009349507
2018-05-28 09:00:00,3.028066323622369,1.9336298419657154,1.0944364816566532
2018-05-28 11:00:00,3.918056485801793,2.2382832872591636,1.6797731985426294
2018-05-28 13:00:00,5.3315879593312365,0.0005324623881774868,5.331055496943059
2018-05-28 15:00:00,6.215997548165679,0.013277992682318497,6.202719555483361
2018-05-28 17:00:00,9.860726998110302,0.4419923524076761,9.418734645702626
2018-05-28 19:00:00,9.566322696716629,0.1585450291355031,9.407777667581126
2018-05-28 23:00:00,9.16792206794722,5.791149629148396,3.3767724387988234
2018-05-29 01:00:00,8.50551284409634,3.0378360821159673,5.467676761980374
2018-05-29 03:00:00,8.389734898467996,5.113254619866833,3.276480278601162
2018-05-29 05:00:00,8.362605087780057,3.076925216450827,5.285679871329231
2018-05-29 07:00:00,7.62775820301047,3.321993595877795,4.305764607132675
2018-05-29 09:00:00,3.0985696669035967,0.006806240970388889,3.0917634259332076
2018-05-29 11:00:00,3.6731339212367056,0.03003947764548816,3.6430944435912176
2018-05-29 13:00:00,11.12413006552653,0.20657696672340417,10.917553098803126
2018-05-29 15:00:00,7.329677077055443,0.006726693277832342,7.322950383777611
2018-05-29 17:00:00,7.1263067307978565,0.0038899877867249392,7.122416743011131
2018-05-29 19:00:00,12.03976008957316,0.0045422457370904255,12.03521784383607
2018-05-29 21:00:00,13.409080714413037,0.007045163990715712,13.40203555042232
2018-05-29 23:00:00,11.90633324767407,0.2025187975014685,11.703814450172601
2018-05-30 01:00:00,2.100352299626282,0.7870046499776093,1.313347649648673
2018-05-30 05:00:00,1.3282619694272069,0.943662091711219,0.38459987771598786
2018-05-30 07:00:00,1.365550092937678,1.0221262084242726,0.34342388451340544
2018-05-30 09:00:00,1.885269455022161,0.8083387018372328,1.0769307531849281
2018-05-30 11:00:00,0.4960278181797222,0.01790115992242261,0.4781266582572996
2018-05-30 13:00:00,0.9162514131968386,0.24886239527589468,0.6673890179209439
2018-05-30 15:00:00,2.1836356746704215,1.6278123764510262,0.5558232982193955
2018-05-30 17:00:00,1.3734179926708392,1.0049309103058495,0.36848708236498984
2018-05-30 19:00:00,3.0622885200754824,0.5703340975735515,2.491954422501931
2018-05-30 21:00:00,4.033787064314927,0.38635208990395753,3.6474349744109693
2018-05-30 23:00:00,4.871661915678998,0.8279952406167609,4.043666675062237
2018-05-31 01:00:00,2.569103293351908,1.6289016890230987,0.940201604328809
2018-05-31 03:00:00,2.497932060357078,1.6061151903169149,0.8918168700401632
2018-06-01 13:00:00,4.332858344290359,0.23427851620641113,4.098579828083948
2018-06-01 15:00:00,9.175657225668152,0.43987428294563263,8.735782942722519
2018-06-01 17:00:00,9.807750838596377,0.04884745998076805,9.758903378615608
2018-06-01 19:00:00,9.764764247340787,0.014551243461271115,9.750213003879516
2018-06-01 21:00:00,8.664860369774924,0.0004995859069853016,8.66436078386794
2018-06-01 23:00:00,10.560943305857403,3.114956146416646,7.445987159440758
2018-06-02 01:00:00,11.627077544267681,0.0008369175660522939,11.626240626701628
2018-06-02 03:00:00,12.377773753161195,0.004191901658615749,12.37358185150258
2018-06-02 05:00:00,14.28576668639702,2.452642529623114,11.833124156773906
2018-06-02 07:00:00,14.659579199497479,0.027438222209408353,14.63214097728807
2018-06-02 09:00:00,13.852094952968542,0.002865381062676267,13.849229571905866
2018-06-02 11:00:00,13.21622375457264,0.02642222489261115,13.189801529680029
2018-06-02 13:00:00,10.19511317024454,0.008246113974993748,10.186867056269545
2018-06-02 15:00:00,10.601036244297402,0.12610262271049602,10.474933621586906
2018-06-02 17:00:00,12.594967900730504,0.31496278357784646,12.280005117152658
2018-06-02 19:00:00,9.719470175480659,0.2456990415230461,9.473771133957612
2018-06-02 21:00:00,6.862874344419109,0.04250939122916011,6.820364953189949
2018-06-02 23:00:00,1.8452919994450496,1.7502516026899155,0.09504039675513402
2018-06-03 01:00:00,3.790388456036224,0.9054319558399249,2.884956500196299
2018-06-03 03:00:00,3.651804053844277,2.0678267669428827,1.5839772869013944
2018-06-03 05:00:00,3.6865601794355545,2.4580554684981117,1.2285047109374427
2018-06-03 07:00:00,3.531814682116096,1.0539124831653914,2.4779021989507046
2018-06-03 09:00:00,1.5506374327020325,0.9374775083238306,0.6131599243782019
2018-06-03 11:00:00,0.9315778460518496,0.2800878198792714,0.6514900261725782
2018-06-03 13:00:00,1.1193862844090128,0.08090757760782841,1.0384787068011843
2018-06-03 15:00:00,4.833224484693135,0.7824249133810368,4.050799571312098
2018-06-03 17:00:00,4.497241959963204,0.7675765051543407,3.7296654548088632
2018-06-03 19:00:00,3.862646128897344,0.7241455102079402,3.138500618689404
2018-06-03 21:00:00,3.255447755421119,0.5598269377169536,2.6956208177041656
2018-06-03 23:00:00,3.826192120992749,0.5067983524233297,3.319393768569419
2018-06-04 01:00:00,2.880650116461347,1.8667651932411748,1.013884923220172
2018-06-04 03:00:00,2.9565287384983145,1.1617951233933754,1.7947336151049391
2018-06-04 05:00:00,3.444464263642474,0.6487896058161386,2.7956746578263356
2018-06-04 07:00:00,0.8718524510648623,0.004207507480047121,0.8676449435848151
2018-06-04 09:00:00,1.9572878095394908,0.04991991327546863,1.9073678962640221
2018-06-04 11:00:00,1.7597070635148095,0.08125175314306986,1.6784553103717397
2018-06-04 13:00:00,1.7992978872664547,0.20946197937502978,1.5898359078914248
2018-06-04 15:00:00,1.827847479732738,0.2642644264288398,1.5635830533038981
2018-06-04 19:00:00,2.6346329593234152,0.18411029276753887,2.450522666555876
2018-06-04 23:00:00,1.3361589975236328,0.4508866229905064,0.8852723745331265
2018-06-05 01:00:00,1.4935822702993031,0.40738005376266445,1.0862022165366387
2018-06-05 03:00:00,1.882990556569115,0.300791435859808,1.582199120709307
2018-06-05 05:00:00,2.120281504922769,0.23253553317602332,1.8877459717467453
2018-06-07 09:00:00,1.2600705814052202,0.27166987209491555,0.9884007093103045
2018-06-07 11:00:00,3.205408938129096,0.6285226573313333,2.576886280797763
2018-06-07 13:00:00,1.1941758665836375,0.35074209275176865,0.8434337738318689
2018-06-07 15:00:00,2.092156119011691,0.008778855208306274,2.0833772638033845
2018-06-07 17:00:00,1.8019506625619077,0.5086623568189834,1.2932883057429243
2018-06-07 19:00:00,2.6061267214849058,1.688106829318643,0.9180198921662627
2018-06-08 13:00:00,1.6733691929710113,0.20774115288597103,1.4656280400850403
2018-06-08 15:00:00,2.253495602354931,0.012941230636346574,2.2405543717185843
2018-06-08 17:00:00,3.159864945349944,0.036114923565098295,3.1237500217848457
2018-06-08 19:00:00,4.57048229716663,0.7048932546391505,3.8655890425274793
2018-06-08 21:00:00,1.383982871893518,0.31050898698594226,1.0734738849075758
2018-06-08 23:00:00,1.537519452002547,0.2281556805978574,1.3093637714046897
2018-06-09 01:00:00,1.542788540889869,0.2616315960654542,1.2811569448244147
2018-06-09 09:00:00,2.667182394894197,0.4063231934829596,2.2608592014112374
2018-06-09 11:00:00,2.7848471662079475,0.6931548865677324,2.091692279640215
2018-06-09 13:00:00,1.1812125352444474,0.2756445940688764,0.9055679411755709
2018-06-09 15:00:00,1.510083492224235,1.0527962323413351,0.45728725988289987
2018-06-09 17:00:00,2.1823844111862063,0.7640484211197814,1.4183359900664247
2018-06-09 19:00:00,2.7737408394049554,1.503053928234832,1.2706869111701236
2018-06-09 21:00:00,2.9802090299094925,0.6499484925214706,2.330260537388022
2018-06-09 23:00:00,3.5990682659857116,0.09596387195989545,3.503104394025816
2018-06-10 01:00:00,4.196071072470759,2.7282753568163223,1.467795715654437
2018-06-10 03:00:00,4.646605606083638,2.632003636600936,2.0146019694827015
2018-06-10 05:00:00,3.5553057025119466,2.5049867424491508,1.0503189600627958
2018-06-10 07:00:00,4.393919776573682,1.0190770067270254,3.3748427698466563
2018-06-10 09:00:00,8.723681501764558,0.9294812538704369,7.794200247894121
2018-06-10 11:00:00,2.7733460449236755,0.0023577386550574526,2.770988306268618
2018-06-10 13:00:00,5.950506095671703,0.0011346029805673564,5.949371492691136
2018-06-10 15:00:00,6.035860207303721,0.002219449107963699,6.033640758195758
2018-06-10 17:00:00,6.151357220936635,0.030477268378594644,6.120879952558041
2018-06-10 19:00:00,7.112733886039343,0.0176547028937228,7.09507918314562
2018-06-10 21:00:00,7.0506582480194995,0.01688154194449287,7.033776706075007
2018-06-10 23:00:00,7.405461929992797,0.02047229161129249,7.384989638381505
2018-06-11 01:00:00,10.047730172714157,0.1269554795767024,9.920774693137455
2018-06-11 03:00:00,11.347339507922928,0.06950763288786065,11.277831875035067
2018-06-11 13:00:00,12.76017680369303,0.026018293015377867,12.734158510677652
2018-06-11 15:00:00,16.064198886362863,0.08093152007962226,15.98326736628324
2018-06-11 17:00:00,19.325933406767298,0.005815564074835762,19.32011784269246
2018-06-11 19:00:00,13.381514263379918,0.013457576441636955,13.368056686938282
2018-06-11 21:00:00,12.661216208055775,0.024307779723401635,12.636908428332374
2018-06-11 23:00:00,5.530720974451676,1.2201049188870214,4.310616055564655
2018-06-12 01:00:00,6.732821071826715,2.467471060750171,4.265350011076544
2018-06-12 05:00:00,4.8135414613317264,0.8521874925629339,3.961353968768792
2018-06-12 11:00:00,0.7886386876786967,0.019420815084152547,0.7692178725945442
2018-06-12 13:00:00,3.5696850286544577,0.3066805586229421,3.2630044700315155
2018-06-12 15:00:00,2.8791711447840873,0.2862371312515602,2.592934013532527
2018-06-12 17:00:00,1.9849599602182204,0.6453783773386096,1.339581582879611
2018-06-12 19:00:00,1.3455574730600908,1.0162448765996726,0.3293125964604182
2018-06-12 21:00:00,2.184985177271676,0.5773363392017309,1.6076488380699452
2018-06-13 01:00:00,0.600376014179495,0.5746454039481091,0.025730610231385898
2018-06-13 03:00:00,1.4254449070207897,0.7321177883640985,0.6933271186566912
2018-06-13 05:00:00,1.9500412541376342,0.7998446032354739,1.1501966509021604
2018-06-13 07:00:00,2.2977900801334807,1.503843268285034,0.7939468118484468
2018-06-13 09:00:00,1.7923668855460249,0.8635095713136924,0.9288573142323323
2018-06-13 11:00:00,3.147212948887651,0.018731468721756763,3.128481480165894
2018-06-13 13:00:00,2.680904919413497,0.0016686415996604292,2.6792362778138363
2018-06-13 17:00:00,3.1732415772256144,0.0028282875683487,3.1704132896572657
2018-06-13 19:00:00,3.5185579053053817,0.008738551694207201,3.5098193536111744
2018-06-13 21:00:00,4.478773046131335,0.06561466446212089,4.413158381669214
2018-06-13 23:00:00,4.82907442292637,0.05887617986945919,4.77019824305691
2018-06-14 01:00:00,4.7910180759699115,0.2679010330650399,4.523117042904872
2018-06-14 03:00:00,5.011667838105935,0.9046618722302784,4.107005965875657
2018-06-14 05:00:00,4.616482350028998,2.7224203183001334,1.894062031728865
2018-06-14 07:00:00,7.958770517013098,0.0018784989168232295,7.9568920180962746
2018-06-14 09:00:00,6.121486832142105,0.3458046875589477,5.775682144583158
2018-06-14 11:00:00,5.308001533226743,0.006593406829860233,5.301408126396883
2018-06-14 13:00:00,5.205981451550102,0.2885163149277338,4.917465136622368
2018-06-14 15:00:00,6.0899058730661055,0.03178030881919121,6.0581255642469145
2018-06-14 17:00:00,6.120450176254532,0.4076081111225004,5.7128420651320315
2018-06-14 19:00:00,6.975899180692394,0.2605907440128758,6.715308436679518
2018-06-14 21:00:00,7.705351639404049,0.23553316099474225,7.469818478409307
2018-06-14 23:00:00,7.416181357868049,0.10190121363050618,7.314280144237543
2018-06-15 01:00:00,6.926565625558775,1.3297138978139054,5.596851727744869
2018-06-15 03:00:00,6.757597212321215,3.1571276941757667,3.6004695181454482
2018-06-15 05:00:00,8.598520612434381,5.473469106821064,3.1250515056133166
2018-06-15 07:00:00,5.195471613059092,0.004132899505170065,5.191338713553922
2018-06-15 09:00:00,4.807938112411396,0.002229893089495534,4.8057082193219
2018-06-15 11:00:00,4.985632716146775,0.00440157020990865,4.981231145936866
2018-06-15 13:00:00,4.771015765494165,0.005330508813932294,4.765685256680233
2018-06-15 15:00:00,7.600313410078248,0.013161583893896437,7.587151826184352
2018-06-15 17:00:00,7.00615631192087,0.028097482338572632,6.978058829582298
2018-06-15 19:00:00,3.748707192705827,0.0016617353342296538,3.747045457371597
2018-06-15 21:00:00,5.400489609514703,0.08103367214529107,5.319455937369412
2018-06-15 23:00:00,6.238755987475603,1.478382000278906,4.760373987196697
2018-06-16 01:00:00,7.303437118122044,0.9867394652016257,6.316697652920419
2018-06-16 03:00:00,6.6783185318190625,3.66044304601713,3.017875485801933
2018-06-16 05:00:00,7.469217264550175,5.426008920616564,2.0432083439336113
2018-06-16 07:00:00,6.6287999171645104,4.031321616753173,2.597478300411337
2018-06-16 09:00:00,3.532046550368222,1.4119802661196936,2.1200662842485283
2018-06-16 11:00:00,5.064189962206817,0.0021853922311056494,5.062004569975712
2018-06-16 13:00:00,5.185296795447679,4.469166212823581e-05,5.185252103785551
2018-06-16 15:00:00,8.069075722999008,0.005016549102615437,8.064059173896393
2018-06-16 17:00:00,9.65129112871114,0.05620724576861242,9.595083882942527
2018-06-16 19:00:00,7.9228525786564505,0.03249277933394396,7.890359799322507
2018-06-16 21:00:00,3.809776099150644,0.009503871408360728,3.8002722277422833
2018-06-16 23:00:00,3.0229197577188414,1.144080693847495,1.8788390638713461
2018-06-17 01:00:00,2.0478519271238738,1.7473485323846631,0.3005033947392106
2018-06-17 03:00:00,2.7475471439827794,1.0470572944951668,1.7004898494876128
2018-06-17 05:00:00,3.798599291236507,1.5798765990638586,2.2187226921726486
2018-06-17 07:00:00,5.885059463616345,1.551603510248408,4.333455953367937
2018-06-17 09:00:00,4.099153795854003,0.4439916309381892,3.655162164915814
2018-06-17 11:00:00,7.5168272349927285,0.00592799822034076,7.510899236772388
2018-06-17 13:00:00,6.962791328659076,0.00929621926494309,6.953495109394133
2018-06-17 15:00:00,9.428340853211449,0.009355037410251343,9.418985815801197
2018-06-17 17:00:00,12.64583543850518,0.008796082310246619,12.637039356194935
2018-06-17 19:00:00,16.58749562130804,0.0798441969567733,16.507651424351266
2018-06-17 21:00:00,20.746347642894737,0.584954490329206,20.16139315256553
2018-06-17 23:00:00,14.91420494430983,0.23554032704843694,14.678664617261393
2018-06-18 01:00:00,12.395842928306182,0.19211928030024503,12.203723648005937
2018-06-18 03:00:00,10.561565862134792,2.1558842746452975,8.405681587489495
2018-06-18 05:00:00,9.988849857036403,0.0416154482430887,9.947234408793314
2018-06-18 07:00:00,12.706029738287015,0.005682849562179275,12.700346888724836
2018-06-18 09:00:00,16.877751692574236,0.02660958271505442,16.851142109859182
2018-06-18 11:00:00,10.889842362134573,0.04679404411477531,10.843048318019797
2018-06-18 13:00:00,2.8781712248972227,0.03928355533758553,2.8388876695596372
2018-06-18 15:00:00,1.3709830546845148,0.17186665930149544,1.1991163953830193
2018-06-18 17:00:00,4.58212710454563,0.04805289458865771,4.534074209956972
2018-06-18 19:00:00,7.263886063148432,0.151593994916479,7.112292068231953
2018-06-18 21:00:00,5.328569043992789,0.12396940552482759,5.204599638467961
2018-06-18 23:00:00,5.248857675645404,0.07724075288446651,5.171616922760937
2018-06-19 01:00:00,4.757323809555926,0.008945182804238944,4.748378626751687
2018-06-19 03:00:00,4.989712840142816,0.012516475534009308,4.977196364608806
2018-06-19 05:00:00,4.570223190725638,0.006136220700753153,4.564086970024885
2018-06-19 07:00:00,5.549727201283112,0.005406808960606189,5.544320392322506
2018-06-19 11:00:00,7.035847590466468,0.0037962969306198423,7.032051293535848
2018-06-19 13:00:00,2.4749317844720853,0.04547955941651964,2.4294522250555657
2018-06-19 15:00:00,2.5040071476871417,0.9873913132388359,1.5166158344483058
2018-06-19 17:00:00,3.28005934171409,0.03598137070788556,3.244077971006204
2018-06-19 19:00:00,2.553711990997925,0.655139510733522,1.898572480264403
2018-06-19 21:00:00,3.0400692845243076,0.9163537972384571,2.1237154872858506
2018-06-19 23:00:00,2.089198986392714,1.37253738006364,0.716661606329074
2018-06-20 01:00:00,2.360789502330107,1.2119344871204578,1.148855015209649
2018-06-20 03:00:00,1.6138723247680218,1.4945923461520312,0.1192799786159905
2018-06-20 05:00:00,1.4354105236363606,1.142182422117177,0.2932281015191835
2018-06-22 13:00:00,1.0252592695102427,0.0022121589935940513,1.0230471105166488
2018-06-22 15:00:00,1.89676637248747,0.38834051225549837,1.5084258602319716
2018-06-22 17:00:00,0.9687911746672662,0.4119681224036959,0.5568230522635703
2018-06-22 19:00:00,0.9185657323507539,0.5380126174868068,0.38055311486394705
2018-06-22 21:00:00,1.1642458232150188,0.40902090353290754,0.7552249196821113
2018-06-22 23:00:00,1.3234087871618818,0.41506500550435194,0.9083437816575299
2018-06-23 01:00:00,3.1296569382509603,0.47263007478335384,2.6570268634676064
2018-06-23 03:00:00,2.2742260719826426,0.5840594052038441,1.6901666667787985
2018-06-23 05:00:00,4.7229065474401315,0.8160689446107877,3.906837602829344
2018-06-23 07:00:00,5.032942922750058,0.6131064646725877,4.41983645807747
2018-06-23 09:00:00,4.528775145233427,0.7093330847108126,3.819442060522614
2018-06-23 11:00:00,2.1957798704657243,0.21363312663854717,1.982146743827177
2018-06-23 13:00:00,3.8193448211910637,0.2656388321094986,3.553705989081565
2018-06-23 15:00:00,4.476287374632027,0.32066257119987024,4.155624803432157
2018-06-23 17:00:00,5.783734762016582,0.534558096441692,5.249176665574891
2018-06-23 19:00:00,4.658241874500318,1.0561730032640053,3.602068871236313
2018-06-23 21:00:00,2.675228185738179,1.2144818171605312,1.4607463685776478
2018-06-23 23:00:00,2.466487642135352,1.5242322398841355,0.9422554022512162
2018-06-24 01:00:00,3.0459305719663594,1.7763584934555143,1.269572078510845
2018-06-24 03:00:00,3.7849620843512315,1.5522858051318411,2.2326762792193904
2018-06-24 05:00:00,5.747444999761861,1.1548693313197074,4.592575668442153
2018-06-24 07:00:00,5.5589310383942605,0.8633007676657274,4.695630270728533
2018-06-24 09:00:00,3.842202927961001,0.2819081896588683,3.5602947383021326
2018-06-24 11:00:00,3.957785261781024,0.34289698518546197,3.614888276595562
2018-06-24 13:00:00,4.470946773934145,0.32392801106125585,4.147018762872889
2018-06-24 15:00:00,2.274416610293715,0.010147489224548622,2.2642691210691663
2018-06-24 17:00:00,3.783351663238948,1.275374284510972,2.507977378727976
2018-06-24 19:00:00,3.9889561267795366,0.13717690735281476,3.8517792194267217
2018-06-24 21:00:00,4.081440827632996,0.07933816461453971,4.002102663018456
2018-06-24 23:00:00,4.766001908510668,0.03863989074452503,4.727362017766143
2018-06-25 01:00:00,5.367351146047463,0.17733578846374315,5.19001535758372
2018-06-25 03:00:00,5.661098012927596,0.426174849239696,5.2349231636879
2018-06-25 05:00:00,6.689143332565962,0.9222225438299456,5.766920788736016
2018-06-25 07:00:00,5.373138126781787,0.012412376733191443,5.360725750048595
2018-06-25 09:00:00,6.642676377497707,0.008944169181920574,6.633732208315786
2018-06-25 11:00:00,6.4198609858998905,0.005912744492211615,6.413948241407679
2018-06-25 13:00:00,7.6848852200432844,0.0025095930876219003,7.682375626955663
2018-06-25 15:00:00,9.073359538473149,0.011876031224959343,9.06148350724819
2018-06-25 17:00:00,12.7725928431618,0.00547798447597228,12.767114858685828
2018-06-25 19:00:00,12.09184482949294,0.000489706200675852,12.091355123292264
2018-06-25 21:00:00,11.946360747166544,0.00016879474609484487,11.946191952420449
2018-06-25 23:00:00,11.873109405242205,0.011546389772430787,11.861563015469775
2018-06-26 01:00:00,14.57897391572884,0.021348957150155858,14.557624958578684
2018-06-26 03:00:00,19.9178231459668,0.38949366606898195,19.528329479897817
2018-06-26 05:00:00,17.524367992590665,0.6140701804890802,16.910297812101586
2018-06-26 13:00:00,7.2677364657123364,3.351567798088488,3.9161686676238485
2018-06-26 15:00:00,8.3737589738133,2.255808586143892,6.117950387669408
2018-06-26 17:00:00,7.203108573758905,3.4048973416394674,3.7982112321194372
2018-06-26 19:00:00,3.4810273809937353,1.9471794491047578,1.5338479318889773
2018-06-26 21:00:00,2.1635493585062147,1.8605110073391966,0.3030383511670181
2018-06-26 23:00:00,3.71599069369484,1.8184329476144743,1.8975577460803659
2018-06-27 01:00:00,3.4969058839636267,0.000397822662886945,3.4965080613007395
2018-06-27 03:00:00,2.6918003415086122,0.060828347687759396,2.630971993820853
2018-06-27 05:00:00,3.722270181334302,0.7600922303998706,2.9621779509344317
2018-06-27 07:00:00,4.3439445862534,0.9774802279277373,3.366464358325663
2018-06-27 09:00:00,2.8136211367183366,1.0665767340071244,1.7470444027112124
2018-06-27 11:00:00,4.393973673782041,0.06578682716658939,4.328186846615451
2018-06-27 13:00:00,5.865709928282419,2.4533605793612554,3.412349348921163
2018-06-27 15:00:00,8.817950784449101,2.476130042920635,6.341820741528466
2018-06-27 17:00:00,9.856342108439655,0.13787986580967423,9.71846224262998
2018-06-27 19:00:00,4.933162635149769,0.03238512104890653,4.900777514100862
2018-06-27 21:00:00,6.042405957568983,3.7078851016870917,2.3345208558818915
2018-06-27 23:00:00,5.701257959910834,1.0174105003558933,4.683847459554941
2018-06-28 01:00:00,5.251102012965639,2.482045738341349,2.7690562746242904
2018-06-28 07:00:00,8.807856505840249,5.462618778253873,3.345237727586376
2018-06-28 09:00:00,6.813248391423762,3.180972613401158,3.6322757780226036
2018-06-28 11:00:00,8.193322377459669,0.08060034726671711,8.112722030192952
2018-06-28 13:00:00,13.752309349190991,0.23781296705238056,13.51449638213861
2018-06-28 15:00:00,12.62767462692622,0.01820182444584049,12.60947280248038
2018-06-28 17:00:00,13.656600617126415,0.026984250356537457,13.629616366769877
2018-06-28 19:00:00,12.843757667789488,0.038113281349068204,12.80564438644042
2018-06-28 21:00:00,13.508439113398378,0.05099795881945733,13.457441154578921
2018-06-28 23:00:00,7.691945643270184,0.547441890957213,7.144503752312971
2018-06-29 01:00:00,3.7150803726617223,0.005405121019952723,3.7096752516417695
2018-06-29 03:00:00,3.221480545309683,0.01401784841455998,3.207462696895123
2018-06-29 05:00:00,5.78637451277278,0.13948156174402176,5.646892951028758
2018-06-29 07:00:00,7.413619438584109,0.012963628881558754,7.400655809702551
2018-06-29 09:00:00,5.2080444799220915,0.2450743261410252,4.962970153781066
2018-06-29 11:00:00,3.5488455525532965,0.8260665471241556,2.7227790054291408
2018-06-29 13:00:00,2.3462529799216547,0.07366506194581543,2.2725879179758395
2018-06-29 15:00:00,2.3399423204547554,0.0011760906102646345,2.3387662298444907
2018-06-29 17:00:00,1.9399638890729645,0.7657622345331676,1.1742016545397969
2018-06-29 19:00:00,1.5735168493798,0.6513081998547483,0.9222086495250518
2018-06-29 21:00:00,2.8544308756263783,0.7430269851852834,2.1114038904410948
2018-06-29 23:00:00,2.0331483582138308,0.5795582957514827,1.453590062462348
2018-06-30 01:00:00,3.3364961766862367,0.44556971972027387,2.8909264569659627
2018-06-30 03:00:00,3.681062121293256,0.6557803494644682,3.025281771828788
2018-06-30 05:00:00,2.153327891382073,0.8631867478064008,1.2901411435756722
2018-06-30 07:00:00,1.2563202585819635,0.7634118938442319,0.4929083647377317
2018-06-30 11:00:00,0.7938047034799827,0.4985870772265134,0.2952176262534692
2018-06-30 15:00:00,1.06336242066847,0.3199375681468924,0.7434248525215776
2018-06-30 17:00:00,1.050172834925517,0.7198306109784458,0.33034222394707136
2018-06-30 19:00:00,1.144733191536548,0.6236448147585879,0.5210883767779602
2018-07-21 17:00:00,4.755490488493259,0.013153564551780583,4.742336923941479
2018-07-21 19:00:00,7.857613663635532,0.027304709792187416,7.830308953843344
2018-07-21 21:00:00,9.716682223407826,0.21587866537454967,9.500803558033276
2018-07-21 23:00:00,13.712695147186892,0.746181117093354,12.966514030093538
2018-07-22 01:00:00,15.195039438485614,0.3463776060028816,14.848661832482732
2018-07-22 03:00:00,17.898156351424248,0.4208325704371705,17.477323780987078
2018-07-22 05:00:00,17.271749603773113,0.6267563634121819,16.644993240360932
2018-07-22 07:00:00,15.906096250110053,0.46502033921782115,15.441075910892232
2018-07-22 09:00:00,12.915641279671542,0.29849417393078687,12.617147105740756
2018-07-22 11:00:00,12.694011387620208,0.04916620725149342,12.644845180368714
2018-07-22 13:00:00,13.30841481122708,0.030811060714940663,13.277603750512139
2018-07-22 15:00:00,14.012426122642232,0.0040657038676954575,14.008360418774537
2018-07-22 17:00:00,12.160376700256608,0.004406000861279556,12.155970699395327
2018-07-22 19:00:00,11.698299647212256,0.006232527282849726,11.692067119929407
2018-07-22 21:00:00,13.290701796861775,0.02242076267686847,13.268281034184907
2018-07-22 23:00:00,15.779900450409764,0.09174510266589406,15.68815534774387
2018-07-23 01:00:00,12.748226230079782,0.11814931105326083,12.630076919026521
2018-07-23 03:00:00,13.308223855792527,0.029762807389963022,13.278461048402564
2018-07-23 05:00:00,16.68768334552962,0.4113015022606409,16.27638184326898
2018-07-23 07:00:00,15.03434898795157,1.092073552894377,13.942275435057194
2018-07-23 09:00:00,9.942999974589227,0.3542947099183039,9.588705264670924
2018-07-23 11:00:00,9.114682313133887,1.5562279458102235,7.558454367323664
2018-07-23 13:00:00,8.07719376682823,0.8236734857430356,7.253520281085194
2018-07-23 15:00:00,9.326738677902675,0.9422846636196279,8.384454014283047
2018-07-23 17:00:00,6.818431637472759,0.507807431985063,6.310624205487696
2018-07-23 19:00:00,7.358423323701833,0.6342550898994314,6.724168233802401
2018-07-23 21:00:00,6.372078778534685,0.020054930489635865,6.352023848045049
2018-07-23 23:00:00,14.81255732943999,2.34799894215486,12.46455838728513
2018-07-26 11:00:00,20.923277687787245,0.017061066292058454,20.906216621495187
2018-07-26 13:00:00,25.151886063072002,0.13343448635948588,25.018451576712515
2018-07-26 15:00:00,23.562441049886736,0.0520406873217022,23.510400362565033
2018-07-26 17:00:00,23.16034654235688,0.021144567723831404,23.13920197463305
2018-07-26 19:00:00,23.144469480503165,0.007486104398653862,23.13698337610451
2018-07-26 21:00:00,21.660794712393578,0.12261908494968027,21.5381756274439
2018-07-26 23:00:00,21.721613911477203,0.2817367724379061,21.439877139039297
2018-07-27 01:00:00,22.040607655855606,0.5505572677812768,21.49005038807433
2018-07-27 03:00:00,24.683144817021926,0.9298590631979943,23.75328575382393
2018-07-27 05:00:00,22.738447706025514,0.8606479774578847,21.87779972856763
2018-07-27 07:00:00,28.673788774618863,0.2199381663283466,28.453850608290516
2018-07-27 09:00:00,25.955696515647567,0.06889906284069762,25.88679745280687
2018-07-27 11:00:00,19.72361416602073,0.03868045551219312,19.68493371050854
2018-07-27 13:00:00,18.793635968929753,0.01827789343702018,18.775358075492733
2018-07-27 15:00:00,16.032711705222034,0.1433054769882559,15.889406228233778
2018-07-27 17:00:00,14.597501097756844,0.056012990812578954,14.541488106944264
2018-07-27 19:00:00,17.466751852466402,0.013278370919255092,17.453473481547146
2018-07-27 21:00:00,19.519514070531653,0.010162430018587458,19.509351640513064
2018-07-27 23:00:00,16.507685998580808,0.016894141956599863,16.49079185662421
2018-07-28 01:00:00,20.036428684267403,0.10935180930517799,19.927076874962225
2018-07-28 03:00:00,20.68324400084086,0.09037901193791933,20.59286498890294
2018-07-28 05:00:00,22.340735808616078,0.05101002660147783,22.2897257820146
2018-07-28 07:00:00,19.926654596544015,0.044544695628774535,19.88210990091524
2018-07-28 09:00:00,19.98662687890954,0.07759884566765608,19.909028033241885
2018-07-28 11:00:00,19.76303181585229,0.1284394787098387,19.63459233714245
2018-07-28 13:00:00,19.40114680417315,0.21945599673036412,19.181690807442784
2018-07-28 15:00:00,18.576656800088095,0.051489181404961906,18.525167618683135
2018-07-28 17:00:00,23.423370066724942,0.006649806726262055,23.41672025999868
2018-07-28 19:00:00,22.727284017598546,0.016668778502635064,22.71061523909591
2018-07-28 21:00:00,22.044176282273835,0.003761658928959418,22.040414623344876
2018-07-28 23:00:00,19.231392147085018,0.007877323703247511,19.22351482338177
2018-07-29 01:00:00,21.280252625284763,0.011794066682311026,21.268458558602454
2018-07-29 03:00:00,22.581492405636684,0.022864621236085046,22.5586277844006
2018-07-31 13:00:00,16.996156934604425,0.03128455786184492,16.96487237674258
2018-07-31 15:00:00,15.718281564010995,1.495530959111609,14.222750604899387
2018-07-31 17:00:00,14.3741876456564,0.1572779674245695,14.216909678231831
2018-07-31 19:00:00,11.736302630150405,0.4194249952072369,11.316877634943168
2018-07-31 21:00:00,9.02564901112655,0.005811001287669494,9.01983800983888
2018-07-31 23:00:00,18.87026362703662,0.04084386751313202,18.82941975952349
2018-08-10 01:00:00,22.789071194905922,2.457189706978884,20.33188148792704
2018-08-10 03:00:00,23.786638464105117,0.4569244542500607,23.329714009855056
2018-08-10 05:00:00,22.92675053165374,0.5187381938291045,22.408012337824637
2018-08-10 07:00:00,21.77183221756345,0.00015041269844670336,21.771681804865004
2018-08-10 09:00:00,21.88375786935338,2.1438285485368365,19.739929320816543
2018-08-10 11:00:00,21.674439685895436,0.11763354140919263,21.556806144486245
2018-08-10 13:00:00,13.64249949529506,0.009181276189561275,13.633318219105497
2018-08-10 15:00:00,13.9227044760264,5.362583023481084,8.560121452545316
2018-08-10 17:00:00,13.182266830303298,0.12539222947445008,13.056874600828849
2018-08-10 19:00:00,11.796393599462425,0.09137144746976016,11.705022151992665
2018-08-10 21:00:00,17.023642995745305,0.08909183367104653,16.93455116207426
2018-08-10 23:00:00,15.058922240768794,0.1322691032973523,14.926653137471442
2018-08-11 01:00:00,10.42015165135318,0.2604986612302254,10.159652990122954
2018-08-11 03:00:00,6.674622002166347,0.41035825842260887,6.264263743743738
2018-08-11 05:00:00,4.6906612911218595,0.5090192101658002,4.181642080956059
2018-08-11 07:00:00,2.2728680429719663,0.4570138794279625,1.8158541635440038
2018-08-11 09:00:00,0.8775324418864627,0.0014485726347043938,0.8760838692517583
2018-08-11 11:00:00,0.679233353767691,0.0034521081715548816,0.6757812455961362
2018-08-11 13:00:00,1.102519675271758,0.012462017469628772,1.0900576578021293
2018-08-11 15:00:00,1.954450751274208,0.02279718542176752,1.9316535658524405
2018-08-11 17:00:00,5.987138082658971,0.3870695172362762,5.600068565422695
2018-08-11 19:00:00,4.415204995228599,0.2898345210686708,4.125370474159928
2018-08-11 21:00:00,2.8160740144830507,0.2628466265480613,2.5532273879349896
2018-08-11 23:00:00,2.695024540186302,0.42433429450561455,2.2706902456806874
2018-08-12 01:00:00,2.481670578616649,0.739919291888741,1.7417512867279084
2018-08-12 03:00:00,2.6995798893376075,1.0861840372455251,1.6133958520920824
2018-08-12 05:00:00,3.1528215365264054,0.5766240614182175,2.576197475108188
2018-08-12 07:00:00,2.8649270329581844,0.8716980061951464,1.993229026763038
2018-08-12 09:00:00,2.645375764747173,0.8053520453998789,1.8400237193472944
2018-08-12 11:00:00,2.3946876478783965,1.1668342931800322,1.2278533546983643
2018-08-12 13:00:00,2.8307231935624557,1.6326970940613015,1.1980260995011542
2018-08-12 15:00:00,2.521421698779608,1.0286199808976417,1.4928017178819664
2018-08-12 17:00:00,3.4737456030645926,1.2127422641707049,2.2610033388938877
2018-08-12 19:00:00,2.739799406610749,0.006929423426787184,2.732869983183962
2018-08-12 21:00:00,2.9314804419138323,0.004781862587163638,2.9266985793266684
2018-08-12 23:00:00,2.343725104057775,0.04696859840429558,2.2967565056534793
2018-08-13 01:00:00,1.8389730185858588,0.09204509811394371,1.746927920471915
2018-08-13 03:00:00,1.6082767258446786,0.15328171387118628,1.4549950119734925
2018-08-13 05:00:00,2.33908585055847,0.40774223408273785,1.9313436164757325
2018-08-13 07:00:00,1.9039662067724665,0.2997789738879592,1.6041872328845073
2018-08-13 09:00:00,1.902160531653443,0.19878686368757073,1.7033736679658722
2018-08-13 11:00:00,1.3906144864483498,0.06300318397317767,1.3276113024751721
2018-08-13 13:00:00,1.013957355460977,0.06223705139186007,0.9517203040691171
2018-08-13 15:00:00,4.664750564714889,0.20116662604323615,4.463583938671652
2018-08-13 17:00:00,4.838003178222812,0.32626970502939057,4.511733473193422
2018-08-13 19:00:00,3.8584948929141163,0.6183537100530723,3.240141182861044
2018-08-13 21:00:00,2.379133685067637,0.4617395720463768,1.9173941130212602
2018-08-13 23:00:00,2.399402026162928,0.926969846510622,1.4724321796523059
2018-08-14 01:00:00,1.6220616504294088,1.3858216266432801,0.23624002378612854
2018-08-14 03:00:00,1.8669949428753743,1.555074824633341,0.31192011824203325
2018-08-14 07:00:00,3.27378491638636,1.2497717460360187,2.0240131703503415
2018-08-14 09:00:00,5.847803886648066,0.39889137050319956,5.448912516144866
2018-08-14 11:00:00,8.256296387932935,0.4770611094460788,7.779235278486856
2018-08-14 13:00:00,6.515969362905273,0.1819463496503327,6.33402301325494
2018-08-14 15:00:00,1.345716832187617,0.10701330697318125,1.2387035252144356
2018-08-14 21:00:00,1.46199534357665,0.858014403805316,0.6039809397713339
2018-08-15 01:00:00,1.053786840678084,0.7444661352059772,0.30932070547210677
2018-08-15 03:00:00,1.2538344726071657,0.7616457797535344,0.49218869285363137
2018-08-15 05:00:00,1.5778758420791141,0.9453757359753658,0.6325001061037484
2018-08-15 07:00:00,1.7406807865068332,0.5515995873027328,1.1890811992041004
2018-08-15 09:00:00,3.3244003978724077,1.2312801021887572,2.0931202956836503
2018-08-15 11:00:00,6.965930317913809,0.8185818637723757,6.147348454141434
2018-08-15 13:00:00,5.391334015631209,2.7215974686400908,2.6697365469911176
2018-08-15 15:00:00,2.9755864522795625,0.013382388670766965,2.9622040636087954
2018-08-15 17:00:00,2.5276714613477784,0.01801648575271639,2.509654975595062
2018-08-15 19:00:00,3.0615605661604732,0.007779755919340078,3.053780810241133
2018-08-15 21:00:00,3.171470466624866,0.0019916938548901982,3.169478772769976
2018-08-15 23:00:00,4.049907205693718,0.002354996739561812,4.047552208954157
2018-08-16 01:00:00,5.781567345643634,0.022075796272105853,5.7594915493715275
2018-08-16 03:00:00,5.806066506252459,0.04174445517128386,5.764322051081175
2018-08-16 05:00:00,7.203190851057881,0.0508488113494453,7.152342039708436
2018-08-16 07:00:00,5.843541965276591,2.094706324315514,3.748835640961077
2018-08-16 09:00:00,4.382803770800768,2.9551784260991867,1.4276253447015819
2018-08-22 01:00:00,2.098554702790934,0.6956332123458155,1.4029214904451184
2018-08-22 03:00:00,1.2390619573930455,0.8998015396448805,0.33926041774816496
2018-08-22 05:00:00,1.054489182507138,0.8470162680193267,0.2074729144878114
2018-08-22 07:00:00,1.3099390435232543,1.0813408129899127,0.22859823053334166
2018-08-22 19:00:00,1.9478355118715935,0.20007497219815862,1.7477605396734348
2018-08-22 21:00:00,2.4885824813843618,0.9520111959157566,1.536571285468605
2018-08-22 23:00:00,2.4676626617187534,1.904285785017264,0.5633768767014891
2018-08-23 01:00:00,2.4355938352069337,1.800129361130746,0.6354644740761876
2018-08-23 03:00:00,2.731554705620755,2.059114219586803,0.6724404860339522
2018-08-23 05:00:00,2.8293396308431316,0.8024581998958247,2.0268814309473067
2018-08-23 07:00:00,3.8087109830741,0.15843101685332595,3.650279966220774
2018-08-23 09:00:00,4.717272663057884,0.6554534879838039,4.0618191750740795
2018-08-23 11:00:00,4.118354941658497,1.7324796644648248,2.3858752771936724
2018-08-23 13:00:00,4.260688226278132,1.779642847521365,2.4810453787567672
2018-08-23 15:00:00,2.1784116615986737,0.01755658225302202,2.1608550793456516
2018-08-23 17:00:00,3.3042597355038903,0.14202967533858238,3.162230060165308
2018-08-23 19:00:00,4.683299506300275,0.31419774629399433,4.369101760006281
2018-08-23 21:00:00,5.3277796467677625,0.7411183676331472,4.586661279134615
2018-08-23 23:00:00,6.012094033634146,1.550976865790929,4.461117167843217
2018-08-24 01:00:00,7.933066698666635,4.282569044089647,3.650497654576988
2018-08-24 03:00:00,7.076620522150678,4.743404323229872,2.3332161989208062
2018-08-24 05:00:00,9.048016832588083,0.6635416580525743,8.384475174535508
2018-08-24 07:00:00,10.768788089494507,2.052340462326076,8.71644762716843
2018-08-24 09:00:00,8.060383464538802,0.004029685891929891,8.056353778646873
2018-08-24 11:00:00,8.501037015298857,0.046902940294918566,8.454134075003939
2018-08-24 13:00:00,8.651784728626481,0.012752883037877624,8.639031845588603
2018-08-24 15:00:00,10.502679143165906,0.058296367850577596,10.44438277531533
2018-08-24 17:00:00,11.087215484268482,0.08394487219134034,11.003270612077142
2018-08-24 19:00:00,12.17207714058013,0.19833570171088605,11.973741438869244
2018-08-24 21:00:00,14.197426710932106,0.14361592566646858,14.053810785265638
2018-08-24 23:00:00,16.130843054862744,0.5089582276937012,15.621884827169044
2018-08-25 01:00:00,15.178635555047025,0.6001792796246345,14.57845627542239
2018-08-25 03:00:00,12.164052821536393,0.6000447916449752,11.564008029891417
2018-08-25 05:00:00,10.04455603495866,0.8488958301146736,9.195660204843985
2018-08-25 07:00:00,8.388383742896353,0.47699375353071083,7.9113899893656425
2018-08-25 09:00:00,3.326168047112532,0.1698470343495429,3.156321012762989
2018-08-25 11:00:00,0.22370195897291578,0.019137904145055118,0.20456405482786066
2018-08-25 13:00:00,0.3725470431053255,0.004841780493791342,0.36770526261153413
2018-08-25 15:00:00,2.3574732627164567,0.04546045912206473,2.312012803594392
2018-08-25 17:00:00,1.568996689346032,0.15474473251039275,1.4142519568356393
2018-08-25 19:00:00,1.290955143458933,0.23716866670273376,1.0537864767561993
2018-08-25 21:00:00,1.6146240599459403,0.5543213946092141,1.060302665336726
2018-08-25 23:00:00,1.9386661883358967,0.9810155535442793,0.9576506347916174
2018-08-26 01:00:00,2.8492442026482285,1.229376888671069,1.6198673139771596
2018-08-26 03:00:00,3.0473738124948095,1.9613856190568317,1.0859881934379776
2018-08-26 05:00:00,2.594358196054244,1.292334265125487,1.3020239309287571
2018-08-26 07:00:00,2.2568031116164997,1.108115332851702,1.148687778764798
2018-08-26 09:00:00,3.076725441298842,0.5501498268858639,2.526575614412978
2018-08-26 11:00:00,2.617931009797693,1.8188981656175045,0.7990328441801885
2018-08-26 13:00:00,4.520327591156741,1.0599987874982144,3.460328803658527
2018-08-26 15:00:00,3.7296755118709717,0.6394165542611561,3.090258957609816
2018-08-26 17:00:00,3.903726898557821,0.7087820462048692,3.194944852352952
2018-08-26 19:00:00,3.0640118438808925,0.47393125779015255,2.59008058609074
2018-08-26 21:00:00,1.477087284271189,0.007892770979376285,1.4691945132918127
2018-08-26 23:00:00,1.7051178502500883,0.0021234605033874283,1.7029943897467008
2018-08-27 01:00:00,4.858963779603022,0.9126036796094225,3.9463600999936
2018-08-27 03:00:00,5.6476232926981265,1.0853545539329152,4.562268738765211
2018-08-27 05:00:00,2.693971994188175,0.008812986648356409,2.685159007539818
2018-08-27 07:00:00,4.7949445985148555,0.7295108245265443,4.065433773988311
2018-08-27 09:00:00,3.75085453973287,0.09583100553327616,3.655023534199594
2018-08-27 11:00:00,1.6820418164240638,0.08585209695265351,1.5961897194714103
2018-08-27 13:00:00,1.7757807183228953,0.2769785425224496,1.4988021758004457
2018-08-27 15:00:00,1.8811182694251602,0.06394102570759198,1.8171772437175682
2018-08-27 17:00:00,2.2259111754686622,0.00729197095381077,2.2186192045148516
2018-08-27 19:00:00,2.6592326264246036,0.042652256836051894,2.6165803695885517
2018-08-27 21:00:00,3.0319500358103304,0.1631377965964444,2.868812239213886
2018-08-27 23:00:00,2.2837340384602913,0.11776373426188219,2.1659703041984093
2018-08-28 01:00:00,3.1925864186560546,0.29448804612643836,2.898098372529616
2018-08-28 03:00:00,3.5378551085896803,0.33910506382552236,3.198750044764158
2018-08-28 05:00:00,5.0565618805738755,0.7226605340563561,4.33390134651752
2018-08-28 07:00:00,3.902805999335525,0.6701690786157126,3.2326369207198122
2018-08-28 09:00:00,6.017395656445582,0.08326455712513668,5.934131099320445
2018-08-28 11:00:00,2.262686380475079,0.08045527578327992,2.182231104691799
2018-08-28 13:00:00,2.4154653821751624,0.6780505870728475,1.737414795102315
2018-08-28 15:00:00,1.7852231367707503,1.0628604643567312,0.7223626724140191
2018-08-28 17:00:00,2.974997541214112,1.400196673831522,1.5748008673825897
2018-08-28 19:00:00,4.353962858413806,0.054740050941090045,4.299222807472716
2018-08-28 21:00:00,3.9605990561950555,0.16051403782570894,3.8000850183693466
2018-08-28 23:00:00,2.7249934571021694,0.058917349453511014,2.6660761076486583
2018-08-29 01:00:00,30.260842273967004,1.829410027371852,28.43143224659515
2018-08-29 03:00:00,8.604967211286812,0.7646260226109871,7.840341188675825
2018-08-29 07:00:00,3.7736543479507456,0.6434126165075663,3.130241731443179
2018-08-29 19:00:00,4.646496563015884,1.2594125560141953,3.3870840070016888
2018-08-29 21:00:00,4.841811554667749,0.010104471837258901,4.83170708283049
2018-08-29 23:00:00,4.836055664669935,0.018106963582409576,4.817948701087525
2018-08-30 01:00:00,7.4121065328948355,0.31410252603055716,7.0980040068642785
2018-08-30 03:00:00,7.435186752899736,0.2902379871317335,7.144948765768003
2018-08-30 05:00:00,7.288318147076911,0.14811492267217174,7.140203224404739
2018-08-30 07:00:00,7.074853589808915,0.006111435175546964,7.068742154633368
2018-08-30 09:00:00,7.773381856308223,0.04820283072725176,7.725179025580971
2018-08-30 11:00:00,6.678287030336122,0.07318495734269011,6.605102072993432
2018-08-30 13:00:00,6.358536755150924,0.1261973935317364,6.232339361619188
2018-08-30 15:00:00,7.493029187136443,0.07911408056109649,7.413915106575347
2018-08-30 17:00:00,4.856006460797411,0.03709285036532356,4.818913610432087
2018-08-30 19:00:00,4.860962722377748,0.02386422462704501,4.837098497750703
2018-08-30 21:00:00,5.526964259812451,0.031159683471033952,5.495804576341417
2018-08-30 23:00:00,6.354255804705401,0.042551404304323436,6.311704400401077
2018-08-31 01:00:00,6.33522598930113,0.05040633587414282,6.284819653426988
2018-08-31 03:00:00,6.103264901375559,0.0333558540743224,6.069909047301237
2018-08-31 05:00:00,5.930109367749383,0.022637479250241347,5.907471888499141
2018-08-31 07:00:00,4.963293966205445,0.007187550262649033,4.956106415942796
2018-08-31 09:00:00,4.365838893130839,0.024633733775303392,4.341205159355535
2018-08-31 11:00:00,3.3658870911475893,0.007550899850378666,3.3583361912972105
2018-08-31 13:00:00,3.987605174311132,0.030434984855752155,3.95717018945538
2018-08-31 15:00:00,3.8089039518488277,0.011461094038078769,3.797442857810749
2018-08-31 17:00:00,4.305719091038078,0.06611126849329128,4.239607822544787
2018-08-31 19:00:00,4.686230077663416,0.005825801369215389,4.680404276294201
2018-08-31 21:00:00,6.846210998690538,0.31551406774983354,6.530696930940705
2018-08-31 23:00:00,6.560715470848246,0.28524538253822046,6.275470088310025
2018-09-01 01:00:00,5.86354057183627,0.07375850117025597,5.789782070666014
2018-09-01 03:00:00,6.286036511628048,0.5709620481913735,5.715074463436674
2018-09-01 05:00:00,7.316278782334279,0.6874654936648648,6.628813288669414
2018-09-01 07:00:00,10.957410970426006,0.910892412692485,10.04651855773352
2018-09-01 09:00:00,9.776616095931836,0.849947720315894,8.926668375615941
2018-09-01 11:00:00,7.506092690487177,0.7351086623428791,6.770984028144298
2018-09-01 13:00:00,8.594604935746315,0.7934602283444343,7.80114470740188
2018-09-01 15:00:00,7.659114795819246,1.1911136110750602,6.468001184744185
2018-09-01 17:00:00,10.584331513611282,1.9077582456572055,8.676573267954076
2018-09-01 19:00:00,6.321139639602996,1.1746703114121644,5.146469328190832
2018-09-01 21:00:00,6.363134601543856,0.007227000017130975,6.3559076015267255
2018-09-01 23:00:00,7.4447278473240415,0.009469920881111578,7.4352579264429295
2018-09-02 01:00:00,9.315262768198966,0.04802857180633481,9.267234196392632
2018-09-02 03:00:00,10.407057880424757,0.20941764791774825,10.197640232507009
2018-09-02 05:00:00,11.891542592462278,0.9441332857545951,10.947409306707682
2018-09-02 07:00:00,12.130587480022887,0.754588132248691,11.375999347774197
2018-09-02 09:00:00,13.392617636068353,0.7436482913015895,12.648969344766764
2018-09-02 11:00:00,11.416026495152167,0.5497591901244705,10.866267305027696
2018-09-02 13:00:00,8.783144403487576,0.24086807399208127,8.542276329495495
2018-09-02 15:00:00,8.471605653104588,0.00104635421026254,8.470559298894326
2018-09-02 17:00:00,7.861954165323037,0.0009017534425054586,7.861052411880531
2018-09-02 19:00:00,8.211873513085152,0.001984759136945358,8.209888753948206
2018-09-02 21:00:00,8.875978479393348,0.0027618015256465926,8.8732166778677
2018-09-02 23:00:00,7.308953967461527,0.0011228160534430642,7.307831151408084
2018-09-03 01:00:00,8.539070768731264,0.008219928434918998,8.530850840296345
2018-09-03 03:00:00,9.001723094154864,0.01347128516719081,8.988251808987673
2018-09-03 05:00:00,9.010514272231555,0.010723314664570596,8.999790957566985
2018-09-03 07:00:00,10.071910159336987,0.013754533706189264,10.058155625630798
2018-09-03 09:00:00,9.80523147626685,0.0043078767969643,9.800923599469886
2018-09-03 11:00:00,8.732771791405614,0.010243363425912859,8.722528427979702
2018-09-03 13:00:00,7.073254349622775,0.001572609764947753,7.071681739857827
2018-09-03 15:00:00,6.774980743314722,0.004148896164214386,6.770831847150507
2018-09-03 17:00:00,6.808016324423752,0.013472684538478026,6.7945436398852745
2018-09-03 19:00:00,7.4143909372218335,0.010457915986151076,7.403933021235683
2018-09-03 21:00:00,8.400999909905597,0.035154751517360396,8.365845158388236
2018-09-03 23:00:00,10.093642688027606,0.07971903149523767,10.013923656532368
2018-09-04 01:00:00,10.65894396399567,0.21459652984606406,10.444347434149606
2018-09-04 03:00:00,10.635089100237833,0.28897251097293436,10.346116589264899
2018-09-04 05:00:00,10.19586328340209,0.33146894994976633,9.864394333452324
2018-09-04 07:00:00,9.617982231774633,0.21075913719274475,9.407223094581887
2018-09-04 13:00:00,11.412122121508393,2.0273732879711073,9.384748833537286
2018-09-04 15:00:00,9.319107416596392,0.7200104329424569,8.599096983653935
2018-09-04 17:00:00,10.4993094002703,0.47473262346884626,10.024576776801455
2018-09-04 19:00:00,12.473180327826917,0.3591378021393179,12.1140425256876
2018-09-04 21:00:00,13.79535160848643,1.629003220601271,12.166348387885158
2018-09-04 23:00:00,11.230246849805951,0.007068373337298261,11.223178476468654
2018-09-05 01:00:00,10.605064692673157,0.4860026596860698,10.119062032987086
2018-09-05 03:00:00,13.306580768248546,0.07533397715764799,13.231246791090898
2018-09-05 05:00:00,12.51890272420616,0.06139938525165941,12.457503338954501
2018-09-05 11:00:00,11.554955895581335,0.1462530105378593,11.408702885043475
2018-09-05 13:00:00,12.389176889715323,0.2526185459763163,12.136558343739006
2018-09-05 15:00:00,14.794689732055252,0.6821134277511426,14.11257630430411
2018-09-05 17:00:00,13.688278967848325,0.6771246567384515,13.011154311109873
2018-09-05 19:00:00,12.150291296827733,0.4582771689823668,11.692014127845367
2018-09-05 21:00:00,12.458211536645548,0.4090646205149335,12.049146916130615
2018-09-05 23:00:00,11.322346181648276,0.018461057461189388,11.303885124187087
2018-09-06 01:00:00,10.916743316955266,0.4364353634147211,10.480307953540544
2018-09-06 03:00:00,10.604437215152254,0.23067310205684044,10.373764113095413
2018-09-06 05:00:00,9.513497796185996,0.17906017873302474,9.334437617452972
2018-09-06 07:00:00,6.3503587509182795,0.34485894891324587,6.005499802005033
2018-09-06 09:00:00,7.328782994745413,0.6233494034229597,6.7054335913224525
2018-09-06 11:00:00,10.915715647572572,0.4332093795870394,10.482506267985533
2018-09-06 13:00:00,12.587048506467056,0.12486950803245098,12.462178998434606
2018-09-06 15:00:00,13.700473800274374,0.093499678086192,13.606974122188182
2018-09-06 17:00:00,13.209123611015071,0.06374315412673869,13.145380456888333
2018-09-06 19:00:00,11.237085526109922,0.013132104729216046,11.223953421380706
2018-09-06 21:00:00,15.345832482468172,0.08135766423921412,15.264474818228958
2018-09-06 23:00:00,14.36086633087954,0.160664156873724,14.200202174005817
2018-09-07 01:00:00,14.077091798497332,0.09772682228796618,13.979364976209366
2018-09-07 03:00:00,13.951812411091215,0.0538654454073147,13.8979469656839
2018-09-07 05:00:00,13.834089444538069,0.2740389668298727,13.560050477708197
2018-09-07 07:00:00,13.230430872172954,0.11778291025466708,13.112647961918288
2018-09-07 09:00:00,13.98769606146243,0.2966691291750654,13.691026932287365
2018-09-07 11:00:00,9.560651182107595,0.030262808292045473,9.53038837381555
2018-09-07 13:00:00,9.553555921593613,0.023455471449211247,9.530100450144403
2018-09-07 15:00:00,7.924698287983055,0.014381382284207983,7.910316905698847
2018-09-07 17:00:00,6.938561745779499,0.009446067245805833,6.929115678533693
2018-09-07 19:00:00,6.528460055955883,0.006657670482534624,6.5218023854733485
2018-09-07 21:00:00,6.566480122717878,0.02747681917057628,6.539003303547302
2018-09-07 23:00:00,9.564963487711902,0.10601708111300907,9.458946406598892
2018-09-08 01:00:00,10.09808434515463,0.25955475092420066,9.83852959423043
2018-09-08 03:00:00,9.641048477457451,0.12864142297686204,9.512407054480589
2018-09-08 05:00:00,5.2078259363128705,0.08135979417774694,5.126466142135124
2018-09-08 07:00:00,4.165739284022397,0.056212642334111135,4.109526641688286
2018-09-08 09:00:00,4.355588369659257,0.13372829774285752,4.2218600719163994
2018-09-08 11:00:00,10.71534231216735,0.549177413887819,10.166164898279531
2018-09-08 13:00:00,9.861528224155851,0.5681643463386473,9.293363877817203
2018-09-08 15:00:00,11.255496117097335,1.0233582807028008,10.232137836394534
2018-09-08 17:00:00,11.963904366563616,1.1887603315797208,10.775144034983896
2018-09-08 19:00:00,9.513486941474659,0.07990556911377224,9.433581372360885
2018-09-08 21:00:00,11.871017543203578,0.07912724030327478,11.791890302900303
2018-09-08 23:00:00,10.926278856050166,0.3001026009148094,10.626176255135356
2018-09-09 01:00:00,12.29224039279485,0.28139720577272004,12.01084318702213
2018-09-09 03:00:00,8.425838234034531,0.14030330781547376,8.285534926219057
2018-09-09 05:00:00,6.356063758509813,0.07933975226520522,6.276724006244608
2018-09-09 07:00:00,7.908662443670863,0.29305175710377407,7.615610686567089
2018-09-09 09:00:00,8.048946782364599,0.32279645194607626,7.726150330418522
2018-09-09 11:00:00,8.975162219622248,0.2962588887959816,8.678903330826268
2018-09-09 13:00:00,9.179448049666636,0.6943525672863802,8.485095482380256
2018-09-09 15:00:00,8.826216201769896,0.5426379451710225,8.283578256598872
2018-09-09 17:00:00,12.16390488400589,0.5356269498249931,11.628277934180897
2018-09-09 19:00:00,8.574602486145084,0.10514090704583372,8.46946157909925
2018-09-09 21:00:00,9.258055539184182,0.36009533258382626,8.897960206600356
2018-09-09 23:00:00,10.074591177644002,0.5061296835378534,9.568461494106149
2018-09-10 01:00:00,11.746487315635452,0.9851307836594921,10.76135653197596
2018-09-10 03:00:00,10.423367367234704,1.0622417357159186,9.361125631518785
2018-09-10 05:00:00,6.928405263787392,0.5299111719552293,6.398494091832163
2018-09-10 07:00:00,10.337489047163155,0.35430352399836634,9.983185523164789
2018-09-10 09:00:00,10.588402118027032,0.6746692973882761,9.913732820638756
2018-09-10 11:00:00,13.728522648661757,0.731411877708137,12.99711077095362
2018-09-10 13:00:00,13.713995921545187,0.7952103387079783,12.91878558283721
2018-09-10 15:00:00,12.010190720460576,0.716492283641374,11.293698436819202
2018-09-10 17:00:00,11.129943089870412,0.3706789720185657,10.759264117851847
2018-09-10 19:00:00,8.456218806459695,0.1273608853348709,8.328857921124824
2018-09-10 21:00:00,11.063141945616154,0.20805859173126837,10.855083353884886
2018-09-10 23:00:00,9.714610650301195,0.09886929451445477,9.61574135578674
2018-09-11 01:00:00,11.009490374806926,0.09664532166439338,10.912845053142533
2018-09-11 03:00:00,10.099665737885658,0.18519589854740248,9.914469839338256
2018-09-11 05:00:00,10.0965882072519,0.30162458884548754,9.794963618406411
2018-09-11 07:00:00,8.237121299377227,0.6907523579042393,7.546368941472988
2018-09-11 09:00:00,7.136194123145653,0.6432587593758429,6.492935363769811
2018-09-11 11:00:00,6.186711647075487,0.6233554435657219,5.563356203509765
2018-09-11 13:00:00,1.4467955412493188,0.005193435769542879,1.4416021054797759
2018-09-11 15:00:00,1.46087203557231,0.010026360012482274,1.4508456755598276
2018-09-11 17:00:00,1.8347500076686178,0.014363403015562671,1.8203866046530552
2018-09-11 19:00:00,2.860878717509574,0.21677783003551282,2.6441008874740612
2018-09-11 21:00:00,3.2394450950588514,0.22652408739317056,3.012921007665681
2018-09-11 23:00:00,4.218949607599946,0.19108303582337519,4.0278665717765705
2018-09-12 01:00:00,6.9616849501496,0.29830055557258883,6.663384394577011
2018-09-12 03:00:00,4.28715665259121,0.24390425782720726,4.043252394764003
2018-09-12 05:00:00,2.1089632928447366,0.2482867722786744,1.8606765205660623
2018-09-12 13:00:00,0.7782691735363808,0.011556193237020663,0.7667129802993602
2018-09-12 15:00:00,0.7080423827715722,0.014926158543936198,0.693116224227636
2018-09-12 17:00:00,1.143781737927684,0.02091819835352606,1.122863539574158
2018-09-12 21:00:00,1.1777178055865483,0.35173223098633083,0.8259855746002174
2018-09-13 01:00:00,0.5843670334434834,0.10253260107990989,0.4818344323635735
2018-09-13 03:00:00,1.1254334416498872,0.28700973787844647,0.8384237037714408
2018-09-13 05:00:00,0.9131784461917295,0.6428678062537764,0.2703106399379531
2018-09-13 07:00:00,1.4889507184328226,0.32151195084448514,1.1674387675883373
2018-09-13 09:00:00,1.1772730617385136,0.21023353654405239,0.9670395251944613
2018-09-13 11:00:00,1.5734016073790327,0.21797487453887782,1.3554267328401548
2018-09-13 13:00:00,0.11021440470434568,0.00485359917671471,0.10536080552763097
2018-09-13 15:00:00,1.485962284494928,0.23281999414781887,1.2531422903471092
2018-09-13 17:00:00,1.0387918750501148,0.08486056942190318,0.9539313056282117
2018-09-13 19:00:00,0.7757555955817992,0.04769441694089787,0.7280611786409014
2018-09-13 21:00:00,1.3188998798377318,0.05427681145481341,1.2646230683829185
2018-09-13 23:00:00,1.4953455006701695,0.18673738523205977,1.3086081154381097
2018-09-14 01:00:00,2.324931638134393,1.2333248542070363,1.0916067839273569
2018-09-14 03:00:00,2.7270879303609354,1.838917319658279,0.8881706107026563
2018-09-14 05:00:00,2.629591870257296,1.9652345592931963,0.6643573109640998
2018-09-14 07:00:00,2.8204160152221394,1.6545935331461732,1.1658224820759662
2018-09-14 09:00:00,1.1775569529806285,1.0514251196766367,0.12613183330399177
2018-09-14 11:00:00,1.405390916424015,0.4926490540369293,0.9127418623870857
2018-09-14 13:00:00,1.2102403604935812,0.38466756069012115,0.8255727998034601
2018-09-14 15:00:00,0.46824479738021807,0.000883519075000819,0.46736127830521723
2018-09-14 17:00:00,1.4940259209877538,0.01776265596604655,1.4762632650217071
2018-09-14 19:00:00,1.5066406448784337,0.02597190768207499,1.4806687371963587
2018-09-14 21:00:00,1.648095573497544,0.057087448796788745,1.5910081247007553
2018-09-14 23:00:00,2.205339222493866,0.0666012212358796,2.138738001257986
2018-09-15 01:00:00,2.1904782007067425,0.12303843010519849,2.067439770601544
2018-09-15 03:00:00,5.32987575131995,1.0054144095831696,4.3244613417367805
2018-09-15 05:00:00,4.736277428341971,1.0221775760093226,3.714099852332649
2018-09-15 07:00:00,4.925523160735258,0.8195565503357738,4.105966610399484
2018-09-15 09:00:00,4.01489821739287,0.49623234838443303,3.5186658690084363
2018-09-15 11:00:00,4.144686860415698,0.44415490560398074,3.700531954811717
2018-09-15 13:00:00,3.651420752681321,0.29353739238781207,3.357883360293509
2018-09-15 15:00:00,1.7026503160354531,0.22780226700240327,1.4748480490330498
2018-09-15 17:00:00,0.9578452664225479,0.015188178612381979,0.9426570878101659
2018-09-15 19:00:00,1.0064450645926395,0.015166723382290958,0.9912783412103486
2018-09-15 21:00:00,1.1187740299005389,0.04651921503482111,1.0722548148657178
2018-09-15 23:00:00,3.8348675106969283,0.5669166271074098,3.267950883589519
2018-09-16 01:00:00,3.28935858826197,0.5742864530231351,2.7150721352388345
2018-09-16 03:00:00,1.8556764070136937,0.6975107567784818,1.1581656502352118
2018-09-16 05:00:00,1.3545437156856046,0.797317097746091,0.5572266179395136
2018-09-16 07:00:00,1.217015893418857,0.7722581097680044,0.4447577836508526
2018-09-16 09:00:00,0.8277982354832544,0.5874443969733413,0.24035383850991313
2018-09-16 11:00:00,0.5393008139029661,0.004443929942423864,0.5348568839605423
2018-09-16 13:00:00,0.20287569932149216,0.030134809726093836,0.17274088959539832
2018-09-16 15:00:00,0.6559558308261243,0.08038297626871997,0.5755728545574044
2018-09-16 17:00:00,0.7876425056295744,0.12716862415886543,0.660473881470709
2018-09-16 19:00:00,0.8416495576739604,0.34879904775586235,0.4928505099180981
2018-09-16 21:00:00,0.9807650736386422,0.012049460675993561,0.9687156129626486
2018-09-16 23:00:00,1.1188251322748808,0.05307143590221788,1.0657536963726628
2018-09-17 01:00:00,0.7539395589650477,0.5036826231116766,0.2502569358533711
2018-09-17 03:00:00,1.2122647100118398,1.0602640968529071,0.1520006131589327
2018-09-17 05:00:00,2.1845284474283733,0.3935704125763079,1.7909580348520655
2018-09-17 07:00:00,2.78989967911315,1.3961242562505185,1.3937754228626311
2018-09-17 09:00:00,1.5313329886256737,0.5775017164942885,0.9538312721313851
2018-09-17 11:00:00,2.302969613068242,0.4585940012006586,1.8443756118675836
2018-09-17 13:00:00,1.9357562787262235,0.4405882238300737,1.49516805489615
2018-09-17 15:00:00,1.6912015989456939,0.34241106725117587,1.3487905316945181
2018-09-17 17:00:00,1.0906170917653562,0.34433581555199017,0.746281276213366
2018-09-17 19:00:00,1.5133558114608416,0.3449005199389165,1.168455291521925
2018-09-17 21:00:00,2.0577194935952683,0.32543649937852437,1.732282994216744
2018-09-17 23:00:00,2.5326839078658594,0.23932592575748757,2.293357982108372
2018-09-18 01:00:00,0.713543745313772,0.04753544217618897,0.666008303137583
2018-09-18 03:00:00,0.5728182955306538,0.07691206557130385,0.4959062299593499
2018-09-19 15:00:00,7.163343540928907,0.4788078838058925,6.684535657123015
2018-09-19 17:00:00,2.0241804199371702,0.012967489890725194,2.011212930046445
2018-09-19 19:00:00,1.9184537970489415,0.06768246453729673,1.8507713325116448
2018-09-19 21:00:00,1.842364655637618,0.07203946842924963,1.7703251872083685
2018-09-19 23:00:00,1.8019622940981288,0.1843516475409859,1.617610646557143
2018-09-20 01:00:00,5.067848509767469,0.5453187021601713,4.522529807607298
2018-09-20 03:00:00,3.0670695308218097,0.2094923760435218,2.857577154778288
2018-09-20 05:00:00,6.847700492122155,0.6856673106384035,6.162033181483752
2018-09-20 07:00:00,7.261818464064701,1.0241582818328376,6.237660182231863
2018-09-20 09:00:00,6.331617578763958,0.8130616729306412,5.518555905833317
2018-09-20 11:00:00,4.534282788226264,0.46679214794762147,4.067490640278643
2018-09-20 13:00:00,2.9574430318717413,0.00796256703460954,2.9494804648371318
2018-09-20 15:00:00,2.1100472954176297,0.09909778551889864,2.010949509898731
2018-09-20 17:00:00,2.137625251365727,0.15959355668784822,1.9780316946778784
2018-09-20 19:00:00,2.983310149850152,0.19446180724981924,2.7888483426003328
2018-09-20 21:00:00,4.829927147610608,0.35091718795458404,4.4790099596560236
2018-09-20 23:00:00,2.275865207566462,0.4074335500551446,1.8684316575113173
2018-09-21 01:00:00,1.458791322987007,0.30942367351312217,1.149367649473885
2018-09-21 03:00:00,1.1060309817185883,0.316959568001646,0.7890714137169423
2018-09-21 05:00:00,3.982605351385481,0.5244443489519783,3.4581610024335028
2018-09-21 07:00:00,4.096115944287061,0.6077623082303701,3.488353636056691
2018-09-21 09:00:00,3.7996910898674927,0.45959775609180165,3.340093333775691
2018-09-21 11:00:00,0.6516993111678719,0.2954789825030552,0.3562203286648167
2018-09-21 13:00:00,2.9239002669122787,0.35191117126000326,2.5719890956522753
2018-09-21 15:00:00,7.837411883715938,0.6515037689496246,7.185908114766313
2018-09-21 17:00:00,6.920494230615224,1.1152285004317974,5.805265730183427
2018-09-21 19:00:00,6.8722588162401195,1.0017539719905209,5.870504844249599
2018-09-21 21:00:00,8.94001276022859,0.35569037733887365,8.584322382889717
2018-09-21 23:00:00,12.085444013693001,0.5859042871036988,11.499539726589303
2018-09-22 01:00:00,15.238004164198681,0.4079505826237763,14.830053581574905
2018-09-22 03:00:00,17.529110833490616,0.18649186945068053,17.342618964039936
2018-09-22 05:00:00,2.7788778823964644,0.06490179728722204,2.7139760851092425
2018-09-22 07:00:00,0.7528741503776846,0.02450516146234405,0.7283689889153405
2018-09-22 09:00:00,1.6289611334136944,0.06957549754975574,1.5593856358639386
2018-09-22 13:00:00,0.6289580249077968,0.005124413884409582,0.6238336110233873
2018-09-22 17:00:00,1.3794619658039227,0.3019746308772965,1.0774873349266263
2018-09-22 19:00:00,2.9126523456339006,0.6458302761183565,2.266822069515544
2018-09-22 21:00:00,3.293948801933898,0.6977814377352113,2.5961673641986867
2018-09-22 23:00:00,3.4909190062105124,0.7852779893871142,2.705641016823398
2018-09-23 01:00:00,3.19481774780962,0.7495716162612909,2.445246131548329
2018-09-23 03:00:00,2.4620333670196795,0.6405119842514186,1.821521382768261
2018-09-23 05:00:00,2.1940394674283947,0.9013709518013264,1.2926685156270685
2018-09-23 07:00:00,2.4067019791702466,0.8715760487379005,1.5351259304323461
2018-09-23 09:00:00,2.2702816082235633,0.7887703358048476,1.4815112724187156
2018-09-23 11:00:00,2.7018455965421877,0.7744085914570276,1.92743700508516
2018-09-23 15:00:00,0.9365028430505741,0.22025838799206943,0.7162444550585046
2018-09-23 17:00:00,0.807600213247208,0.3523273068524448,0.45527290639476314
2018-09-23 19:00:00,0.8155854564495306,0.3064894799966877,0.5090959764528429
2018-09-23 21:00:00,1.788008024591996,0.4148231662218801,1.3731848583701158
2018-09-23 23:00:00,1.8632905651263378,0.4439691196526335,1.4193214454737042
2018-09-24 07:00:00,1.3758112540682383,0.18911167787665814,1.1866995761915802
2018-09-24 15:00:00,1.9796179848297688,0.03131428827599756,1.9483036965537712
2018-09-24 17:00:00,1.8901480660518293,0.09779110105460624,1.792356964997223
2018-09-24 19:00:00,1.8518995169163095,0.16022560432884633,1.6916739125874631
2018-09-24 21:00:00,1.599841386203859,0.22525662839515065,1.3745847578087083
2018-09-25 19:00:00,1.2549591944742795,0.2334497121071364,1.0215094823671431
2018-09-25 21:00:00,1.385206043932803,0.24247842596581465,1.1427276179669885
2018-09-25 23:00:00,0.46632123779055007,0.33198573376582824,0.13433550402472183
2018-09-26 01:00:00,0.8437970383411759,0.3609177307318812,0.4828793076092947
2018-09-26 03:00:00,1.4264725257189017,0.5828607047833178,0.8436118209355838
2018-09-26 05:00:00,2.575303395982493,0.6626234514536089,1.9126799445288842
2018-09-26 07:00:00,1.594169394374619,1.2148425536975145,0.3793268406771045
2018-09-26 09:00:00,2.6883017362377077,0.4562923852752293,2.2320093509624783
2018-09-26 11:00:00,1.2726791460232212,0.18111009360863783,1.0915690524145834
2018-09-26 13:00:00,0.8415157260249875,0.15719253187610485,0.6843231941488827
2018-09-26 15:00:00,1.010277361783931,0.23421757984266914,0.7760597819412618
2018-09-26 17:00:00,1.6605942234002655,0.27661525465389775,1.3839789687463677
2018-09-26 19:00:00,0.6951074439760633,0.03870387035458281,0.6564035736214805
2018-09-26 21:00:00,0.20397386384962032,0.017198196269572676,0.18677566758004766
2018-09-27 05:00:00,0.6009291623312091,0.012855979361267322,0.5880731829699417
2018-09-27 07:00:00,0.5411924277123933,0.023542813319563188,0.5176496143928301
2018-09-30 03:00:00,1.8857852728786528,0.3374752076349417,1.5483100652437112
2018-09-30 05:00:00,4.122272300666419,0.20987862313551944,3.9123936775308987
2018-09-30 07:00:00,3.241239501688108,0.20349063323820338,3.0377488684499045
2018-09-30 11:00:00,2.3157696022835,0.09472319158348909,2.2210464107000107
2018-09-30 13:00:00,1.6150482722607196,0.12582822632090507,1.4892200459398146
2018-09-30 17:00:00,2.2087072196011377,0.2561202130182417,1.9525870065828959
2018-09-30 19:00:00,1.3762179429427743,0.2706828926960032,1.1055350502467711
2018-10-05 17:00:00,0.45050200691593717,0.004231171004461963,0.4462708359114752
2018-10-05 21:00:00,1.9911222324734645,0.14962272496751336,1.8414995075059513
2018-10-06 05:00:00,2.279412772710977,1.4414805688634937,0.8379322038474833
2018-10-06 07:00:00,2.0642353734785055,1.629260075550402,0.4349752979281035
2018-10-06 09:00:00,2.226002724575167,0.7828380196842301,1.4431647048909366
2018-10-06 11:00:00,2.1984816490197767,0.6564212026574802,1.5420604463622964
2018-10-06 15:00:00,1.4404435044141648,0.7282669322376468,0.712176572176518
2018-10-06 17:00:00,1.3847855252039132,0.6139848881998141,0.7708006370040992
2018-10-06 19:00:00,1.267852264589643,0.016954563855524005,1.250897700734119
2018-10-06 21:00:00,0.9326215016050188,0.12262962947010908,0.8099918721349098
2018-10-06 23:00:00,0.9766940313360654,0.23217038037181922,0.7445236509642461
2018-10-08 13:00:00,0.9689545613536119,0.2865086422056196,0.6824459191479924
2018-10-08 15:00:00,0.8173232301943678,0.16291545829313042,0.6544077719012374
2018-10-08 17:00:00,1.3762404182037515,0.06490603005029098,1.3113343881534605
2018-10-08 19:00:00,1.1756794470342633,0.0684824142518373,1.107197032782426
2018-10-08 21:00:00,1.1646675067187975,0.08848823775801959,1.0761792689607779
2018-10-08 23:00:00,1.7143673148601537,0.16579151845388276,1.548575796406271
2018-10-09 01:00:00,2.2247938810566295,0.22579679310713519,1.9989970879494945
2018-10-09 03:00:00,1.7021143660735139,0.2195683510494247,1.4825460150240892
2018-10-09 05:00:00,3.3763094244234084,0.22335622803907407,3.1529531963843342
2018-10-09 07:00:00,4.627498638512225,0.2662885983121511,4.361210040200074
2018-10-09 09:00:00,4.305370464912705,0.2569451002230103,4.048425364689694
2018-10-09 11:00:00,2.974604868695096,0.22734264014551828,2.747262228549578
2018-10-09 13:00:00,2.0354918493628937,0.17826900082223496,1.8572228485406588
2018-10-09 15:00:00,2.1082586523221303,0.1314792736717447,1.9767793786503856
2018-10-09 17:00:00,1.5184796921823889,0.17005747621045775,1.348422215971931
2018-10-09 19:00:00,2.4232290864126877,0.26320269584794326,2.1600263905647443
2018-10-09 21:00:00,1.8417561701046024,0.2521111536065403,1.589645016498062
2018-10-11 13:00:00,2.1170490910290383,0.060205068231134196,2.056844022797904
2018-10-11 15:00:00,4.781027633370373,0.6956804062057971,4.085347227164576
2018-10-11 17:00:00,4.966509410349971,0.5619120667393642,4.404597343610607
2018-10-11 19:00:00,4.140671677151581,0.26060686882331024,3.8800648083282714
2018-10-11 21:00:00,0.49421600598777393,0.007225365189652674,0.48699064079812127
2018-10-11 23:00:00,1.973913477732627,0.05669438941897922,1.9172190883136477
2018-10-12 03:00:00,2.712994212402425,0.014286642392531275,2.6987075700098937
2018-10-12 05:00:00,2.2988506347837565,0.005797565027865898,2.2930530697558904
2018-10-12 07:00:00,7.09355312083685,0.015475563573751011,7.078077557263099
2018-10-12 09:00:00,10.31288721481842,0.08843232502847936,10.224454889789941
2018-10-12 11:00:00,8.648937637647322,0.08699452709461467,8.561943110552708
2018-10-12 13:00:00,5.8802725500184465,0.0066838454980671395,5.87358870452038
2018-10-12 15:00:00,2.6056370749873365,0.006013556594152703,2.5996235183931837
2018-10-12 17:00:00,8.384905474457085,0.006136303592412381,8.378769170864672
2018-10-12 19:00:00,9.916674688056144,0.008485860059253248,9.908188827996891
2018-10-12 21:00:00,22.11069063402773,0.6130516043116641,21.497639029716066
2018-10-12 23:00:00,21.17510025833546,0.41250040942032734,20.76259984891513
2018-10-13 01:00:00,23.571890384835882,0.20607849288163732,23.365811891954245
2018-10-13 03:00:00,23.486583340319406,0.26398148665138294,23.222601853668024
2018-10-13 05:00:00,23.11022945596557,0.2547138644115166,22.855515591554052
2018-10-13 07:00:00,23.3947189272419,0.17557133004368353,23.219147597198216
2018-10-13 09:00:00,23.38882859767089,0.282821980778012,23.106006616892877
2018-10-13 11:00:00,23.850784486379187,0.19443646383962454,23.65634802253956
2018-10-13 13:00:00,25.855823771441987,0.4810956440332879,25.374728127408698
2018-10-13 15:00:00,21.869798360177032,0.6736581318063634,21.19614022837067
2018-10-13 17:00:00,18.242518747983457,0.381120153965844,17.86139859401761
2018-10-13 19:00:00,18.154267840163442,0.39866880946548366,17.755599030697958
2018-10-13 21:00:00,17.15913820825396,0.6810569918841594,16.4780812163698
2018-10-13 23:00:00,20.492164663120835,0.717171837433543,19.774992825687292
2018-10-14 01:00:00,21.796133081997578,0.5932501820230582,21.20288289997452
2018-10-14 03:00:00,24.148085317701486,0.4011225615043074,23.746962756197178
2018-10-14 05:00:00,27.613952576570185,0.42196661521390366,27.19198596135628
2018-10-14 07:00:00,29.766659659564848,0.5096673919524554,29.256992267612393
2018-10-14 09:00:00,23.974316217689363,0.33632566563922156,23.63799055205014
2018-10-14 11:00:00,18.969550465612507,0.5301464922453802,18.439403973367128
2018-10-14 13:00:00,17.226409800603154,0.4117803678869182,16.814629432716234
2018-10-14 15:00:00,21.085049861837632,0.111517625622761,20.973532236214872
2018-10-14 17:00:00,25.43988040881437,0.07654087865441153,25.36333953015996
2018-10-14 19:00:00,27.329791863599468,0.15416278759560795,27.175629076003858
2018-10-14 21:00:00,30.208964284210612,0.33182593987412656,29.877138344336487
2018-10-14 23:00:00,29.218123719254663,0.4447361487372464,28.773387570517418
2018-10-15 01:00:00,26.583118770448547,0.14482956941028416,26.438289201038263
2018-10-15 03:00:00,23.816149192688105,0.08624903279056363,23.72990015989754
2018-10-15 05:00:00,24.660226335004992,0.20618343456935645,24.454042900435635
2018-10-15 07:00:00,24.62978536967537,0.21889987204801972,24.41088549762735
2018-10-15 09:00:00,25.137677897492676,0.25168155884355525,24.88599633864912
2018-10-15 11:00:00,24.170545009819804,0.2406744102571321,23.929870599562673
2018-10-15 13:00:00,23.76999920462633,0.2135179296823672,23.556481274943962
2018-10-15 15:00:00,25.94236180438513,0.48446699655476944,25.45789480783036
2018-10-15 17:00:00,25.542648512112383,0.3951126019782372,25.147535910134145
2018-10-15 19:00:00,25.51164269130457,0.4141550176706882,25.097487673633882
2018-10-15 21:00:00,26.904761615407534,0.38039949543575735,26.524362119971777
2018-10-15 23:00:00,27.942669110406836,0.298920778544317,27.64374833186252
2018-10-16 01:00:00,27.805904854199866,0.39406340204501605,27.41184145215485
2018-10-16 03:00:00,28.12273495653609,0.2619688052497227,27.860766151286366
2018-10-16 05:00:00,27.774645485161468,0.282509745673145,27.492135739488322
2018-10-16 07:00:00,27.135005106418404,0.1817199577778592,26.953285148640546
2018-10-16 09:00:00,24.560270269046732,0.06746377680587157,24.49280649224086
2018-10-16 15:00:00,1.4382405369909148,0.11130748108789018,1.3269330559030246
2018-10-16 17:00:00,2.917216715753501,0.22851881227775434,2.688697903475747
2018-10-16 19:00:00,0.5266131698471207,0.21902013472009496,0.30759303512702574
2018-10-16 21:00:00,3.0405624925437458,0.3534639785181501,2.6870985140255956
2018-10-16 23:00:00,2.9633256457281383,0.3255490981621942,2.6377765475659443
2018-10-17 01:00:00,11.725287002282105,0.219399532945784,11.50588746933632
2018-10-17 03:00:00,5.24809693501088,0.07061352174894572,5.177483413261934
2018-10-17 05:00:00,7.381069892181826,0.8625426075563533,6.518527284625473
2018-10-17 07:00:00,6.931221295945425,0.8669744655590058,6.06424683038642
2018-10-17 09:00:00,7.36179470664862,0.7456331153335736,6.616161591315047
2018-10-17 11:00:00,7.043345460369723,0.4655295107349664,6.577815949634757
2018-10-17 13:00:00,14.100142924690354,0.1381002805220509,13.962042644168303
2018-10-17 15:00:00,22.918894824453545,0.12797851449983103,22.790916309953715
2018-10-17 17:00:00,26.79258560919435,0.14081934963023698,26.651766259564113
2018-10-17 19:00:00,28.531720247618487,0.09792352058548404,28.433796727033002
2018-10-17 21:00:00,25.865903909664134,0.08207357038766454,25.78383033927647
2018-10-17 23:00:00,7.314483881734073,0.07453774268795427,7.239946139046119
2018-10-18 01:00:00,10.579696994072654,0.12456679178337662,10.455130202289277
2018-10-18 03:00:00,15.334249949445594,0.46929934516504856,14.864950604280546
2018-10-18 05:00:00,17.377664184615288,0.6066485238140007,16.771015660801286
2018-10-18 07:00:00,14.00151903112582,0.33428893951961247,13.667230091606207
2018-10-18 13:00:00,12.13322645973342,0.3570257093420183,11.776200750391402
2018-10-18 17:00:00,0.6896239763954978,0.005180824288150183,0.6844431521073476
2018-10-18 19:00:00,0.7034507902549961,0.02230992842468085,0.6811408618303153
2018-10-18 21:00:00,0.7528802726742594,0.04735609334603705,0.7055241793282223
2018-10-18 23:00:00,0.909292923375046,0.1090418262804833,0.8002510970945627
2018-10-19 01:00:00,0.9336582257998063,0.15894847433791234,0.7747097514618939
2018-10-19 03:00:00,1.1488284418654993,0.2289649490741204,0.9198634927913788
2018-10-19 09:00:00,1.0326011515767979,0.10504982339041971,0.9275513281863781
2018-10-19 11:00:00,0.39151303734662535,0.0772000713877482,0.31431296595887714
2018-10-19 15:00:00,0.4248430102661376,0.09616120746077639,0.3286818028053612
2018-10-19 17:00:00,1.1234841304284813,0.04883857144842245,1.0746455589800588
2018-10-19 19:00:00,1.4330492583407501,0.17660798880536183,1.2564412695353884
2018-10-19 21:00:00,2.7992844354964928,0.26583250032515837,2.5334519351713345
2018-10-19 23:00:00,2.6492130339774405,0.30947326682520215,2.3397397671522384
2018-10-20 01:00:00,2.2132375228017573,0.3690519271976671,1.8441855956040902
2018-10-20 03:00:00,1.7429952276609422,0.3943592776109829,1.3486359500499594
2018-10-20 05:00:00,3.8163080453031735,0.4920291415791033,3.3242789037240703
2018-10-20 07:00:00,1.3548260508173386,0.3982054603384534,0.9566205904788853
2018-10-20 09:00:00,1.7073977311500315,0.292188468367787,1.4152092627822443
2018-10-20 11:00:00,2.9280173126564293,0.3177291003188612,2.610288212337568
2018-10-20 13:00:00,2.7615253172723064,0.25312027359704226,2.508405043675264
2018-10-20 15:00:00,3.896449320970695,0.47135229755561214,3.425097023415083
2018-10-20 17:00:00,8.177450107220713,1.2085807954745018,6.968869311746211
2018-10-20 19:00:00,7.7097081398874945,2.522444688974769,5.187263450912726
2018-10-20 21:00:00,3.9689894553412515,1.2103678139557612,2.7586216413854903
2018-10-20 23:00:00,4.56838911262548,0.0020876446821456287,4.566301467943335
2018-10-21 01:00:00,4.349514278154189,0.013583727489131243,4.335930550665058
2018-10-21 03:00:00,2.5329104766381887,0.028702719133004942,2.5042077575051835
2018-10-21 05:00:00,2.4599446269027734,0.005972480173838317,2.453972146728935
2018-10-21 07:00:00,2.704200476051799,0.002657103984834354,2.701543372066965
2018-10-21 09:00:00,1.704451702647563,0.021048423679650034,1.683403278967913
2018-10-21 11:00:00,1.4907196460887744,0.014384762058616723,1.4763348840301576
2018-10-21 13:00:00,1.676958031586515,0.0013787507262431019,1.6755792808602719
2018-10-21 15:00:00,1.690489628043409,0.0022197460767649176,1.688269881966644
2018-10-21 17:00:00,1.2482686545622772,0.009067259396922024,1.239201395165355
2018-10-21 19:00:00,1.137019276108236,0.009627347051509541,1.1273919290567265
2018-10-21 21:00:00,2.2433976360650996,0.12167086632997806,2.1217267697351216
2018-10-21 23:00:00,0.7676927688501586,0.08283434344864637,0.6848584254015122
2018-10-22 01:00:00,1.1200509530962073,0.05846779703948339,1.061583156056724
2018-10-22 03:00:00,0.9462718819798197,0.03771668783825797,0.9085551941415617
2018-10-22 05:00:00,0.7990351285409467,0.03404584214217943,0.7649892863987673
2018-10-22 07:00:00,0.40192436912131047,0.019314091150190726,0.38261027797111974
2018-10-22 11:00:00,1.3316249392378157,0.0734348088635202,1.2581901303742955
2018-10-22 15:00:00,0.1702125710967772,0.016357258021327363,0.15385531307544983
2018-10-22 19:00:00,0.7602501943170666,0.015916469706614228,0.7443337246104524
2018-10-22 21:00:00,0.7796860467227891,0.04233617774665387,0.7373498689761352
2018-10-23 05:00:00,1.1858231963789836,0.5541204190568442,0.6317027773221394
2018-10-23 07:00:00,1.3661278088341688,0.6576521958867553,0.7084756129474136
2018-10-23 09:00:00,3.068469809065222,0.9442578353899082,2.1242119736753136
2018-10-23 11:00:00,6.556589092891906,0.7981269107836082,5.758462182108298
2018-10-23 13:00:00,3.1455054505926334,0.8188181243141175,2.326687326278516
2018-10-23 15:00:00,0.7365738116172299,0.17971049426481497,0.5568633173524149
2018-10-23 17:00:00,0.3470958756191238,0.04443874769403772,0.3026571279250861
2018-10-23 19:00:00,1.8775370761641792,0.19561672916741457,1.6819203469967647
2018-10-23 21:00:00,2.833875639423969,0.287454834660418,2.546420804763551
2018-10-23 23:00:00,2.317499162564152,0.6050841064728213,1.7124150560913307
2018-10-24 01:00:00,3.434670467153913,0.46103189054910654,2.9736385766048063
2018-10-24 03:00:00,6.143539672400119,0.7153509660625295,5.42818870633759
2018-10-24 05:00:00,4.6266112584905965,0.878322355741858,3.748288902748738
2018-10-24 07:00:00,4.5856368387171305,0.4781910819429744,4.1074457567741565
2018-10-24 09:00:00,4.418689457742623,0.4297294499024235,3.988960007840199
2018-10-24 11:00:00,4.014011338134022,0.4398441364240667,3.5741672017099555
2018-10-24 13:00:00,0.7390047111671201,0.3975557574054578,0.3414489537616623
2018-10-24 15:00:00,1.659286978846,0.43267080694902127,1.2266161718969788
2018-10-24 17:00:00,0.8074873695438367,0.10712615908825712,0.7003612104555795
2018-10-24 19:00:00,1.3816357055828774,0.023624716546732552,1.358010989036145
2018-10-24 21:00:00,1.6114902445157786,0.7200045694029319,0.8914856751128467
2018-10-24 23:00:00,2.378468156932694,0.3884798429821753,1.989988313950519
2018-10-25 01:00:00,1.5927570684803307,0.013274104803653769,1.579482963676677
2018-10-25 03:00:00,4.609202254844537,0.9006095223576478,3.7085927324868897
2018-10-25 11:00:00,3.1795437666038673,0.2494776923797042,2.930066074224163
2018-10-25 13:00:00,3.941705106372259,0.2909938441723656,3.650711262199893
2018-10-25 15:00:00,2.9498113561440733,0.22521137374032613,2.7245999824037472
2018-10-25 17:00:00,2.4671587125136103,0.16896188286212627,2.298196829651484
2018-10-26 15:00:00,1.1050712477058462,0.03171355821316445,1.0733576894926817
2018-10-26 17:00:00,0.7670095006277748,0.14467075544701516,0.6223387451807597
2018-10-26 19:00:00,0.9336706982251637,0.015011080604753611,0.91865961762041
2018-10-26 21:00:00,1.0998097257577486,0.022903215327339483,1.0769065104304092
2018-10-26 23:00:00,1.826074766685704,0.04744100314664141,1.7786337635390626
2018-10-27 01:00:00,5.727173906545788,0.35597527593402767,5.371198630611761
2018-10-27 03:00:00,3.809583835696552,0.34148661162337146,3.4680972240731807
2018-10-27 05:00:00,5.451743503934544,0.24296086118301938,5.208782642751525
2018-10-27 07:00:00,5.954950152692974,0.12015291644404787,5.834797236248926
2018-10-27 09:00:00,2.0454833306207107,0.07273759479828541,1.9727457358224254
2018-10-27 11:00:00,2.469671147141595,0.15318220589072615,2.316488941250869
2018-10-27 13:00:00,2.8286668928452,0.20416874902871887,2.6244981438164814
2018-10-27 15:00:00,3.6874617918670842,0.06450094016775411,3.62296085169933
2018-10-27 17:00:00,3.6858533739187442,0.10457768646515989,3.5812756874535845
2018-10-27 19:00:00,3.794914584852904,0.06060423143564626,3.7343103534172575
2018-10-27 21:00:00,4.762959592435251,0.07903475245646867,4.683924839978782
2018-10-27 23:00:00,3.1893119645126085,0.04002183946611845,3.14929012504649
2018-10-28 03:00:00,3.0270147480680385,0.01359844336454284,3.0134163047034956
2018-10-28 11:00:00,1.343503353523587,0.01153470401182936,1.3319686495117575
2018-10-28 15:00:00,0.2177209535877221,0.0002306737373614852,0.2174902798503606
2018-10-29 05:00:00,4.400084504252835,0.1513726622007146,4.24871184205212
2018-10-29 07:00:00,4.16544610609571,0.05292133040417243,4.112524775691538
2018-10-29 21:00:00,1.9788342856440262,0.02935248167249667,1.9494818039715296
2018-10-29 23:00:00,1.9964905606320582,0.06091111189572149,1.9355794487363367
2018-10-30 15:00:00,1.0237458540671356,0.014650516909960606,1.009095337157175
2018-10-30 17:00:00,2.688942555932052,0.26679175992619164,2.42215079600586
2018-10-30 19:00:00,3.123132948156697,0.19063638563556176,2.9324965625211354
2018-10-30 21:00:00,3.641142586734956,0.11745890078084621,3.5236836859541096
2018-10-30 23:00:00,4.204666393024874,0.04702717138181082,4.1576392216430635
2018-10-31 01:00:00,5.9006186830618566,0.021631670778910973,5.878987012282946
2018-10-31 03:00:00,6.310342803592946,0.009347780507951722,6.300995023084995
2018-10-31 05:00:00,4.635682335305948,0.008154638867796713,4.627527696438151
2018-10-31 07:00:00,4.1160565584748054,0.0026618045213704284,4.113394753953435
2018-10-31 11:00:00,2.1687767836129233,0.001240109817317951,2.167536673795605
2018-10-31 13:00:00,3.740050364396445,0.016519554400940953,3.7235308099955042
2018-10-31 15:00:00,3.711227182541665,0.026390395328367858,3.684836787213297
2018-10-31 17:00:00,5.805364423789851,0.07620383761909648,5.729160586170755
2018-10-31 19:00:00,7.675462645340899,0.3796773865417753,7.295785258799124
2019-02-08 19:00:00,4.9471055334140095,0.14904029206333153,4.798065241350678
2019-02-08 21:00:00,1.7104827117977837,0.054331031996548505,1.6561516798012352
2019-02-08 23:00:00,1.8684131025911503,0.06639831341005933,1.802014789181091
2019-02-09 01:00:00,2.0881116930648744,0.06604487980122986,2.0220668132636446
2019-02-09 03:00:00,2.0420164691419442,0.025497107428399356,2.016519361713545
2019-02-09 05:00:00,2.462286394953774,0.028488069739458048,2.433798325214316
2019-02-09 07:00:00,2.768743748526738,0.07159699628309282,2.697146752243645
2019-02-09 09:00:00,4.1762402068846995,0.11097526879565825,4.065264938089041
2019-02-09 11:00:00,3.845866299045403,0.0980282832396697,3.7478380158057334
2019-02-09 13:00:00,6.68129097005155,0.3716214798346846,6.309669490216866
2019-02-09 15:00:00,11.376727011843926,0.4508859398185122,10.925841072025413
2019-02-09 17:00:00,8.279603998988886,0.2847076034693574,7.994896395519529
2019-02-09 19:00:00,11.385658559688029,0.22566349853874718,11.159995061149282
2019-02-09 21:00:00,16.543380792946554,0.4360738852284135,16.10730690771814
2019-02-09 23:00:00,15.29623707907427,0.31400531529384085,14.98223176378043
2019-02-10 01:00:00,13.230790298696192,0.34260728729654183,12.88818301139965
2019-02-10 03:00:00,10.950933274817121,0.25211102044441575,10.698822254372706
2019-02-10 05:00:00,8.316019620966328,0.27802196469715373,8.037997656269175
2019-02-10 07:00:00,6.441350691511783,0.14058689359893417,6.300763797912849
2019-02-10 09:00:00,4.988399379695109,0.13013955137291253,4.858259828322197
2019-02-10 11:00:00,1.8270093519084902,0.17413841473580904,1.6528709371726813
2019-02-10 13:00:00,1.1860560088639582,0.072375819169156,1.1136801896948023
2019-02-10 17:00:00,0.7907105576311955,0.029079045093886802,0.7616315125373087
2019-02-10 21:00:00,1.267785145222453,0.0377194849696026,1.2300656602528504
2019-02-10 23:00:00,1.46092244954007,0.041336485011144605,1.4195859645289253
2019-02-11 01:00:00,1.9753754718438623,0.0673050430444904,1.908070428799372
2019-02-11 03:00:00,2.72236198054199,0.22326722024349227,2.499094760298498
2019-02-11 05:00:00,3.0977517239678733,0.1896476913283414,2.9081040326395318
2019-02-11 07:00:00,5.274254094043522,0.2709085172968282,5.003345576746694
2019-02-11 09:00:00,6.9863256177613975,0.43839758069905727,6.5479280370623405
2019-02-11 13:00:00,7.5156730131848875,0.9966286996362096,6.519044313548678
2019-02-11 15:00:00,5.483538561332822,0.9364219928306976,4.547116568502124
2019-02-11 17:00:00,6.540413455757853,0.8009314451640062,5.739482010593846
2019-02-11 19:00:00,3.664196026332751,0.18092025819731078,3.4832757681354405
2019-02-11 21:00:00,2.1275972964665155,0.02636305052522964,2.101234245941286
2019-02-11 23:00:00,1.0682297449228815,0.01841169778832879,1.0498180471345526
2019-02-12 01:00:00,3.8122072847160893,0.10052154359846475,3.7116857411176247
2019-02-12 03:00:00,1.2583085828422294,0.04324199693807517,1.2150665859041543
2019-02-12 09:00:00,0.35988751363389876,0.015966131969441525,0.34392138166445724
2019-02-12 11:00:00,0.3714787531913799,0.09052003804702863,0.2809587151443513
2019-02-12 13:00:00,0.24813752975386794,0.026963771968300233,0.2211737577855677
2019-02-12 15:00:00,0.19139500879030305,0.0022488152999326164,0.18914619349037043
2019-02-12 21:00:00,0.12438794172720899,0.018786003819077076,0.10560193790813191
2019-02-12 23:00:00,1.0927489140892088,0.08389780492539592,1.0088511091638128
2019-02-13 01:00:00,0.6824187539880793,0.12585462678497422,0.5565641272031051
2019-02-13 03:00:00,1.744100459454165,0.13713047932499334,1.6069699801291715
2019-02-13 05:00:00,1.9243852582884853,0.1365440150782489,1.7878412432102364
2019-02-13 07:00:00,2.8051182485848214,0.17374042346182814,2.631377825122993
2019-02-13 09:00:00,1.4567390533859672,0.5984177195447569,0.8583213338412103
2019-02-13 11:00:00,1.3911483053311056,0.6504276141537928,0.7407206911773128
2019-02-13 13:00:00,0.9178678274097201,0.412291331099631,0.505576496310089
2019-02-13 15:00:00,1.2432247673607604,0.2412662139416531,1.0019585534191073
2019-02-13 17:00:00,1.6681803180007393,0.21207956262298583,1.4561007553777534
2019-02-13 21:00:00,0.5748315806450767,0.015271719858293373,0.5595598607867833
2019-02-14 01:00:00,1.5463707311235897,0.019205382074886132,1.5271653490487036
2019-02-14 05:00:00,2.2928762515113728,0.07300588008796845,2.2198703714234043
2019-02-14 07:00:00,1.4863177563264989,0.4782418381973421,1.0080759181291568
2019-02-14 09:00:00,0.6860594240048367,0.0006571351063230618,0.6854022888985136
2019-02-14 11:00:00,0.7250238389280347,0.001673130927437667,0.723350708000597
2019-02-14 15:00:00,0.15555032026387333,0.02028066190187505,0.13526965836199828
2019-02-14 17:00:00,0.23595318874536458,0.022881212328337265,0.21307197641702733
2019-02-14 19:00:00,0.4802814305234785,0.021461693119104758,0.4588197374043737
2019-02-14 21:00:00,0.9551122466040673,0.027352254574023235,0.9277599920300441
2019-02-14 23:00:00,0.978609514636347,0.049337446389869824,0.9292720682464772
2019-02-15 05:00:00,0.4131937567907427,0.018296878491414044,0.3948968782993287
2019-02-15 09:00:00,0.3624744763414209,0.024046305619366118,0.3384281707220548
2019-02-15 13:00:00,0.3797856691790647,0.004549316731099149,0.37523635244796555
2019-02-15 15:00:00,0.3942870191435898,0.0009403052879764984,0.3933467138556133
2019-02-15 19:00:00,0.27502314280091184,0.0064550551614732865,0.26856808763943857
2019-02-15 21:00:00,0.8011577588334584,0.01005510888960948,0.7911026499438489
2019-02-15 23:00:00,1.154189624901911,0.02362177310435111,1.13056785179756
2019-02-16 01:00:00,1.347892218074697,0.12181223795186098,1.2260799801228361
2019-02-16 03:00:00,4.14090007796343,0.3745952474824263,3.7663048304810034
2019-02-16 05:00:00,4.372047849838921,0.26454019254666267,4.107507657292259
2019-02-16 07:00:00,9.100252546690276,0.1600113735270611,8.940241173163216
2019-02-16 09:00:00,9.07819189482979,0.16750117297916248,8.910690721850626
2019-02-16 11:00:00,5.3801361128945056,0.07459865735215974,5.305537455542346
2019-02-16 13:00:00,4.339004833161153,0.04123312572100929,4.297771707440143
2019-02-16 15:00:00,3.664532901055741,0.0824457272166364,3.5820871738391045
2019-02-16 17:00:00,4.046696586980398,0.1305584160490139,3.9161381709313847
2019-02-16 19:00:00,3.7953572605918837,0.05260158865304995,3.7427556719388337
2019-02-17 09:00:00,0.047104377672606425,0.0064564292374083895,0.040647948435198034
2019-02-17 15:00:00,0.16317196792976957,0.03625870214669745,0.1269132657830721
2019-02-17 17:00:00,0.41549853651607627,0.06861037631491697,0.3468881602011593
2019-02-17 19:00:00,1.410615438313215,0.12239031086584604,1.288225127447369
2019-02-18 05:00:00,1.7604485121823612,0.8648453091632735,0.8956032030190878
2019-02-18 07:00:00,2.769018922852314,0.9820266622221303,1.7869922606301838
2019-02-18 11:00:00,3.0361713543445696,0.5923355982992238,2.443835756045346
2019-02-18 15:00:00,0.5081540182404769,0.18137558344124788,0.32677843479922897
2019-02-18 17:00:00,4.312739780132361,0.14352408201323974,4.169215698119121
2019-02-18 19:00:00,9.361755218638772,0.05645262629411293,9.305302592344658
2019-02-18 21:00:00,11.703320009791886,0.18124761433371553,11.52207239545817
2019-02-18 23:00:00,12.904084576923035,0.560207431003445,12.34387714591959
2019-02-19 01:00:00,24.095122327797363,1.132418479363796,22.962703848433566
2019-02-19 03:00:00,25.60295057590035,1.6091589270360362,23.993791648864313
2019-02-19 05:00:00,27.15208225784608,1.1795332768653233,25.972548980980754
2019-02-19 07:00:00,21.54664564951152,0.6512053987723738,20.89544025073915
2019-02-19 09:00:00,13.883733610168093,0.2985086392335113,13.585224970934583
2019-02-19 11:00:00,13.461612394706048,0.1844491740395363,13.277163220666512
2019-02-19 13:00:00,9.471117690584745,0.1305983916779217,9.340519298906823
2019-02-19 15:00:00,8.0276905527489,0.11336607830589751,7.914324474443003
2019-02-19 17:00:00,6.447695588045069,0.06637513205891543,6.381320455986153
2019-02-19 19:00:00,11.528017410290751,0.3383946504786699,11.189622759812082
2019-02-19 21:00:00,10.284639644335114,0.13637047858071424,10.1482691657544
2019-02-19 23:00:00,8.751090345839893,0.11896853983634824,8.632121806003545
2019-02-20 01:00:00,7.12549945331161,0.10031610291679567,7.025183350394815
2019-02-20 03:00:00,6.278070591411618,0.11174942342326236,6.166321167988356
2019-02-20 05:00:00,5.053760381309235,0.10775158374018609,4.946008797569049
2019-02-20 07:00:00,3.981643240997176,0.19263179542017633,3.7890114455769996
2019-02-20 09:00:00,4.325700182650752,0.018758162432331405,4.30694202021842
2019-02-20 11:00:00,3.357525742682851,0.02001782912703708,3.337507913555814
2019-02-20 13:00:00,2.787969895581204,0.00023657723777265887,2.787733318343431
2019-02-20 15:00:00,1.4475066094124278,0.006876933198111644,1.4406296762143163
2019-02-20 19:00:00,2.388618377729395,0.0032150541774985304,2.3854033235518965
2019-02-20 21:00:00,1.2740001895360673,0.004730706113368377,1.269269483422699
2019-02-20 23:00:00,1.2911625734726069,0.008856935223593463,1.2823056382490134
2019-02-21 01:00:00,1.4742379961473442,0.01350422205345933,1.4607337740938848
2019-02-21 03:00:00,1.6595935512036688,0.020631033567884868,1.638962517635784
2019-02-21 05:00:00,2.4582462511241765,0.03588623767310582,2.4223600134510708
2019-02-21 07:00:00,1.2302856315678423,0.059719066475868006,1.1705665650919743
2019-02-21 09:00:00,1.5183118709448835,0.06444646093004928,1.4538654100148343
2019-02-21 11:00:00,0.9351602381125833,0.07689220192332534,0.858268036189258
2019-02-21 13:00:00,0.29079159121209924,0.003361444099043423,0.2874301471130558
2019-02-21 15:00:00,0.5169134981674044,0.007982236201795386,0.508931261965609
2019-02-21 19:00:00,0.2882666598042431,0.007994219372725854,0.2802724404315172
2019-02-21 21:00:00,0.25459239694322444,0.019971527660960463,0.23462086928226397
2019-02-21 23:00:00,0.5130994385342756,0.02219334747944414,0.49090609105483146
2019-02-22 01:00:00,0.4653069399341337,0.01828921285490155,0.44701772707923215
2019-02-22 03:00:00,0.5786846261497378,0.015256084363251666,0.5634285417864862
2019-02-22 05:00:00,0.6877457207347965,0.028344030383896945,0.6594016903508995
2019-02-22 07:00:00,0.8384554916076271,0.04093211485045345,0.7975233767571737
2019-02-22 09:00:00,1.5438000743407045,0.009356933916525428,1.5344431404241792
2019-02-22 13:00:00,0.2722396927773981,0.0001878952967352863,0.2720517974806628
2019-02-22 15:00:00,0.8678911348590308,0.05246525146823473,0.815425883390796
2019-02-22 19:00:00,1.1106932449371056,0.008326527198285322,1.1023667177388203
2019-02-22 21:00:00,1.3849369116843278,0.018762558946043336,1.3661743527382844
2019-02-22 23:00:00,0.7988065287901617,0.06424398576526058,0.7345625430249011
2019-02-23 01:00:00,1.4742763077271201,0.3980543435601644,1.0762219641669557
2019-02-23 03:00:00,2.4382689665217607,0.21916403123125017,2.2191049352905106
2019-02-23 05:00:00,0.9414063605471927,0.13396869475201706,0.8074376657951756
2019-02-23 07:00:00,3.380909109709225,0.12053498460043993,3.260374125108785
2019-02-23 09:00:00,1.288250522242372,0.07072515683008798,1.217525365412284
2019-02-23 11:00:00,3.3538189300437438,0.12893016945084718,3.2248887605928966
2019-02-23 13:00:00,2.7233968766847165,0.17612318738234514,2.5472736893023713
2019-02-23 15:00:00,1.6611161677612885,0.017207529632023332,1.6439086381292651
2019-02-23 17:00:00,1.2770063913665648,0.0015670929567207586,1.275439298409844
2019-02-23 19:00:00,1.8101070996696382,0.010901786389869184,1.799205313279769
2019-02-23 21:00:00,2.587052975722588,0.03832124644296789,2.54873172927962
2019-02-23 23:00:00,3.7845871324417195,0.049217011361330415,3.735370121080389
2019-02-24 01:00:00,4.441516886240334,0.0969806599083286,4.344536226332005
2019-02-24 03:00:00,3.9425468924917437,0.2033874741370899,3.739159418354654
2019-02-24 07:00:00,2.3744677870567537,0.7038281727445255,1.6706396143122282
2019-02-24 09:00:00,3.5403505916522584,0.939320190635192,2.6010304010170664
2019-02-24 11:00:00,7.017097780005735,0.15310538467016274,6.863992395335573
2019-02-24 13:00:00,7.062120446184552,0.06306718035952605,6.999053265825026
2019-02-24 17:00:00,3.145170447188448,0.010012337556817213,3.1351581096316306
2019-02-24 21:00:00,0.9105430807163021,0.003379192303405076,0.907163888412897
2019-02-25 01:00:00,0.5057563890008498,0.011763990161632553,0.4939923988392173
2019-02-25 07:00:00,0.5019763002655673,0.003876576233026462,0.4980997240325408
2019-02-25 11:00:00,0.11856168765593333,0.0018563172707113428,0.116705370385222
2019-02-25 19:00:00,1.2497006699000808,0.00916753817520822,1.2405331317248725
2019-02-25 23:00:00,0.8137980233375879,0.11552331980164808,0.6982747035359398
2019-02-26 01:00:00,1.0972760132951729,0.1191908235612849,0.9780851897338879
2019-02-26 11:00:00,1.0348656371481428,0.009654220526033758,1.0252114166221091
2019-02-26 13:00:00,0.7342909577776312,0.004912621953568867,0.7293783358240623
2019-02-26 15:00:00,0.7469370218170795,0.004105471968046919,0.7428315498490327
2019-02-26 21:00:00,0.3524728509619835,0.00030823920693541886,0.3521646117550481
2019-02-26 23:00:00,2.321783280629299,0.010900595879906806,2.310882684749392
2019-02-27 01:00:00,2.7788644731570504,0.06654569708060591,2.7123187760764447
2019-02-27 03:00:00,0.4716652589793585,0.08327915760328501,0.3883861013760735
2019-02-27 05:00:00,0.9777458912011681,0.32930779624950707,0.648438094951661
2019-02-27 07:00:00,1.2228175143548987,0.5078494989209268,0.7149680154339718
2019-02-27 09:00:00,1.8045100590212608,0.6319719563995659,1.172538102621695
2019-02-27 11:00:00,1.8592242538805004,0.6293191581502282,1.2299050957302722
2019-02-27 21:00:00,0.6115428611839637,0.009242108291376342,0.6023007528925873
2019-02-28 07:00:00,0.6590915920213156,0.07159470622422669,0.5874968857970889
2019-02-28 17:00:00,2.3771162930876546,0.00189884478965552,2.375217448297999
2019-02-28 21:00:00,0.897729765031892,0.004420831236256846,0.8933089337956351
2019-03-01 01:00:00,2.238086498338699,0.02902770851513312,2.2090587898235663
2019-03-01 07:00:00,1.7444638227371705,0.18537665610377557,1.559087166633395
2019-03-01 13:00:00,0.1254270926436427,0.013052607082831163,0.11237448556081155
2019-03-01 15:00:00,0.32027387221541587,0.0006663306284128261,0.31960754158700305
2019-03-01 17:00:00,0.6005514740793759,0.0010558418818657743,0.5994956321975101
2019-03-01 19:00:00,0.23064910871810562,0.004722419261182883,0.22592668945692274
2019-03-01 21:00:00,0.29467322507687493,0.007956459715725023,0.28671676536114993
2019-03-05 01:00:00,8.883323158329738,0.4573956679022879,8.42592749042745
2019-03-05 03:00:00,9.258551374307313,0.3682084390263352,8.890342935280978
2019-03-05 05:00:00,8.861384375907104,0.212069458376789,8.649314917530315
2019-03-05 07:00:00,7.621965904881053,0.1788349503400495,7.443130954541004
2019-03-05 09:00:00,7.574913508773861,0.19914055392857632,7.375772954845284
2019-03-05 11:00:00,3.0813952473223227,0.15276569249380756,2.928629554828515
2019-03-05 13:00:00,2.3371297247664993,0.02747902094443142,2.3096507038220677
2019-03-05 15:00:00,0.7346075496211448,0.0001073479612592212,0.7345002016598856
2019-03-05 17:00:00,1.159672863241867,0.0035220961729483464,1.1561507670689186
2019-03-05 19:00:00,0.11249199167846446,0.004531796828728846,0.10796019484973562
2019-03-07 01:00:00,2.0325524188246424,0.06113830857553853,1.971414110249104
2019-03-07 03:00:00,3.1631597127298337,0.09019445818814469,3.072965254541689
2019-03-07 05:00:00,2.914498434363102,0.07041863029721995,2.844079804065882
2019-03-07 07:00:00,3.42203461058691,0.09714957984025958,3.32488503074665
2019-03-07 09:00:00,4.841851533133501,0.13715245187751798,4.704699081255983
2019-03-07 11:00:00,4.390577694410864,0.08071163077306293,4.309866063637801
2019-03-07 13:00:00,4.6012313826651585,0.08504716477672625,4.516184217888433
2019-03-07 15:00:00,8.090142331853611,0.15583787430434023,7.9343044575492705
2019-03-07 17:00:00,8.11311631383681,0.1415998182966411,7.97151649554017
2019-03-07 19:00:00,9.296027738819333,0.20877344525411315,9.08725429356522
2019-03-07 21:00:00,10.057344889225488,0.2258112464211399,9.831533642804349
2019-03-07 23:00:00,12.413834370231273,0.24114275093027476,12.172691619300998
2019-03-08 01:00:00,9.394484471752522,0.16953215228616111,9.224952319466361
2019-03-08 03:00:00,9.574496069814552,0.226580011835499,9.347916057979054
2019-03-08 05:00:00,6.650814940026472,0.27355296157418896,6.3772619784522835
2019-03-08 07:00:00,3.2146799265867303,0.2819283043834035,2.9327516222033267
2019-03-08 09:00:00,5.283310886513499,0.2419832715678546,5.0413276149456445
2019-03-08 11:00:00,3.080470307749731,0.08298945289267089,2.99748085485706
2019-03-08 13:00:00,3.8951678152198,0.07758920288488408,3.817578612334916
2019-03-08 15:00:00,7.189173286602755,0.12352242141727052,7.065650865185485
2019-03-08 17:00:00,9.373507370833146,0.15458367200540726,9.218923698827739
2019-03-08 19:00:00,8.952552945359086,0.2739205810541099,8.678632364304976
2019-03-08 21:00:00,4.884179024716917,0.41938212087537075,4.464796903841546
2019-03-10 01:00:00,0.7680085109794077,0.03594289927425769,0.73206561170515
2019-03-10 03:00:00,0.6038202814013169,0.024599836226898965,0.579220445174418
2019-03-10 07:00:00,0.47393692838531604,0.005830546416734401,0.4681063819685816
2019-03-10 09:00:00,1.4087109199824552,0.14746991893549521,1.26124100104696
2019-03-10 11:00:00,3.400592343595457,0.013309921712408544,3.3872824218830484
2019-03-10 13:00:00,3.654065149516454,0.007881838388773554,3.6461833111276802
2019-03-10 15:00:00,3.664888233466171,0.012466805566535217,3.652421427899636
2019-03-10 17:00:00,3.4332355917399853,0.02211093893409399,3.411124652805891
2019-03-12 09:00:00,5.096034220296346,0.024990887128450528,5.0710433331678955
2019-03-12 11:00:00,4.716635268364481,0.023243755798736856,4.693391512565744
2019-03-12 13:00:00,0.4747590278331719,0.00046849925728763986,0.4742905285758843
2019-03-12 15:00:00,0.920220886656851,0.0017966684817205198,0.9184242181751304
2019-03-12 17:00:00,6.4549046385927005,0.003532622503985017,6.451372016088715
2019-03-12 23:00:00,1.5622366812986959,0.05707889335936543,1.5051577879393305
2019-03-13 13:00:00,2.4772344569669533,0.0005239789117077983,2.4767104780552454
2019-03-13 15:00:00,6.675695659287278,0.14183750650871174,6.533858152778566
2019-03-13 17:00:00,6.084347140602159,0.32381410905609054,5.7605330315460685
2019-03-13 19:00:00,6.786911893121616,0.059960628006320925,6.726951265115295
2019-03-13 21:00:00,6.824463780140989,0.1299128937044269,6.694550886436562
2019-03-13 23:00:00,5.697922388560718,0.04494540056261802,5.6529769879981
2019-03-14 01:00:00,4.126237402288479,0.04273647326476258,4.0835009290237165
2019-03-14 03:00:00,2.689946145188043,0.03350081172629302,2.65644533346175
2019-03-14 05:00:00,4.047254986938186,0.05386666788023959,3.9933883190579467
2019-03-14 07:00:00,4.061163750307528,0.06256465172939571,3.998599098578132
2019-03-14 21:00:00,9.865077596609797,0.18394096952348943,9.681136627086309
2019-03-14 23:00:00,13.069298788538187,0.24024261590515664,12.829056172633031
2019-03-15 01:00:00,16.821805022398816,0.30087784880577,16.520927173593048
2019-03-15 03:00:00,16.85289205510634,0.16963029996324885,16.683261755143093
2019-03-15 05:00:00,18.16570266025846,0.43086830971105344,17.73483435054741
2019-03-15 07:00:00,11.638770213161521,0.6052547981216632,11.033515415039858
2019-03-15 09:00:00,8.953614133886303,0.4641946253003887,8.489419508585915
2019-03-15 11:00:00,9.23512935382316,0.43092220296061384,8.804207150862545
2019-03-15 13:00:00,7.194776350184139,0.26589059814276933,6.928885752041369
2019-03-15 15:00:00,4.393297024575424,0.10436555246849083,4.288931472106933
2019-03-15 17:00:00,3.192958042232177,0.0492885064391249,3.1436695357930518
2019-03-15 19:00:00,0.744406074606459,0.006006839278035631,0.7383992353284234
2019-03-15 21:00:00,1.7858045235146682,0.03065366085958196,1.7551508626550862
2019-03-15 23:00:00,6.263259951392657,0.2341100104286935,6.029149940963963
2019-03-16 01:00:00,6.828446165068854,0.2345258377344441,6.59392032733441
2019-03-16 03:00:00,8.946469483266842,0.17318704277914135,8.773282440487701
2019-03-16 05:00:00,14.261517904668906,0.305025292058277,13.95649261261063
2019-03-16 07:00:00,15.366421640311774,0.4964850267831712,14.869936613528603
2019-03-16 09:00:00,13.359264145691641,0.6134034559448368,12.745860689746804
2019-03-16 11:00:00,13.49640560476269,0.5740721281128085,12.922333476649882
2019-03-16 13:00:00,14.474019254183746,0.6558544007024981,13.818164853481248
2019-03-16 15:00:00,12.603562574292337,1.054795872032261,11.548766702260076
2019-03-16 17:00:00,11.423599676228081,0.0012448161807905216,11.42235486004729
2019-03-16 19:00:00,11.811774603338838,0.004929947180852259,11.806844656157987
2019-03-16 21:00:00,11.11006500666089,0.35042855227869835,10.759636454382191
2019-03-16 23:00:00,9.551311840233472,0.20416412227955355,9.347147717953918
2019-03-17 01:00:00,9.259293548347404,0.11981186787195341,9.13948168047545
2019-03-17 03:00:00,8.710414306660603,0.14868476799564753,8.561729538664956
2019-03-17 05:00:00,7.713666891770634,0.15845779302137963,7.555209098749255
2019-03-17 07:00:00,7.321582047390232,0.22082541120466842,7.100756636185564
2019-03-17 09:00:00,6.947070173220662,0.46661246898342246,6.4804577042372395
2019-03-17 11:00:00,5.433226849202603,0.03246109758143466,5.400765751621168
2019-03-17 13:00:00,3.2412032692339654,0.03983971276306895,3.2013635564708967
2019-03-17 17:00:00,2.9736245702339943,0.046880001256509735,2.9267445689774845
2019-03-17 19:00:00,2.3959139894005212,0.038071833870775,2.357842155529746
2019-03-17 23:00:00,0.3044119209160572,0.02705267771588933,0.27735924320016786
2019-03-18 01:00:00,0.8107912555776082,0.04158340444613301,0.7692078511314752
2019-03-18 03:00:00,3.491811781111841,0.09275914084715717,3.399052640264684
2019-03-18 05:00:00,6.21606060402093,0.11220971224204837,6.103850891778881
2019-03-18 07:00:00,4.563765720509926,0.04674070738999452,4.517025013119931
2019-03-18 11:00:00,2.3778047432260174,0.07032776391139305,2.3074769793146244
2019-03-18 13:00:00,0.37708503488650597,0.019518601225688968,0.357566433660817
2019-03-18 15:00:00,1.7310142365358028,0.064576468487665,1.6664377680481377
2019-03-18 17:00:00,0.9099787481321248,0.040713418539874834,0.8692653295922499
2019-03-18 21:00:00,2.5944035281341784,0.09588554726565296,2.4985179808685256
2019-03-18 23:00:00,2.546530561023079,0.09246302155853448,2.4540675394645444
2019-03-19 01:00:00,3.4856681802870244,0.1130752358896095,3.372592944397415
2019-03-19 07:00:00,6.463308640746551,0.22568401111651323,6.237624629630038
2019-03-19 11:00:00,1.8297905490191457,0.10735539556925683,1.722435153449889
2019-03-19 13:00:00,2.424823737736922,0.053770186654615394,2.3710535510823068
2019-03-19 15:00:00,4.686182255274048,0.052929157790417174,4.633253097483631
2019-03-19 17:00:00,4.291971036474342,0.03649015224677206,4.25548088422757
2019-03-19 19:00:00,5.75898785651287,0.05206959492581825,5.7069182615870515
2019-03-19 21:00:00,6.151781020606173,0.031200583369699875,6.120580437236473
2019-03-19 23:00:00,8.472428397691958,0.029058907527469136,8.44336949016449
2019-03-20 01:00:00,8.645270386464864,0.022667347599751766,8.622603038865112
2019-03-20 03:00:00,10.087474782373917,0.05465060202570633,10.03282418034821
2019-03-20 05:00:00,9.024965538727963,0.03352680438785237,8.991438734340111
2019-03-20 07:00:00,6.2927256406035825,0.012005151879146738,6.280720488724436
2019-03-20 09:00:00,7.20887229405479,0.01601148900955605,7.192860805045234
2019-03-20 11:00:00,4.243926492639202,0.052443303685439854,4.191483188953763
2019-03-20 13:00:00,2.9486216001132313,0.06350701867627324,2.885114581436958
2019-03-20 15:00:00,0.8436893790311663,0.1382355485077149,0.7054538305234513
2019-03-20 17:00:00,3.107287675190741,0.22534430408926015,2.881943371101481
2019-03-20 19:00:00,1.1560038329385378,0.16021215279539458,0.9957916801431433
2019-03-20 23:00:00,0.2563284937075359,0.024719954064308658,0.23160853964322725
2019-03-21 07:00:00,0.18722375794253288,0.15751840981278914,0.02970534812974375
2019-03-21 09:00:00,0.12431110430475457,0.017748435933308198,0.10656266837144637
2019-03-21 11:00:00,0.18145075115078485,0.035769890848789614,0.14568086030199523
2019-03-21 13:00:00,0.6905655246793467,0.0023838338352867553,0.68818169084406
2019-03-21 15:00:00,0.23442445534330716,0.010213749429971422,0.22421070591333575
2019-03-21 19:00:00,0.3847604481003213,0.17152634876286157,0.21323409933745968
2019-03-22 03:00:00,0.4868127047110861,0.00665034268908047,0.48016236202200563
2019-03-22 05:00:00,0.45417942035199044,0.011886466261260473,0.44229295409072994
2019-03-22 07:00:00,0.18436738225499472,0.0009928515194457172,0.183374530735549
2019-03-22 11:00:00,0.4510175429369742,0.0013926558472377607,0.44962488708973647
2019-03-22 13:00:00,0.4145356654123075,0.006872316995188362,0.40766334841711915
2019-03-22 15:00:00,0.6869541413993858,0.006767946124739892,0.680186195274646
2019-03-22 17:00:00,0.8151504270966046,0.008785549996675506,0.8063648770999291
2019-03-22 21:00:00,1.9671334014917161,0.033278920482996806,1.9338544810087193
2019-03-22 23:00:00,0.8644341159957829,0.053908773657792605,0.8105253423379903
2019-03-23 03:00:00,0.7694271964058111,0.049308939408961,0.7201182569968502
2019-03-23 05:00:00,0.43525472871169735,0.07339206270247711,0.36186266600922024
2019-03-23 07:00:00,0.7571302682258625,0.2235355881151859,0.5335946801106766
2019-03-23 09:00:00,0.755308050018324,0.1888130134271402,0.5664950365911838
2019-03-23 11:00:00,1.079746336597969,0.09358141047764153,0.9861649261203275
2019-03-23 13:00:00,2.6871428671081046,0.09156599458627927,2.5955768725218253
2019-03-23 15:00:00,6.2475102365582,0.02592502335663082,6.221585213201569
2019-03-23 17:00:00,3.1806166875595983,0.03786140288947213,3.1427552846701263
2019-03-23 19:00:00,3.4657079686760928,0.06376583683671504,3.4019421318393777
2019-03-23 21:00:00,3.5906902951506434,0.0928815093070194,3.497808785843624
2019-03-23 23:00:00,5.593918791152705,0.08032409351339234,5.513594697639312
2019-03-24 01:00:00,4.451964313002039,0.08758405634075779,4.364380256661281
2019-03-24 05:00:00,0.1236261647994696,0.07378137392279174,0.049844790876677855
2019-03-24 13:00:00,0.15208284944730366,0.0011734067812502662,0.15090944266605338
2019-03-24 15:00:00,0.11724521171031677,0.0007140372384526593,0.1165311744718641
2019-03-24 17:00:00,0.26595735972918927,0.005206215415984131,0.2607511443132051
2019-03-24 21:00:00,3.4265743447524386,0.06356682767117926,3.3630075170812592
2019-03-25 01:00:00,2.6947330074131517,0.11536802460741652,2.579364982805735
2019-03-25 05:00:00,3.2790342696585864,0.2063707186115888,3.0726635510469977
2019-03-25 07:00:00,1.8894201150245529,0.4477919855508864,1.4416281294736666
2019-03-25 09:00:00,0.27726392853944126,0.2249562250951285,0.05230770344431274
2019-03-25 13:00:00,0.26813843036545504,0.0004362558064323685,0.2677021745590227
2019-03-25 15:00:00,0.07526757084046932,0.010812558278457715,0.06445501256201161
2019-03-25 17:00:00,0.9152029222066913,0.017825711096058492,0.8973772111106328
2019-03-25 19:00:00,0.49810497396786735,0.04953767055829198,0.44856730340957535
2019-03-25 23:00:00,0.6557462259240079,0.06651622513228098,0.5892300007917269
2019-03-26 01:00:00,1.150046131754369,0.23717323797733997,0.9128728937770292
2019-03-26 03:00:00,1.9150343721785745,0.34440081807075845,1.570633554107816
2019-03-26 05:00:00,0.29750001422349204,0.28079338768789036,0.016706626535601666
2019-03-26 13:00:00,0.12989007791556384,0.002072610276105195,0.12781746763945864
2019-03-26 17:00:00,0.1370301261895912,0.017604223489278068,0.11942590270031313
2019-03-26 19:00:00,0.16913107057269333,0.027863877384263755,0.1412671931884296
2019-03-26 21:00:00,0.4371682049044022,0.04027154214696971,0.3968966627574325
2019-03-26 23:00:00,0.27902595708759526,0.05217221021398499,0.22685374687361026
2019-03-27 01:00:00,0.24200671153955114,0.05662219006527077,0.18538452147428036
2019-03-27 03:00:00,0.33793374967852885,0.1382642286539401,0.19966952102458874
2019-03-27 05:00:00,0.3727976817880214,0.16980636149599698,0.2029913202920244
2019-03-27 07:00:00,0.4982227709305956,0.22464191794695254,0.27358085298364304
2019-03-27 13:00:00,0.2013748267557912,0.014107734318666815,0.18726709243712436
2019-03-27 19:00:00,0.51519632683857,0.006755564391604378,0.5084407624469656
2019-03-27 21:00:00,0.35611503528174393,0.02640995124082301,0.3297050840409209
2019-03-27 23:00:00,0.7494004168190387,0.4823477265143614,0.2670526903046772
2019-03-28 01:00:00,1.864900675730218,1.491071579769414,0.37382909596080405
2019-03-28 03:00:00,1.8236981485747525,1.4720347343901774,0.3516634141845752
2019-03-28 05:00:00,2.273279120181055,1.041003647331343,1.2322754728497118
2019-03-28 09:00:00,1.0172157007899087,0.6789437942909807,0.33827190649892797
2019-03-28 11:00:00,1.0927336804698717,0.035554070935949984,1.0571796095339216
2019-03-28 13:00:00,0.6673826660133358,0.02970691287611611,0.6376757531372197
2019-03-28 15:00:00,0.36482734787929605,0.12252007407618684,0.24230727380310924
2019-03-28 17:00:00,0.4534468676385425,0.12941125090016353,0.32403561673837894
2019-03-28 19:00:00,0.8218970353323367,0.04675097556824189,0.7751460597640948
2019-03-28 21:00:00,1.5564667991129122,0.5797015851526272,0.9767652139602852
2019-03-28 23:00:00,1.6925319228087465,1.0566923270917044,0.6358395957170422
2019-03-29 01:00:00,2.1191597079002347,0.17142549117513944,1.9477342167250953
2019-03-29 03:00:00,2.0140031038578665,0.6432044551378288,1.3707986487200376
2019-03-29 05:00:00,3.467603853805283,0.35021070594028547,3.1173931478649974
2019-03-29 07:00:00,2.379372745207383,0.8079051246776577,1.5714676205297253
2019-03-29 09:00:00,1.8800521779656858,0.7569951208241187,1.1230570571415672
2019-03-29 11:00:00,0.6487965586254337,0.5529099336481123,0.09588662497732145
2019-03-29 13:00:00,0.4029889392326311,0.011637886307713624,0.3913510529249175
2019-03-29 15:00:00,0.2281695845828542,0.010105972621111209,0.21806361196174298
2019-03-29 17:00:00,0.33722270326650006,0.0064797457960686835,0.33074295747043136
2019-03-29 19:00:00,0.25304535067722167,0.04684506044839222,0.20620029022882944
2019-03-29 21:00:00,0.8900507946719649,0.2623113007515432,0.6277394939204217
2019-03-29 23:00:00,2.2386872587794975,0.25804547987571813,1.9806417789037793
2019-03-30 01:00:00,3.713415291229782,0.3205798839509697,3.3928354072788123
2019-03-30 03:00:00,1.3093201913505923,0.1472669487389643,1.162053242611628
2019-03-30 05:00:00,1.1615500180897373,0.17638564029309797,0.9851643777966393
2019-03-30 11:00:00,0.42343240564617113,0.16383154338652173,0.2596008622596494
2019-03-30 13:00:00,0.20685806770569337,0.0030980378987581444,0.20376002980693522
2019-03-30 15:00:00,0.09364361722435023,0.0035684597001710504,0.09007515752417918
2019-03-30 23:00:00,3.2436710920444147,0.29661143507754756,2.947059656966867
2019-03-31 03:00:00,0.913300227802552,0.05284718830062228,0.8604530395019298
2019-03-31 05:00:00,2.535208974781009,0.3018452517229745,2.2333637230580345
2019-03-31 07:00:00,3.060796563394283,0.7940090156746755,2.2667875477196078
2019-03-31 09:00:00,1.53145087764625,0.34264188352363956,1.1888089941226105
2019-03-31 17:00:00,0.28429503523496746,0.023324500132982443,0.26097053510198504
2019-03-31 19:00:00,0.054846486347992815,0.013624826621293384,0.04122165972669943
2019-03-31 23:00:00,1.1100772870684987,0.05569983248749314,1.0543774545810056
2019-04-01 07:00:00,0.19601151234023795,0.0625283465182708,0.13348316582196715
2019-04-01 15:00:00,0.2551105053490985,0.0075452503060749205,0.24756525504302357
2019-04-01 19:00:00,0.8101975004861101,0.0430324959829419,0.7671650045031682
2019-04-01 21:00:00,0.34064601438211795,0.21884607933572056,0.12179993504639738
2019-04-02 01:00:00,1.1550375073557193,0.567481199617471,0.5875563077382483
2019-04-02 05:00:00,0.6251829473759323,0.35600340345944986,0.2691795439164824
2019-04-02 07:00:00,45.3045604503898,0.6694445338996656,44.635115916490136
2019-04-02 13:00:00,0.9885542863203294,0.8344984527217923,0.154055833598537
2019-04-02 15:00:00,0.9535177181394277,0.5624428794509551,0.39107483868847254
2019-04-02 19:00:00,1.8720594538116853,0.0018042477329239229,1.8702552060787614
2019-04-02 21:00:00,2.150785069137236,1.08771523973175,1.0630698294054859
2019-04-02 23:00:00,2.030436157206762,1.1950769318544927,0.8353592253522695
2019-04-03 01:00:00,2.7948324669023554,0.2708613211265875,2.523971145775768
2019-04-03 03:00:00,3.0221650969082794,0.01112407945914548,3.0110410174491338
2019-04-03 07:00:00,4.265255812521184,0.016004423864149162,4.2492513886570356
2019-04-03 09:00:00,3.0818166217512113,0.13375650325828933,2.948060118492922
2019-04-03 11:00:00,2.7823872574403943,0.08946938150418149,2.692917875936213
2019-04-03 13:00:00,3.714417587435795,0.9378864118377204,2.7765311755980746
2019-04-03 15:00:00,3.3199912204081605,0.6798106952338818,2.6401805251742787
2019-04-03 17:00:00,5.902009952621656,0.2131737346529313,5.688836217968724
2019-04-03 19:00:00,4.804171899928104,0.16140182731804503,4.642770072610059
2019-04-03 23:00:00,4.517593007973656,0.010036393352280577,4.507556614621375
2019-04-04 01:00:00,4.239015367515251,0.021077498143190015,4.2179378693720615
2019-04-04 03:00:00,4.208035044569266,0.025309802837433996,4.182725241731832
2019-04-04 05:00:00,5.011853620952178,0.038553094239129684,4.973300526713048
2019-04-04 07:00:00,5.925097584859335,0.2105770757547481,5.714520509104587
2019-04-04 09:00:00,7.381627826917191,0.09015604545344665,7.291471781463744
2019-04-04 11:00:00,9.445955937104348,0.0584131823337245,9.387542754770623
2019-04-04 13:00:00,9.99594145918099,0.054132881024520754,9.94180857815647
2019-04-04 15:00:00,11.4562281769953,0.030823515819643245,11.425404661175657
2019-04-04 17:00:00,22.536960114546005,0.025169763018851314,22.511790351527154
2019-04-04 19:00:00,23.00971522944344,0.007716958138310068,23.00199827130513
2019-04-04 21:00:00,17.439476210113337,0.07886652643883336,17.360609683674504
2019-04-04 23:00:00,17.55643362463426,0.09175567628650184,17.464677948347756
2019-04-05 01:00:00,20.888601620427963,0.01649716703794796,20.872104453390016
2019-04-05 03:00:00,24.096240370355225,0.05094163978726571,24.04529873056796
2019-04-05 05:00:00,14.871708692777224,0.18552328635912316,14.686185406418101
2019-04-05 07:00:00,24.88013271233345,0.022872271885388668,24.85726044044806
2019-04-05 09:00:00,18.623605427944423,6.257439759429058e-05,18.623542853546827
2019-04-05 11:00:00,13.99181126020333,0.019650612800653566,13.972160647402676
2019-04-05 13:00:00,11.394481885622039,0.08127264096483015,11.313209244657209
2019-04-05 15:00:00,10.237765074590607,0.05597776370946995,10.181787310881138
2019-04-05 17:00:00,9.690505610814661,0.10369121206702953,9.58681439874763
2019-04-05 19:00:00,9.013741855760872,0.14516460448837676,8.868577251272495
2019-04-05 21:00:00,9.862602139226984,0.11208112173015443,9.75052101749683
2019-04-05 23:00:00,10.987384261985857,0.23040835336218812,10.75697590862367
2019-04-06 09:00:00,14.403384318046022,0.25724933266096733,14.146134985385055
2019-04-06 11:00:00,9.925043350043982,0.0007846772695495898,9.924258672774432
2019-04-06 13:00:00,7.406271776068742,0.0004326726050064294,7.405839103463736
2019-04-06 15:00:00,5.249688023644903,0.010009167825482241,5.23967885581942
2019-04-06 17:00:00,7.350161852816021,0.02912951804240339,7.3210323347736175
2019-04-06 19:00:00,6.593177234034716,0.024737529516075423,6.5684397045186405
2019-04-06 21:00:00,5.173164471661913,2.0622522887390144,3.1109121829228985
2019-04-07 01:00:00,6.258659423786706,0.06828361975628854,6.190375804030418
2019-04-07 07:00:00,11.327915219070846,6.636481725181147,4.691433493889698
2019-04-07 09:00:00,7.716883515493395,0.44171972042885826,7.275163795064537
2019-04-07 11:00:00,10.028974204239729,0.1309848922494058,9.897989311990322
2019-04-07 13:00:00,9.544571747776548,0.2145934645987028,9.329978283177844
2019-04-07 15:00:00,11.696961583574296,0.053094367046862774,11.643867216527434
2019-04-07 17:00:00,22.395197734941114,0.03156210569213388,22.36363562924898
2019-04-07 19:00:00,25.301829711221366,0.05235456718435488,25.24947514403701
2019-04-07 21:00:00,17.69014634254691,0.01407864213811785,17.676067700408794
2019-04-07 23:00:00,31.161496754142355,0.007917093827149493,31.153579660315206
2019-04-08 01:00:00,34.6164925649904,0.00811740015102826,34.60837516483937
2019-04-08 03:00:00,28.994240188109206,0.004764915124961235,28.989475272984244
2019-04-08 05:00:00,23.765300926866892,0.02203150869952456,23.74326941816737
2019-04-08 07:00:00,21.88882354973112,0.011524640762587107,21.877298908968534
2019-04-08 09:00:00,21.302893386985648,0.03508377984636651,21.26780960713928
2019-04-08 11:00:00,22.97968353729094,0.01631078249831557,22.963372754792623
2019-04-08 13:00:00,21.5891299222625,0.008444759881704273,21.580685162380796
2019-04-08 15:00:00,21.47493003462845,0.004610897300476129,21.470319137327973
2019-04-08 17:00:00,12.486096069449529,0.004349184236987487,12.48174688521254
2019-04-08 19:00:00,8.750772131413521,0.03529228518119601,8.715479846232325
2019-04-08 21:00:00,8.975449668041993,0.0916603565111931,8.8837893115308
2019-04-08 23:00:00,7.03374753804605,0.05424129823958333,6.979506239806467
2019-04-09 03:00:00,1.7187521566016288,0.011341156113684582,1.7074110004879441
2019-04-09 05:00:00,2.9452859912689497,0.004221672450624604,2.941064318818325
2019-04-09 07:00:00,2.4156499286395006,0.004080234861278205,2.4115696937782225
2019-04-09 09:00:00,2.2988321892372605,0.006622696066979091,2.292209493170281
2019-04-09 11:00:00,2.6002296360201895,0.007373760979884085,2.5928558750403052
2019-04-09 13:00:00,2.526247067223701,0.0064056121260347935,2.519841455097666
2019-04-09 15:00:00,2.068896414231991,0.008943866896247715,2.0599525473357434
2019-04-09 17:00:00,2.0622385355387953,0.00808600638249411,2.054152529156301
2019-04-09 19:00:00,2.5407627802632824,0.04707826827470047,2.4936845119885818
2019-04-09 21:00:00,2.838097523644419,0.04228917936141203,2.7958083442830066
2019-04-10 01:00:00,1.796113635991506,0.0043628538297376795,1.7917507821617682
2019-04-10 03:00:00,1.7109533462010942,0.004063488762006868,1.7068898574390874
2019-04-10 07:00:00,2.0949104671663368,0.005841272113922212,2.0890691950524145
2019-04-10 09:00:00,4.533268145666792,0.005537794401266653,4.527730351265525
2019-04-10 11:00:00,4.803057188360289,0.004064586891250216,4.798992601469039
2019-04-10 13:00:00,7.637475122517081,0.003588037246414115,7.633887085270667
2019-04-10 15:00:00,7.970177942633443,0.006919473613634425,7.9632584690198085
2019-04-10 17:00:00,4.615246900627012,0.001228228845049604,4.614018671781962
2019-04-10 19:00:00,5.114064285154795,0.0009527448296550723,5.11311154032514
2019-04-10 21:00:00,1.942775774898032,0.0020587124185717626,1.9407170624794603
2019-04-10 23:00:00,1.9153280623665487,0.0037492066891903126,1.9115788556773585
2019-04-11 01:00:00,2.4174342565037743,0.01108245071731634,2.406351805786458
2019-04-11 03:00:00,2.6460958966547437,0.0382397073161731,2.6078561893385706
2019-04-11 05:00:00,3.542952134962945,0.12800025705127924,3.414951877911666
2019-04-11 07:00:00,3.0842194723576033,0.1785852156270427,2.9056342567305604
2019-04-11 09:00:00,3.61610452739616,0.1881277883440918,3.427976739052068
2019-04-11 11:00:00,2.1357321164427168,0.16328765810543172,1.972444458337285
2019-04-11 13:00:00,1.2389438383607687,0.010506939262106404,1.2284368990986623
2019-04-11 15:00:00,1.6453661000323794,0.030297039003941133,1.6150690610284382
2019-04-11 17:00:00,2.392210961665213,0.16486971394719332,2.22734124771802
2019-04-11 19:00:00,4.754916157752567,0.22439216956622224,4.530523988186345
2019-04-11 21:00:00,6.1718897684898,0.17001113105270332,6.0018786374370965
2019-04-11 23:00:00,3.0895473459642906,0.39927920200430544,2.6902681439599854
2019-04-12 01:00:00,3.5264179557423483,0.3467249019185973,3.179693053823751
2019-04-12 03:00:00,5.365402034660373,0.40350126122314944,4.961900773437224
2019-04-12 05:00:00,2.998982002538382,0.6209999541049495,2.3779820484334326
2019-04-12 07:00:00,1.512015266888057,0.49057155271730873,1.0214437141707484
2019-04-12 09:00:00,2.429785455901006,0.8025205039201647,1.6272649519808413
2019-04-12 11:00:00,0.6319703807444819,0.08388291120413155,0.5480874695403504
2019-04-12 13:00:00,1.348562010709207,0.13468264882006614,1.2138793618891408
2019-04-12 15:00:00,0.7885359244423313,0.02049810071461395,0.7680378237277173
2019-04-12 17:00:00,1.9418719207563655,0.07174907696044638,1.8701228437959192
2019-04-13 05:00:00,4.866230418956478,1.1654638538502666,3.700766565106212
2019-04-13 07:00:00,2.6382925468536182,1.2420671230420988,1.3962254238115193
2019-04-13 09:00:00,1.45999122021814,0.020180402921235217,1.4398108172969049
2019-04-13 11:00:00,1.2948283636735793,0.028521700093449943,1.2663066635801294
2019-04-13 13:00:00,0.760397100468134,0.228118813094233,0.532278287373901
2019-04-13 15:00:00,1.7213980123288857,0.17363265613546858,1.547765356193417
2019-04-13 17:00:00,1.5328168194589538,0.34173307605870185,1.191083743400252
2019-04-13 19:00:00,2.132482713106745,0.1490591681911267,1.9834235449156186
2019-04-13 21:00:00,2.5474565876601742,0.18363043517869,2.3638261524814843
2019-04-13 23:00:00,3.611240099527802,0.5028334961776338,3.108406603350168
2019-04-14 01:00:00,3.681729388320193,0.21311591962707654,3.4686134686931167
2019-04-14 03:00:00,2.7541551333493026,0.1643301703679396,2.589824962981363
2019-04-14 05:00:00,1.2587489296972567,0.19251414651053464,1.066234783186722
2019-04-14 07:00:00,2.8196277484760133,0.16896459467796937,2.650663153798044
2019-04-14 09:00:00,2.521314408101261,0.06385420174050234,2.457460206360759
2019-04-14 11:00:00,2.497492198445196,0.06081564033830075,2.436676558106895
2019-04-14 13:00:00,2.590914876813451,0.06908505432884024,2.5218298224846105
2019-04-14 15:00:00,2.275064220833879,0.0840884317785913,2.1909757890552877
2019-04-14 17:00:00,1.9097755690496565,0.012512976131321624,1.8972625929183349
2019-04-14 19:00:00,2.5862946213543205,0.0756078135361586,2.510686807818162
2019-04-15 01:00:00,3.384641808539407,0.22962518300430776,3.1550166255350995
2019-04-15 03:00:00,2.622989107301014,0.2582574098951233,2.3647316974058907
2019-04-15 05:00:00,3.780364977927924,0.32614802506584395,3.45421695286208
2019-04-15 07:00:00,3.9240590728833933,0.297873063895636,3.6261860089877573
2019-04-15 09:00:00,1.4467798411501889,0.14978398655270259,1.2969958545974862
2019-04-15 11:00:00,1.1407768980255273,0.03249111542268965,1.1082857826028376
2019-04-15 13:00:00,0.977009288012506,0.04692756971490999,0.930081718297596
2019-04-15 15:00:00,1.0758221796452676,0.03035066145860117,1.0454715181866665
2019-04-15 17:00:00,1.1905836429771655,0.041027867505510955,1.1495557754716546
2019-04-15 19:00:00,2.0800420739243854,0.2282043865281998,1.8518376873961855
2019-04-15 21:00:00,1.5918572310238543,0.0035906361286770706,1.5882665948951773
2019-04-15 23:00:00,1.8551845975707713,0.04012973040497894,1.8150548671657922
2019-04-16 01:00:00,2.416682533915024,0.10441369254033801,2.312268841374686
2019-04-16 03:00:00,1.6404627708559991,0.1448529612546258,1.4956098096013732
2019-04-16 05:00:00,2.133053378972243,0.24157576126006586,1.8914776177121768
2019-04-16 07:00:00,2.209037097338732,0.5546305265619872,1.6544065707767448
2019-04-16 09:00:00,2.507260021505532,0.4440606713925575,2.0631993501129746
2019-04-16 11:00:00,2.517407053858689,0.5943729535705965,1.9230341002880926
2019-04-16 13:00:00,1.0276603839388807,0.009170428061868194,1.0184899558770124
2019-04-16 15:00:00,1.2107557878987945,0.0025718814930398453,1.2081839064057547
2019-04-16 17:00:00,1.1021728837809053,0.0068992024615526885,1.0952736813193527
2019-04-17 09:00:00,3.6042512963518805,0.12707918823707942,3.477172108114801
2019-04-17 11:00:00,1.12213590416832,0.026533265533973737,1.0956026386343463
2019-04-17 13:00:00,1.999313867110949,0.0005717871855996311,1.9987420799253492
2019-04-17 15:00:00,1.4715779409391068,0.004038487257936437,1.4675394536811703
2019-04-17 17:00:00,2.43921817397197,0.007277261932274962,2.431940912039695
2019-04-17 19:00:00,1.339956426008051,0.0071612562261557005,1.3327951697818954
2019-04-17 21:00:00,1.405837618169713,0.013953654215717062,1.391883963953996
2019-04-17 23:00:00,1.7832565925530568,0.1346200461877807,1.6486365463652761
2019-04-19 13:00:00,8.476947861294319,0.00016215560576009,8.476785705688558
2019-04-19 15:00:00,7.716604296387433,0.00038087613937835883,7.716223420248054
2019-04-19 17:00:00,7.839263513621921,0.0006920726021649545,7.838571441019756
2019-04-19 19:00:00,7.538543068033416,0.03157749982808819,7.506965568205328
2019-04-19 21:00:00,8.07719770742242,0.03835805920721994,8.0388396482152
2019-04-19 23:00:00,6.710604248185373,0.13782779538657317,6.5727764527987995
2019-04-20 01:00:00,7.104217366467259,0.08341544151148203,7.020801924955777
2019-04-20 03:00:00,10.194311699576954,0.06629342249966771,10.128018277077286
2019-04-20 05:00:00,7.780973994643712,0.09764307229982142,7.68333092234389
2019-04-20 07:00:00,9.816136696565492,0.046560612252926105,9.769576084312565
2019-04-20 09:00:00,8.595821748447296,0.06739943619199294,8.528422312255303
2019-04-20 11:00:00,7.95185711487468,0.15299506222963455,7.798862052645045
2019-04-20 13:00:00,8.926677934938478,0.003495828735329581,8.923182106203148
2019-04-20 15:00:00,5.522069244254924,0.36264930413697793,5.159419940117946
2019-04-20 21:00:00,8.751821548952531,0.19438977874793606,8.557431770204595
2019-04-20 23:00:00,9.176038767290036,0.22126088794211027,8.954777879347926
2019-04-21 01:00:00,8.734060177568994,0.19932407175429917,8.534736105814694
2019-04-21 03:00:00,9.881745116852262,0.09739151975397864,9.784353597098283
2019-04-21 05:00:00,8.112419238560362,0.12203055610263808,7.9903886824577235
2019-04-21 07:00:00,7.114320992621478,0.1699804680175917,6.944340524603886
2019-04-21 09:00:00,6.20521192716924,0.8247598323011088,5.380452094868131
2019-04-21 11:00:00,3.654347431992531,0.0004694221632667846,3.6538780098292643
2019-04-21 13:00:00,5.638575155647963,0.0054755871082576265,5.633099568539706
2019-04-21 15:00:00,3.4448084597010378,0.007148816667033965,3.437659643034004
2019-04-21 17:00:00,4.849340797210763,0.008673250738424189,4.840667546472338
2019-04-21 19:00:00,2.468761730016988,0.003430567316956746,2.465331162700031
2019-04-21 21:00:00,2.5860845269616717,0.004498968886974543,2.581585558074697
2019-04-21 23:00:00,6.549441980204405,0.008668669958159798,6.540773310246244
2019-04-22 01:00:00,6.859740190509622,0.02040553512325466,6.839334655386367
2019-04-23 15:00:00,11.878963041546674,0.01634870793176318,11.86261433361491
2019-04-23 17:00:00,12.42959431725626,0.013913239405360137,12.4156810778509
2019-04-23 19:00:00,16.287965821192202,0.006583324251402611,16.2813824969408
2019-04-23 21:00:00,11.331865316285697,0.09249483584530165,11.239370480440396
2019-04-23 23:00:00,15.783637962963342,0.054745588007580295,15.72889237495576
2019-04-24 01:00:00,18.380556321877684,0.049056593682059814,18.331499728195624
2019-04-24 03:00:00,15.479203198356826,0.34241651196719175,15.136786686389634
2019-04-24 05:00:00,15.717417750172592,0.39926222942349227,15.3181555207491
2019-04-24 07:00:00,18.380229865004008,0.0028621432809180086,18.37736772172309
2019-04-24 09:00:00,16.442402012963875,0.0031497773387197366,16.439252235625155
2019-04-24 11:00:00,16.543614133418952,0.014670050073425246,16.528944083345525
2019-04-24 13:00:00,16.486691028829288,1.605857800754746e-05,16.48667497025128
2019-04-24 15:00:00,18.820031885576174,0.00023661010540647397,18.819795275470767
2019-04-24 17:00:00,18.42979800746189,0.001442279386619227,18.42835572807527
2019-04-24 19:00:00,16.65594637902699,0.02225120278426947,16.63369517624272
2019-04-25 01:00:00,23.70483722716984,0.015239627670593283,23.689597599499248
2019-04-25 03:00:00,21.86420414051969,0.03768820052388727,21.8265159399958
2019-04-25 13:00:00,12.708948060810553,0.027481017776396274,12.681467043034155
2019-04-25 15:00:00,14.457298470761941,0.01790486947325667,14.439393601288684
2019-04-25 17:00:00,14.075519914350368,0.010189612991868638,14.065330301358498
2019-04-25 19:00:00,13.166081359740263,0.013107762366349397,13.152973597373913
2019-04-25 21:00:00,17.30523555764638,0.018772982496154236,17.286462575150225
2019-04-25 23:00:00,19.091133445654354,0.09902115458853587,18.99211229106582
2019-04-26 01:00:00,12.648973736876282,0.18497197301484472,12.464001763861438
2019-04-26 03:00:00,17.543217590022905,0.13967429590924557,17.40354329411366
2019-04-26 05:00:00,17.83351526312672,0.3414245201156029,17.49209074301112
2019-04-26 07:00:00,11.819392359578218,0.6958690119904356,11.123523347587783
2019-04-26 09:00:00,9.219157247714696,0.5228889329645706,8.696268314750125
2019-04-26 11:00:00,9.145540176326469,0.5695818281930612,8.575958348133407
2019-04-26 13:00:00,11.048273518684606,0.2800592221946297,10.768214296489976
2019-04-26 15:00:00,8.523453941034385,0.2595445282713214,8.263909412763063
2019-04-26 17:00:00,16.97473996469398,0.21162332969478834,16.763116634999193
2019-04-26 19:00:00,12.48527145634971,0.30169388080804127,12.183577575541667
2019-04-26 21:00:00,17.130413917743997,0.23515278744484414,16.895261130299154
2019-04-26 23:00:00,16.844771574190982,0.18295238154187163,16.661819192649112
2019-04-27 01:00:00,18.24046967020489,0.2954006242364504,17.94506904596844
2019-04-27 03:00:00,19.05454793293999,1.3351574058822093,17.71939052705778
2019-04-27 05:00:00,19.37926538245708,0.6967952148091244,18.682470167647956
2019-04-27 07:00:00,18.808195333635222,0.22598762504589692,18.582207708589326
2019-04-27 09:00:00,18.64165595269671,0.16637985802556782,18.47527609467114
2019-04-27 11:00:00,17.24333246199148,0.029069986378089146,17.21426247561339
2019-04-27 13:00:00,25.662634778346504,0.021257237440915414,25.641377540905587
2019-04-27 15:00:00,27.049246401663414,0.011116674565901954,27.038129727097513
2019-04-27 17:00:00,24.680322568380266,0.00468189924385086,24.675640669136413
2019-04-27 19:00:00,16.152778414045322,0.09121955039416775,16.061558863651154
2019-04-27 21:00:00,4.669236607551888,0.015339541463398151,4.653897066088489
2019-04-27 23:00:00,2.687724061443262,0.009315292530628376,2.6784087689126332
2019-04-28 01:00:00,2.16482937114885,0.10358122762666334,2.0612481435221865
2019-04-28 03:00:00,1.1784442881930954,0.11881092173689067,1.0596333664562048
2019-04-28 09:00:00,2.224734050658742,0.03335232021625896,2.1913817304424827
2019-04-28 11:00:00,1.3557386919768915,0.2758151261354479,1.0799235658414437
2019-04-28 13:00:00,1.800012326284933,0.21722322636884633,1.5827890999160867
2019-04-28 17:00:00,4.816801691185955,0.04562030949441893,4.771181381691536
2019-04-28 23:00:00,3.148908168676816,0.1618606707636862,2.98704749791313
2019-04-29 01:00:00,4.076781412624384,0.1284316633684664,3.948349749255917
2019-04-29 03:00:00,5.202493865333739,0.19225916544245134,5.010234699891288
2019-04-29 05:00:00,5.301445379363508,0.7353411193153645,4.566104260048143
2019-04-29 07:00:00,0.4595086216775114,0.156530760858798,0.3029778608187134
2019-04-29 09:00:00,2.377062388066672,0.46379807557060937,1.9132643124960627
2019-04-29 11:00:00,2.5663648279725093,0.6998631474037007,1.8665016805688084
2019-04-29 13:00:00,0.6042675768301754,0.030263047129747655,0.5740045297004277
2019-04-29 15:00:00,0.6177593522018608,0.020870870835591925,0.5968884813662689
2019-04-29 17:00:00,0.7575139280759948,0.014645289546090963,0.7428686385299038
2019-04-29 19:00:00,0.7941018399175256,0.04297198670148992,0.7511298532160356
2019-04-29 21:00:00,1.0043533786197203,0.10882333510387868,0.8955300435158415
2019-04-29 23:00:00,7.505007247564365,0.013000381318307828,7.492006866246058
2019-04-30 01:00:00,5.663216870851191,0.129498345672342,5.533718525178849
2019-04-30 03:00:00,3.6653251774221807,0.007722338483754087,3.6576028389384265
2019-04-30 07:00:00,4.282879599473546,0.0015431890608694192,4.281336410412677
2019-04-30 09:00:00,5.9836446379804435,1.1533624289141924,4.830282209066251
2019-04-30 11:00:00,3.951678238468439,0.011520832476149122,3.9401574059922897
2019-04-30 13:00:00,6.588916677052797,0.0001507873861753889,6.588765889666622
2019-04-30 15:00:00,11.602769188771957,0.0016388868073124471,11.601130301964645
2019-04-30 17:00:00,4.518243415252852,0.0034136510086128138,4.514829764244239
2019-04-30 19:00:00,3.554529438288592,0.016091537867657834,3.5384379004209343
2019-04-30 21:00:00,3.606123562700422,0.03979374767432898,3.566329815026093
2019-04-30 23:00:00,3.08253547457291,0.04851306391169051,3.0340224106612195
2019-05-01 01:00:00,2.508970892851089,0.004757979568712932,2.5042129132823763
2019-05-01 03:00:00,2.9852356307939325,0.006753777704611167,2.9784818530893213
2019-05-01 05:00:00,3.1816072347120032,0.016591087060762164,3.165016147651241
2019-05-01 07:00:00,8.274124437222424,0.2931326967009867,7.9809917405214374
2019-05-01 09:00:00,9.827633898682615,0.17469505412745584,9.652938844555159
2019-05-01 11:00:00,6.637836964596488,7.933236746884464e-05,6.637757632229019
2019-05-01 13:00:00,3.2840495465465183,0.0013923283373468785,3.2826572182091716
2019-05-01 15:00:00,3.6983740706752317,0.0022965598085676812,3.696077510866664
2019-05-01 17:00:00,3.9493979157898846,0.024923795522105652,3.924474120267779
2019-05-01 19:00:00,3.1400842359673664,0.01156990843584466,3.128514327531522
2019-05-01 21:00:00,3.6458393288534543,0.003252547363318481,3.642586781490136
2019-05-01 23:00:00,4.706782299582184,0.16521898018969375,4.54156331939249
2019-05-02 01:00:00,2.511213187947529,0.05976231090855994,2.451450877038969
2019-05-02 03:00:00,1.8459588864341114,0.06700345143747281,1.7789554349966386
2019-05-02 07:00:00,0.9032752522284525,0.003920037963093596,0.8993552142653589
2019-05-02 09:00:00,0.5118315784978144,0.0032220217206553993,0.5086095567771589
2019-05-02 11:00:00,0.8053352882705657,0.0029210995808090397,0.8024141886897567
2019-05-02 13:00:00,0.7139134430802433,0.002722479085851771,0.7111909639943915
2019-05-02 15:00:00,1.2517032432343103,0.009078863505460959,1.2426243797288492
2019-05-03 03:00:00,1.1521910029443014,0.008799833731184176,1.1433911692131173
2019-05-03 05:00:00,1.4054074824170548,0.019792625129907055,1.3856148572871478
2019-05-03 07:00:00,2.265638671630682,0.018570338037574925,2.2470683335931074
2019-05-03 09:00:00,2.8000222112588333,0.019214002773281683,2.7808082084855514
2019-05-03 11:00:00,1.7495909476618303,0.008855485834648905,1.7407354618271813
2019-05-03 21:00:00,1.2997134240638308,0.007606228863847788,1.292107195199983
2019-05-03 23:00:00,1.3760197859470615,0.011312845568105398,1.3647069403789562
2019-05-04 03:00:00,1.762247559056045,0.0130362550316881,1.7492113040243569
2019-05-04 05:00:00,1.9019307762462418,0.01201888179917534,1.8899118944470665
2019-05-04 09:00:00,1.9860112799535243,0.021039430882905354,1.964971849070619
2019-05-04 11:00:00,2.217981653616755,0.050092863218269106,2.167888790398486
2019-05-04 13:00:00,2.099772858580572,0.08147096242502727,2.018301896155545
2019-05-04 15:00:00,0.27482977493177213,0.0015515496998711937,0.27327822523190093
2019-05-04 17:00:00,0.7958315884769595,0.0014263644561269108,0.7944052240208326
2019-05-04 19:00:00,1.8337318023971305,0.06075717516541835,1.7729746272317122
2019-05-04 21:00:00,1.7705814952898444,0.06844711664247802,1.7021343786473664
2019-05-04 23:00:00,1.3551209198499334,0.04041849584468072,1.3147024240052527
2019-05-05 01:00:00,2.2219198923032177,0.07648869145902706,2.1454312008441905
2019-05-05 03:00:00,0.5927078781613165,0.00021193302538583347,0.5924959451359307
2019-05-05 05:00:00,1.5034452740291553,0.05732785517103567,1.4461174188581196
2019-05-05 07:00:00,3.0880166674443648,0.22800878117857074,2.860007886265794
2019-05-05 09:00:00,0.9520035583392593,0.07579475320085623,0.876208805138403
2019-05-05 11:00:00,0.9720587344566612,0.08209970080394449,0.8899590336527168
2019-05-05 13:00:00,0.9629802315521104,0.009986934024035917,0.9529932975280745
2019-05-05 15:00:00,1.1993307240278515,0.006942225612432132,1.1923884984154194
2019-05-05 17:00:00,1.0324888278791788,0.0662608422955235,0.9662279855836554
2019-05-05 19:00:00,1.4656118545104198,0.06782736146873794,1.3977844930416818
2019-05-05 21:00:00,2.144755802023368,0.2826632626110866,1.8620925394122816
2019-05-05 23:00:00,3.2709010287631157,0.29470809511234797,2.9761929336507675
2019-05-06 01:00:00,3.5617504245114735,0.37618003532920724,3.185570389182266
2019-05-06 03:00:00,3.8093543964582324,0.4171462839446557,3.392208112513577
2019-05-06 05:00:00,5.395240073428912,0.6878985032012654,4.707341570227647
2019-05-06 07:00:00,3.4124477679913205,0.6338970946802276,2.7785506733110927
2019-05-06 11:00:00,0.7827296134368278,0.09702515731381695,0.6857044561230108
2019-05-06 13:00:00,0.8948482289424657,0.0018699112317767939,0.8929783177106889
2019-05-06 15:00:00,2.102776029390546,0.06669255664194343,2.0360834727486026
2019-05-06 17:00:00,2.618282420682962,0.0038229777278182323,2.6144594429551438
2019-05-07 01:00:00,7.089754904704709,2.5300903889391413,4.559664515765568
2019-05-07 03:00:00,3.3524339790996573,0.42729099976404744,2.92514297933561
2019-05-07 05:00:00,3.9745850132779186,0.9786115554141104,2.9959734578638084
2019-05-07 07:00:00,3.9550566742908075,1.1107316835911858,2.8443249906996217
2019-05-07 09:00:00,2.815176183487374,1.0008167597637154,1.8143594237236584
2019-05-07 11:00:00,3.4735534541905433,0.2546469873783365,3.2189064668122067
2019-05-07 13:00:00,3.3536666160111843,0.21687770527284442,3.13678891073834
2019-05-07 15:00:00,2.5913050767504715,0.007643763567911981,2.5836613131825596
2019-05-07 17:00:00,2.750940435890316,0.016339032792962043,2.7346014030973538
2019-05-07 19:00:00,2.183411210736143,0.6848995190298118,1.4985116917063313
2019-05-07 21:00:00,2.1121974479879744,0.853034184638276,1.2591632633496983
2019-05-07 23:00:00,1.3943359884599524,0.5629327281407156,0.8314032603192367
2019-05-08 01:00:00,1.1093841155574071,0.2880855222827568,0.8212985932746503
2019-05-08 03:00:00,2.9724652809262437,0.7683659252581666,2.204099355668077
2019-05-08 05:00:00,1.0408465929382609,0.8157485874494903,0.22509800548877062
2019-05-08 07:00:00,1.2434186231260858,0.14624960272972792,1.0971690203963578
2019-05-08 09:00:00,0.9592362535566464,0.10442852736301289,0.8548077261936335
2019-05-08 11:00:00,0.9757588500118447,0.04111975374365986,0.9346390962681849
2019-05-08 13:00:00,0.733215598373699,0.0027649217850800626,0.730450676588619
2019-05-08 15:00:00,0.9634316449726859,0.0015619508774957229,0.9618696940951901
2019-05-08 19:00:00,1.1518129331759452,0.10286462161976194,1.0489483115561833
2019-05-08 21:00:00,0.7513283896741533,0.007172463223939901,0.7441559264502133
2019-05-08 23:00:00,2.223190895803561,0.03582441653447089,2.18736647926909
2019-05-09 01:00:00,1.27832368548872,0.5548450061354516,0.7234786793532685
2019-05-09 03:00:00,3.320297406419142,0.9175664384455368,2.4027309679736053
2019-05-09 05:00:00,2.208296823795317,0.16556145194910016,2.042735371846217
2019-05-09 07:00:00,0.737489371838522,0.2826670444970586,0.4548223273414634
2019-05-09 09:00:00,2.014833364117633,1.7490310339597097,0.2658023301579232
2019-05-09 11:00:00,1.7708118015493062,0.7293426524323731,1.041469149116933
2019-05-09 13:00:00,1.1351049840973542,0.0024364310988114865,1.1326685529985427
2019-05-09 15:00:00,1.608848739130282,0.028297590721488144,1.5805511484087937
2019-05-09 17:00:00,1.0550009976086707,0.022491089335185677,1.032509908273485
2019-05-09 19:00:00,1.7426000091840528,0.008308578043385011,1.7342914311406679
2019-05-09 21:00:00,1.4767367541545384,0.006239304606480041,1.4704974495480583
2019-05-09 23:00:00,2.462398949937169,0.21597612038520916,2.2464228295519595
2019-05-10 01:00:00,2.4975147566310594,0.0635735426247675,2.4339412140062917
2019-05-10 03:00:00,2.702816758211273,0.0730344730436836,2.6297822851675896
2019-05-10 05:00:00,2.70228876101168,0.05621064674181496,2.6460781142698653
2019-05-10 07:00:00,2.826635181405756,0.09083594606141,2.7357992353443463
2019-05-10 09:00:00,2.5504843167565014,0.002790067805565202,2.547694248950936
2019-05-10 11:00:00,3.2793273304411317,0.0181193081551064,3.2612080222860254
2019-05-10 13:00:00,3.315999647744392,0.018008881750276595,3.2979907659941152
2019-05-10 15:00:00,7.270475563907626,0.059537939917660834,7.210937623989965
2019-05-10 17:00:00,2.796999990051364,0.000761800933051941,2.796238189118312
2019-05-10 19:00:00,3.2918546612664565,0.9910899565691008,2.3007647046973556
2019-05-10 21:00:00,4.3716395429798025,0.2929314841138219,4.07870805886598
2019-05-10 23:00:00,7.251931591683761,1.6103697217403465,5.6415618699434145
2019-05-11 01:00:00,6.525148012189295,1.7664917295024785,4.758656282686816
2019-05-11 03:00:00,4.271950016388726,0.002063181283470118,4.269886835105257
2019-05-11 05:00:00,7.816872856284605,1.6176929228867254,6.19917993339788
2019-05-11 07:00:00,7.646272745489931,1.5898886080987555,6.056384137391175
2019-05-11 09:00:00,5.999803719838159,0.055825764548980084,5.943977955289179
2019-05-11 11:00:00,9.0619952952029,0.4011265169429614,8.660868778259939
2019-05-11 13:00:00,6.847868217842398,0.11320825699857923,6.734659960843819
2019-05-11 15:00:00,8.217760402809315,0.10113520236739246,8.116625200441922
2019-05-11 17:00:00,7.881249549867827,0.07484938212766604,7.806400167740161
2019-05-11 19:00:00,7.8895599485232895,0.07442459987913,7.8151353486441595
2019-05-11 21:00:00,7.9837038318259,0.008703733755292601,7.975000098070607
2019-05-11 23:00:00,6.594156166608912,0.007278339388632985,6.586877827220279
2019-05-12 01:00:00,5.026902349689948,0.028939071105648813,4.997963278584299
2019-05-12 03:00:00,4.847649595579538,0.07586867311153958,4.771780922467999
2019-05-12 05:00:00,3.358996436329106,0.04143633520738875,3.3175601011217175
2019-05-12 07:00:00,4.305004525887188,0.010216312852376647,4.294788213034812
2019-05-12 09:00:00,4.606422602460724,0.0512485464951612,4.555174055965563
2019-05-12 11:00:00,5.578736862682942,0.04731970503390281,5.531417157649039
2019-05-12 13:00:00,8.173286756297736,0.030644319342897335,8.142642436954839
2019-05-12 15:00:00,6.279221912775107,0.015999375998714226,6.263222536776393
2019-05-12 17:00:00,4.797725812531579,0.15756021916577861,4.6401655933658
2019-05-12 21:00:00,3.4566855520197572,0.1129733774606753,3.343712174559082
2019-05-12 23:00:00,1.3887429732207042,0.1823182893958145,1.2064246838248898
2019-05-13 05:00:00,0.975474973888117,0.12868779187024337,0.8467871820178736
2019-05-13 07:00:00,4.355695336083676,0.11023823508751297,4.2454571009961635
2019-05-13 09:00:00,2.2119834758915378,0.11855344437715387,2.093430031514384
2019-05-13 13:00:00,0.818643963966758,0.0038909127982651587,0.8147530511684928
2019-05-13 15:00:00,0.7002772271646668,0.008679159283019343,0.6915980678816475
2019-05-13 17:00:00,1.1583607434963001,0.007340491445601177,1.151020252050699
2019-05-13 19:00:00,0.11518389660271594,0.03287452150363134,0.08230937509908459
2019-05-13 21:00:00,1.1581198031963633,0.04133556417480217,1.1167842390215612
2019-05-13 23:00:00,2.5124217823275936,0.06963558553543046,2.4427861967921634
2019-05-14 01:00:00,4.244848492375976,0.0992197552690602,4.145628737106915
2019-05-14 03:00:00,3.317743879403424,0.2826066364168155,3.0351372429866084
2019-05-14 05:00:00,1.8210371110087682,0.23035301430090066,1.5906840967078675
2019-05-14 07:00:00,0.8354918158124185,0.28239323210778544,0.553098583704633
2019-05-14 13:00:00,1.072261898971624,0.015489809108563313,1.0567720898630606
2019-05-14 15:00:00,1.0022128437854974,0.016281936450654347,0.985930907334843
2019-05-14 17:00:00,2.044688605888977,0.058949482705772924,1.985739123183204
2019-05-14 19:00:00,1.6888289006826154,0.04565596401436514,1.6431729366682502
2019-05-14 21:00:00,2.8008246617502808,0.11703811239655357,2.6837865493537274
2019-05-14 23:00:00,2.6449105977644995,0.13923197030121393,2.5056786274632854
2019-05-15 03:00:00,0.9699860478913509,0.20105606245932658,0.7689299854320243
2019-05-15 05:00:00,1.1038058216282733,0.22449219731143827,0.8793136243168351
2019-05-15 07:00:00,3.0244095143868543,0.39764698237694146,2.626762532009913
2019-05-15 09:00:00,2.7971467272782444,0.38932506401333733,2.407821663264907
2019-05-15 11:00:00,1.9418892831510257,0.6377271197209342,1.3041621634300915
2019-05-15 13:00:00,1.900372315720928,0.0014712970563644364,1.8989010186645636
2019-05-15 15:00:00,2.0276474484238958,0.005248531660160661,2.022398916763735
2019-05-15 17:00:00,2.471315424567533,0.0019813191926833468,2.4693341053748497
2019-05-15 19:00:00,3.646900665767745,0.010415265895206713,3.636485399872538
2019-05-15 21:00:00,3.836793504198975,0.024010173493960108,3.812783330705015
2019-05-15 23:00:00,3.8872598544539536,0.014083463710470843,3.873176390743483
2019-05-16 01:00:00,4.306441564649303,0.07382799305882023,4.232613571590482
2019-05-16 11:00:00,3.320989828990557,0.12281658671737344,3.1981732422731834
2019-05-16 13:00:00,3.9382039734160683,0.19577021427085306,3.7424337591452153
2019-05-16 15:00:00,2.764786840807361,0.0011431055756261196,2.763643735231735
2019-05-16 17:00:00,1.880099339961218,0.02493881168872668,1.8551605282724914
2019-05-16 19:00:00,3.30206124305142,0.3382873100962817,2.9637739329551382
2019-05-16 23:00:00,4.57190495511226,0.24074236516632763,4.331162589945933
2019-05-17 01:00:00,5.14427851731219,0.42427813854194535,4.720000378770245
2019-05-17 03:00:00,3.614289885027791,0.5542456566052614,3.0600442284225298
2019-05-17 05:00:00,2.280535080390936,0.04075287676233565,2.2397822036286006
2019-05-17 07:00:00,2.532897003458322,0.03198823976564736,2.5009087636926743
2019-05-17 09:00:00,1.9155684914547562,0.014926402608830904,1.9006420888459252
2019-05-17 11:00:00,2.0901214230756104,0.002960229605471285,2.087161193470139
2019-05-17 13:00:00,2.052707893778487,0.1699169113781981,1.8827909824002889
2019-05-17 15:00:00,1.8372442043562605,0.06810048890478944,1.769143715451471
2019-05-17 17:00:00,0.748335463613924,0.10910412338857822,0.6392313402253458
2019-05-17 19:00:00,3.2584790783271362,0.12941524276655847,3.129063835560578
2019-05-17 21:00:00,4.775615983409176,0.4392383201839064,4.336377663225269
2019-05-17 23:00:00,1.9963081784645649,1.1212220182665158,0.8750861601980491
2019-05-18 01:00:00,3.778232519859846,1.039890664596945,2.738341855262901
2019-05-18 03:00:00,3.0353430199861853,0.7671249950669486,2.2682180249192365
2019-05-18 05:00:00,4.676872983173954,1.2005529418904135,3.476320041283541
2019-05-18 07:00:00,3.830998677793063,1.9554645383983422,1.875534139394721
2019-05-18 09:00:00,2.783695200459407,2.464040475218416,0.31965472524099137
2019-05-18 11:00:00,2.3188802899933427,9.505434915230442e-07,2.3188793394498513
2019-05-18 15:00:00,4.206677235213584,0.22616217094004148,3.9805150642735425
2019-05-18 17:00:00,2.151571152804758,0.006074271667357149,2.145496881137401
2019-05-18 19:00:00,5.065482834601586,0.0024688395794719986,5.063013995022114
2019-05-18 21:00:00,3.839467118929975,0.014313089376789902,3.825154029553185
2019-05-19 01:00:00,5.069623862719926,0.07868614726217865,4.990937715457747
2019-05-19 05:00:00,11.592105618008286,0.5297157848218642,11.062389833186423
2019-05-19 09:00:00,6.68128474141598,0.20616698797765376,6.475117753438326
2019-05-19 11:00:00,4.859372945406227,0.07394152322835083,4.785431422177876
2019-05-19 13:00:00,4.902169969534003,0.058567134634100744,4.843602834899903
2019-05-19 15:00:00,5.102888049622014,0.13365114245328386,4.96923690716873
2019-05-19 17:00:00,6.169894547021128,0.16036052524853964,6.0095340217725886
2019-05-19 19:00:00,6.3836619940365775,0.03336031880813146,6.3503016752284465
2019-05-19 21:00:00,4.983535171250273,0.1244192427228039,4.859115928527469
2019-05-19 23:00:00,5.823532906608101,0.006439988973839369,5.817092917634262
2019-05-20 01:00:00,5.1430475778941664,0.10535940263243822,5.037688175261728
2019-05-20 03:00:00,8.913451002159642,0.0006506701070091414,8.912800332052633
2019-05-20 05:00:00,9.796419276385173,1.9136656219844625e-05,9.796400139728952
2019-05-20 07:00:00,10.558336329030585,7.118077579708073e-05,10.558265148254788
2019-05-20 09:00:00,12.269298298687406,0.09334779901938224,12.175950499668025
2019-05-20 11:00:00,11.275347539878203,0.06094357813917369,11.214403961739029
2019-05-20 13:00:00,15.542278898153588,0.0012533283068264815,15.541025569846761
2019-05-20 15:00:00,9.295939215713014,0.20829520725554693,9.087644008457467
2019-05-20 17:00:00,10.697469302266569,0.13350937507683072,10.563959927189739
2019-05-20 19:00:00,8.352230740355257,0.8858320938920017,7.466398646463254
2019-05-20 21:00:00,9.101194537473933,0.0698480931003169,9.031346444373616
2019-05-20 23:00:00,8.457892002369608,0.14205049030581687,8.315841512063791
2019-05-21 09:00:00,14.843882586324183,0.016908491604822537,14.826974094719361
2019-05-21 11:00:00,11.354188631006528,0.3949966863229639,10.959191944683564
2019-05-21 13:00:00,10.060267325225812,0.08547869234823609,9.974788632877576
2019-05-21 15:00:00,8.375693985374992,0.02133117188250171,8.354362813492491
2019-05-21 17:00:00,12.221754203504597,0.008814610074978347,12.212939593429619
2019-05-21 19:00:00,8.500987390077933,0.009236982360289036,8.491750407717644
2019-05-21 21:00:00,14.843358681588667,0.0022193925264596733,14.841139289062207
2019-05-21 23:00:00,15.812795464224843,8.780671575416292e-05,15.812707657509089
2019-05-22 01:00:00,23.957811068532973,0.11063850018393671,23.847172568349038
2019-05-22 03:00:00,24.126845233505804,0.34979468506242184,23.777050548443384
2019-05-22 05:00:00,18.79575763409003,0.6208277787026919,18.17492985538734
2019-05-22 07:00:00,25.716039723132326,0.08231903883694791,25.63372068429538
2019-05-22 09:00:00,17.842862437742422,0.134074845611484,17.70878759213094
2019-05-22 11:00:00,18.745855035486123,0.05106839448491854,18.694786641001205
2019-05-22 13:00:00,17.76845917324842,0.0003659041713639884,17.768093269077056
2019-05-22 15:00:00,16.55085702400132,0.00018942916484059838,16.55066759483648
2019-05-22 17:00:00,14.611599981002037,0.38078550133710326,14.230814479664934
2019-05-22 19:00:00,33.7391253632113,0.09643600107836463,33.642689362132934
2019-05-22 21:00:00,16.522883852256776,0.035899106604201515,16.486984745652574
2019-05-22 23:00:00,9.99923426505756,0.025157054397635624,9.974077210659924
2019-05-23 01:00:00,5.595982132241242,3.533896078846678e-05,5.595946793280453
2019-05-23 03:00:00,5.379877086692629,0.0001222897072364285,5.3797547969853925
2019-05-23 05:00:00,7.091914272517132,0.0034004379666650996,7.088513834550467
2019-05-23 07:00:00,13.060274432573443,0.4495816423749685,12.610692790198476
2019-05-23 09:00:00,8.379190835211308,0.0029855982271536382,8.376205236984154
2019-05-23 11:00:00,8.233085298529545,0.02361806613231569,8.209467232397229
2019-05-23 13:00:00,12.238898292831191,0.015797290004840026,12.22310100282635
2019-05-23 15:00:00,6.890321684939439,0.05683977262861561,6.833481912310823
2019-05-23 17:00:00,6.26781950856338,0.13555388316413783,6.132265625399242
2019-05-23 19:00:00,4.4745294040417125,0.09399257799001698,4.380536826051696
2019-05-23 21:00:00,12.030106018504007,0.09583958935195179,11.934266429152055
2019-05-23 23:00:00,2.0711882078506294,0.546445508267755,1.5247426995828746
2019-05-24 01:00:00,1.7410560394841448,0.550394014701186,1.190662024782959
2019-05-24 03:00:00,3.111982084300287,0.03672366807654576,3.075258416223741
2019-05-24 07:00:00,1.4308316342547274,0.9290055620751894,0.5018260721795379
2019-05-24 11:00:00,2.221057313450024,0.02504127856297488,2.1960160348870494
2019-05-24 13:00:00,3.164979224583482,2.1261925400145345,1.0387866845689473
2019-05-24 15:00:00,2.923859355730228,0.004436693304070205,2.919422662426158
2019-05-24 17:00:00,2.0040282694678093,0.020746510175450407,1.9832817592923588
2019-05-24 19:00:00,2.205140759518792,0.09875223931457161,2.1063885202042205
2019-05-24 21:00:00,6.0588483586075,0.5915043141297897,5.467344044477711
2019-05-24 23:00:00,3.0085076657750935,0.415300473868625,2.5932071919064685
2019-05-25 01:00:00,6.743852663650646,0.5173750814406988,6.226477582209947
2019-05-25 03:00:00,2.588212875666618,1.9410886149724342,0.6471242606941834
2019-05-25 05:00:00,3.9362275209429622,1.4753142826172263,2.460913238325736
2019-05-25 07:00:00,2.8946824447939616,1.6858445528569688,1.2088378919369929
2019-05-25 09:00:00,2.449168652221947,1.2795555220020542,1.1696131302198924
2019-05-25 11:00:00,6.836356421541682,1.3320268113656424,5.50432961017604
2019-05-25 13:00:00,4.6711959263463845,0.0044217809783908485,4.666774145367993
2019-05-25 15:00:00,1.4852620222743338,0.009401984616635257,1.4758600376576985
2019-05-25 17:00:00,7.645524507600046,2.049104940451329,5.596419567148717
2019-05-25 19:00:00,4.1489883396674045,0.0025118000238994603,4.146476539643505
2019-05-25 21:00:00,3.1707917765020874,1.1714290471640931,1.9993627293379943
2019-05-25 23:00:00,2.3526454652019773,0.9137758751742227,1.4388695900277546
2019-05-26 01:00:00,4.738476328166584,0.48421824528646984,4.254258082880114
2019-05-26 05:00:00,3.7153282401756753,0.45096474290876326,3.264363497266912
2019-05-26 07:00:00,3.5104899949482995,0.28328820524729925,3.227201789701
2019-05-26 09:00:00,2.5530840337026475,0.08876326436373046,2.464320769338917
2019-05-26 11:00:00,2.9849678855849566,0.10867878598870911,2.8762890995962476
2019-05-26 13:00:00,3.136990999450447,0.004293092859886682,3.1326979065905602
2019-05-26 15:00:00,2.4078114447195347,0.010785666466716413,2.3970257782528184
2019-05-26 17:00:00,3.3875757806727695,0.13650646566126184,3.2510693150115078
2019-05-26 19:00:00,2.2016643836246312,0.010731606490671609,2.1909327771339595
2019-05-26 21:00:00,1.095224392394338,0.010539286254421281,1.0846851061399168
2019-05-26 23:00:00,0.862639522862086,0.0818567986470466,0.7807827242150394
2019-05-27 05:00:00,3.762898533410203,0.2370810675195156,3.5258174658906873
2019-05-27 09:00:00,5.17120388276716,0.21316594010557377,4.958037942661586
2019-05-27 11:00:00,1.8980521861384658,0.00796800442482993,1.8900841817136358
2019-05-27 15:00:00,1.4391897422993247,0.026512231383761884,1.412677510915563
2019-05-27 17:00:00,1.454504395603805,0.10434751417405934,1.3501568814297458
2019-05-27 19:00:00,3.4557844808177043,0.20445987036438046,3.2513246104533238
2019-05-27 21:00:00,1.6722441623804394,0.01661353808797379,1.6556306242924657
2019-05-28 01:00:00,8.302351609406749,0.5167436366303458,7.785607972776403
2019-05-28 03:00:00,5.357380749387557,3.0622246636042845,2.2951560857832733
2019-05-28 05:00:00,6.120160587648358,0.007939588114667703,6.11222099953369
2019-05-28 09:00:00,3.88666102286262,0.0035976676093015794,3.8830633552533182
2019-05-28 11:00:00,1.9173844813189065,0.0009553887456889627,1.9164290925732175
2019-05-28 13:00:00,2.6179938054600607,0.012129077752651554,2.605864727707409
2019-05-28 15:00:00,3.1620950806062806,0.010945776208981715,3.151149304397299
2019-05-28 17:00:00,2.684827901504104,0.0012421592347493528,2.6835857422693548
2019-05-28 19:00:00,3.6169486793212253,0.002061422146217331,3.614887257175008
2019-05-28 21:00:00,3.076624528927272,0.0018135882497869172,3.074810940677485
2019-05-28 23:00:00,3.890276481366675,0.0390624681021053,3.8512140132645696
2019-05-29 03:00:00,10.599472101999222,0.2037327808891979,10.395739321110025
2019-05-29 05:00:00,5.4830557999508125,1.8200888637291066,3.662966936221706
2019-05-29 07:00:00,3.079091497826991,0.002467606891311451,3.0766238909356796
2019-05-29 09:00:00,2.748412314031646,0.0033096078937498693,2.7451027061378963
2019-05-29 11:00:00,3.994402946237365,0.8306843808369453,3.1637185654004196
2019-05-29 13:00:00,3.0949528481670523,0.02146841997916503,3.0734844281878875
2019-05-29 15:00:00,2.021175556673771,0.018673951901668345,2.0025016047721027
2019-05-29 19:00:00,0.5785955958593817,0.08799668619567648,0.49059890966370523
2019-05-29 21:00:00,0.7587378064186487,0.03872738138898702,0.7200104250296617
2019-05-29 23:00:00,0.1802842614593312,0.07342387762780561,0.1068603838315256
2019-05-30 01:00:00,0.4817688542513926,0.44593054918054204,0.035838305070850576
2019-05-30 05:00:00,0.7977367656355979,0.5686272723350351,0.22910949330056285
2019-05-30 07:00:00,0.7244582978195334,0.07471727785880967,0.6497410199607238
2019-05-30 09:00:00,1.8951052242994815,0.5319373614668941,1.3631678628325874
2019-05-30 13:00:00,0.7544315157931485,0.016544587886901267,0.7378869279062472
2019-05-30 15:00:00,0.8268200092219199,0.027185556941210682,0.7996344522807092
2019-05-30 17:00:00,0.794080266224902,0.015520900468856973,0.778559365756045
2019-05-30 19:00:00,2.8235593269026436,0.3070434418429973,2.516515885059646
2019-05-30 21:00:00,2.1797751566254773,1.884514736532414,0.2952604200930632
2019-05-30 23:00:00,1.3325122022494675,0.368504807354171,0.9640073948952965
2019-05-31 01:00:00,1.6107173282691019,0.3049720507791708,1.305745277489931
2019-05-31 03:00:00,1.4439195471753634,0.8297369683717308,0.6141825788036326
2019-05-31 07:00:00,1.5108144999329285,0.42977199889596096,1.0810425010369675
2019-05-31 15:00:00,0.43618473844379546,0.0774782326693989,0.35870650577439656
2019-05-31 17:00:00,0.844772181975425,0.14968351361212695,0.6950886683632981
2019-05-31 21:00:00,0.8681016035345112,0.21241244376933577,0.6556891597651754
2019-05-31 23:00:00,0.7520106792987893,0.38517207588743946,0.3668386034113498
2019-06-01 01:00:00,0.7744522401015405,0.23999795225503748,0.534454287846503
2019-06-01 03:00:00,0.7797327005090331,0.3840083500046018,0.3957243505044313
2019-06-01 07:00:00,0.7416128444887741,0.4693339239083483,0.27227892058042574
2019-06-01 09:00:00,0.8656661496150382,0.2741621803805566,0.5915039692344816
2019-06-01 11:00:00,0.7064540882461965,0.034090086911586236,0.6723640013346103
2019-06-01 13:00:00,1.7284842294998324,0.4645302824154246,1.263953947084408
2019-06-01 15:00:00,2.9077744010785462,0.07609899144128154,2.8316754096372647
2019-06-01 17:00:00,1.0012756165351906,0.0037377519360982958,0.9975378645990922
2019-06-01 19:00:00,1.965275541746416,0.8285307548738117,1.1367447868726044
2019-06-01 21:00:00,1.0069812801707474,0.0274747569820256,0.9795065231887219
2019-06-01 23:00:00,2.4319562925940454,0.9748884444563799,1.4570678481376658
2019-06-02 01:00:00,2.231535420749189,0.6892359545198975,1.5422994662292913
2019-06-02 03:00:00,2.2304011106860333,3.804940657683521e-05,2.2303630612794563
2019-06-02 05:00:00,1.8413062654805503,0.20424316714583968,1.6370630983347105
2019-06-02 07:00:00,2.4988886605644276,0.003934127100892494,2.494954533463535
2019-06-02 09:00:00,3.58153115339168,0.914565633329426,2.666965520062254
2019-06-02 11:00:00,3.0671972319932,1.4889811836011027,1.5782160483920973
2019-06-02 13:00:00,2.560844934733394,1.2484752292329837,1.3123697055004104
2019-06-02 15:00:00,2.3058580065820524,0.37078419323979034,1.9350738133422623
2019-06-02 17:00:00,3.342814899665468,0.31941043832665017,3.023404461338818
2019-06-02 19:00:00,2.5291649775868144,0.11950755044887529,2.409657427137939
2019-06-02 21:00:00,2.9016913465340366,0.6103648483631705,2.291326498170866
2019-06-03 01:00:00,2.5048047185714735,0.9042753385823455,1.600529379989128
2019-06-03 03:00:00,1.5026223829438297,0.8764231676631073,0.6261992152807222
2019-06-03 05:00:00,1.2714011229509992,0.8203920785381226,0.45100904441287665
2019-06-03 07:00:00,0.6486059521531504,0.5099502677437626,0.13865568440938777
2019-06-03 09:00:00,1.483265313389557,0.4754894480414726,1.0077758653480844
2019-06-03 11:00:00,2.4582008532519617,0.5569447032382187,1.901256150013743
2019-06-03 13:00:00,1.1101433188403507,0.03045503716552676,1.079688281674824
2019-06-03 15:00:00,2.502896933842533,0.040000449248589635,2.4628964845939434
2019-06-03 17:00:00,5.187121323279901,0.4480009052954796,4.739120417984421
2019-06-03 19:00:00,1.9386366275920053,0.03458485606830289,1.9040517715237024
2019-06-03 21:00:00,2.464099216277173,0.038593307201762336,2.4255059090754107
2019-06-03 23:00:00,1.9974742057936465,0.8691633019037411,1.1283109038899055
2019-06-04 01:00:00,3.5861343687972864,0.9014701766672186,2.684664192130068
2019-06-04 03:00:00,2.0149156424364096,1.0349181975829298,0.9799974448534797
2019-06-04 05:00:00,8.381637113042668,1.1323691455327836,7.249267967509885
2019-06-04 07:00:00,5.982139289402008,0.4463095351946478,5.53582975420736
2019-06-04 09:00:00,6.085535204274243,0.007007651983721412,6.078527552290522
2019-06-04 11:00:00,10.453439121163838,0.009685174127543402,10.443753947036294
2019-06-04 13:00:00,9.468290256660751,0.005715778380932492,9.46257447827982
2019-06-04 15:00:00,5.058171823212631,0.015500192338242864,5.042671630874389
2019-06-04 17:00:00,3.856388146572944,0.07032442703188575,3.7860637195410582
2019-06-04 19:00:00,2.2569466937601415,0.05940322089834234,2.197543472861799
2019-06-04 21:00:00,2.823905275526707,0.028663991050717697,2.7952412844759893
2019-06-04 23:00:00,2.6890563067793,0.07040666989365515,2.618649636885645
2019-06-05 01:00:00,3.2799727746092078,0.0655990521395857,3.214373722469622
2019-06-05 03:00:00,4.802998208422515,0.04988035018632054,4.753117858236195
2019-06-05 05:00:00,6.230512004491316,0.061453330047908414,6.1690586744434075
2019-06-05 07:00:00,4.617267823449969,0.16792775641455618,4.449340067035412
2019-06-05 09:00:00,1.8240713096194217,0.382658049743563,1.4414132598758587
2019-06-05 11:00:00,1.8109851216874306,0.44942917967272494,1.3615559420147056
2019-06-05 13:00:00,2.6308095700675063,0.1199312014674347,2.5108783686000717
2019-06-05 15:00:00,4.932259923969424,0.15059622476936163,4.781663699200062
2019-06-05 17:00:00,7.89508548541891,0.06499322345875541,7.8300922619601545
2019-06-05 19:00:00,11.713348933472624,0.05785477383435462,11.65549415963827
2019-06-05 21:00:00,10.37481947887273,0.15910559738251556,10.215713881490215
2019-06-05 23:00:00,11.659538391896364,0.1431914789900684,11.516346912906295
2019-06-06 01:00:00,13.04394859892714,0.548402889719663,12.495545709207477
2019-06-06 03:00:00,14.715254393667486,1.0100565882443582,13.705197805423127
2019-06-06 05:00:00,15.299957682185351,1.3237885086578531,13.976169173527499
2019-06-06 07:00:00,16.101870336403778,0.19653877882810106,15.905331557575677
2019-06-06 09:00:00,12.18543922881087,0.3304822207211819,11.854957008089688
2019-06-06 11:00:00,18.20132544049887,0.15016205664576887,18.0511633838531
2019-06-06 13:00:00,15.35307601224365,0.00402198427138846,15.349054027972262
2019-06-06 15:00:00,13.99313758419216,6.162196743407661e-05,13.993075962224726
2019-06-06 17:00:00,15.236180184878007,2.2523806070816107e-05,15.236157661071937
2019-06-06 19:00:00,18.690519532788546,0.040089363628456456,18.65043016916009
2019-06-06 21:00:00,12.286772758201279,0.45944891500779234,11.827323843193486
2019-06-06 23:00:00,10.486043517853098,1.6101552080006627,8.875888309852435
2019-06-07 05:00:00,20.101415729888824,0.0036163454869936845,20.09779938440183
2019-06-07 07:00:00,18.471228829041507,0.3078074241759186,18.163421404865588
2019-06-07 09:00:00,13.34647024796039,0.8233725268531613,12.523097721107229
2019-06-07 11:00:00,18.127504978697267,4.075530553875792e-05,18.12746422339173
2019-06-07 13:00:00,15.486957439500017,0.09095667206959639,15.39600076743042
2019-06-07 15:00:00,10.076773925674255,0.1949327438813901,9.881841181792865
2019-06-07 17:00:00,11.322055140189176,6.94449625592452e-05,11.321985695226617
2019-06-07 19:00:00,11.043356779507844,0.00021647647185750574,11.043140303035987
2019-06-07 21:00:00,9.743323273050022,0.015059855069233474,9.728263417980788
2019-06-07 23:00:00,11.303904789649783,0.46084195467203554,10.843062834977747
2019-06-08 01:00:00,13.526338623866918,0.2356769192834061,13.290661704583512
2019-06-08 03:00:00,14.488068435165198,0.3764531848634418,14.111615250301757
2019-06-08 05:00:00,12.156323821200743,0.27430773086791127,11.882016090332833
2019-06-08 07:00:00,12.80120891213155,0.4023150445898879,12.398893867541663
2019-06-08 09:00:00,12.895149513748622,0.23702046700682441,12.658129046741799
2019-06-08 11:00:00,11.181033500110384,0.006071096143475514,11.174962403966909
2019-06-08 13:00:00,11.419001719611002,0.06823298690724008,11.350768732703761
2019-06-08 15:00:00,12.329132963045723,0.00572981223872048,12.323403150807001
2019-06-08 17:00:00,14.375802550147593,0.01398868000372104,14.361813870143873
2019-06-08 19:00:00,7.910208977424192,0.31884363717560943,7.591365340248583
2019-06-08 21:00:00,17.041170150241232,0.019634835007219513,17.02153531523401
2019-06-08 23:00:00,17.583788618303487,0.224370595188224,17.359418023115264
2019-06-09 01:00:00,19.28479109985714,0.8926317424457055,18.392159357411437
2019-06-09 03:00:00,21.38538160604499,0.5975466639051185,20.787834942139874
2019-06-09 05:00:00,29.11127787398246,0.044498833129932976,29.066779040852527
2019-06-09 07:00:00,22.630915478411417,0.22835562076382745,22.40255985764759
2019-06-09 09:00:00,15.266793393027223,0.2832941335940624,14.983499259433161
2019-06-09 11:00:00,6.400134251142054,0.588093965460122,5.812040285681932
2019-06-09 13:00:00,3.3854560014385657,0.34071083477365943,3.044745166664906
2019-06-09 15:00:00,2.870228478331713,0.012420958953100693,2.8578075193786123
2019-06-09 17:00:00,1.9070726811138994,0.04061777973480162,1.8664549013790979
2019-06-09 19:00:00,5.776253864564488,1.3306636955091344,4.445590169055354
2019-06-09 21:00:00,3.20594853457341,0.005370095465355282,3.2005784391080545
2019-06-09 23:00:00,3.822723639569764,0.9553421164246596,2.8673815231451045
2019-06-10 01:00:00,3.7812585364448608,0.0004356189506380445,3.7808229174942225
2019-06-10 03:00:00,3.550448001753048,0.01576983385375401,3.534678167899294
2019-06-10 05:00:00,2.7542921502293676,0.009997820606165796,2.7442943296232016
2019-06-10 07:00:00,3.4112425472318666,0.10238409857762092,3.3088584486542456
2019-06-10 09:00:00,3.690119690137581,0.0382726091143628,3.6518470810232184
2019-06-10 11:00:00,4.055321524377523,0.005244829495625564,4.050076694881898
2019-06-10 13:00:00,5.172834037991549,0.0014739512479685637,5.171360086743581
2019-06-10 15:00:00,2.812860040773339,0.02426204265384696,2.788597998119492
2019-06-10 17:00:00,3.356571192833479,0.01380513608976015,3.342766056743719
2019-06-10 19:00:00,3.6666121509406358,0.006701751085373177,3.6599103998552627
2019-06-10 21:00:00,3.0788787414415517,0.010995226978609171,3.0678835144629426
2019-06-10 23:00:00,3.51504273243667,0.019343107163796627,3.4956996252728736
2019-06-11 01:00:00,3.7532779528380327,0.023110201830102116,3.7301677510079307
2019-06-11 03:00:00,5.244872936429779,0.04884914659098829,5.196023789838791
2019-06-11 05:00:00,6.591363598871112,0.15416384820605072,6.437199750665061
2019-06-11 07:00:00,4.4037506960750274,0.17797568859057147,4.225775007484456
2019-06-11 09:00:00,2.780831491091691,0.403370113139724,2.377461377951967
2019-06-11 11:00:00,2.9515459089047424,0.5204111856672599,2.4311347232374825
2019-06-11 13:00:00,2.073089306973908,0.002027003784074016,2.071062303189834
2019-06-11 15:00:00,2.5198960396256815,0.08456621016896,2.4353298294567214
2019-06-11 17:00:00,3.1807850176715524,0.3272827521122144,2.853502265559338
2019-06-11 23:00:00,2.3833328130333826,0.37836136233557766,2.004971450697805
2019-06-12 01:00:00,2.7623827665804237,0.42479108967085255,2.3375916769095713
2019-06-12 05:00:00,3.6074759316962646,0.6116395067857275,2.995836424910537
2019-06-12 07:00:00,1.3734165192880219,1.082192522028411,0.2912239972596109
2019-06-12 11:00:00,1.809759012721694,0.0042986417938782025,1.8054603709278159
2019-06-12 13:00:00,2.002454725344838,0.014082228029109443,1.9883724973157288
2019-06-12 17:00:00,2.534123249307339,0.017917846090479993,2.516205403216859
2019-06-12 19:00:00,2.5426037107064805,0.005864950085812428,2.536738760620668
2019-06-12 21:00:00,2.9735790268816418,1.0497939837045418,1.9237850431770998
2019-06-12 23:00:00,2.433372938720554,0.01640876560521364,2.4169641731153404
2019-06-13 09:00:00,1.1197976904349431,0.5285336641177767,0.5912640263171665
2019-06-13 11:00:00,1.117239466101576,0.7250137806376175,0.39222568546395864
2019-06-13 13:00:00,2.9691469632674936,1.2887156123732804,1.6804313508942135
2019-06-13 15:00:00,2.391918603877739,1.4410521463280264,0.9508664575497124
2019-06-13 17:00:00,6.2641134252912805,0.5124389317240503,5.75167449356723
2019-06-13 19:00:00,2.3652160046854136,0.3258546681546495,2.039361336530764
2019-06-13 21:00:00,3.6343185787891397,1.6575686833423233,1.9767498954468161
2019-06-13 23:00:00,5.3287106289932495,0.12327860380859737,5.205432025184652
2019-06-14 01:00:00,3.963699159950177,0.2961279531213381,3.667571206828839
2019-06-14 03:00:00,4.822263358839723,2.0678781383305473,2.7543852205091754
2019-06-14 05:00:00,5.345025443154626,0.8599852005647785,4.4850402425898475
2019-06-14 07:00:00,4.626260394910885,2.271414884122918,2.354845510787967
2019-06-14 09:00:00,8.119549851061073,0.8105417120679369,7.309008138993136
2019-06-14 11:00:00,3.229136997132379,0.021047872270317687,3.2080891248620613
2019-06-14 13:00:00,3.4239722055346564,0.0341611138638151,3.3898110916708415
2019-06-14 15:00:00,3.759766419743109,0.0034305520917414624,3.7563358676513676
2019-06-14 17:00:00,3.9803635882457455,0.023637403184110107,3.9567261850616355
2019-06-14 19:00:00,5.984349011323893,0.0017477510860742689,5.982601260237819
2019-06-14 21:00:00,8.122152831317992,0.09964591608114864,8.022506915236843
2019-06-14 23:00:00,6.025414055678715,1.3368903087005357,4.688523746978179
2019-06-15 01:00:00,6.146989001001171,1.248028971802645,4.898960029198526
2019-06-15 03:00:00,5.528127161992043,0.0002336215052617476,5.527893540486781
2019-06-15 05:00:00,4.6571599939934645,1.3709387297790672,3.2862212642143973
2019-06-15 07:00:00,4.447526598066759,2.0020357614728854,2.4454908365938732
2019-06-15 09:00:00,4.554155912568032,4.464722433661603e-05,4.554111265343696
2019-06-15 11:00:00,4.56114033219093,2.6684240744339896e-05,4.561113647950186
2019-06-15 13:00:00,4.94880099642777,2.2300440773071833e-05,4.948778695986997
2019-06-15 15:00:00,7.214433413136899,0.3339061706463511,6.8805272424905475
2019-06-15 17:00:00,5.918530610602249,3.8967567261656696e-05,5.918491643034987
2019-06-15 19:00:00,6.0357064831078056,0.0001991024188092941,6.035507380688996
2019-06-15 23:00:00,7.0530266236836825,0.0008702450688268281,7.052156378614856
2019-06-16 01:00:00,8.9120504357877,2.945670872922267e-05,8.91202097907897
2019-06-16 03:00:00,10.678909725552069,0.0008696998734867053,10.678040025678582
2019-06-16 05:00:00,11.494707845621118,0.005072489162214508,11.489635356458903
2019-06-16 07:00:00,12.181230328834479,0.010526201474169827,12.17070412736031
2019-06-16 09:00:00,11.082273560646797,4.540429608954481e-05,11.082228156350707
2019-06-16 11:00:00,7.107525602655361,0.0015066947476501285,7.1060189079077105
2019-06-16 15:00:00,6.168350275013899,0.14355575328840528,6.024794521725494
2019-06-16 17:00:00,5.865503257734071,0.16449025328127412,5.701013004452797
2019-06-16 19:00:00,6.424250849219803,0.09437850292982282,6.32987234628998
2019-06-16 23:00:00,8.532058744545521,0.0393194730308682,8.492739271514653
2019-06-17 03:00:00,8.396297257871037,0.0504382736204179,8.345858984250619
2019-06-17 05:00:00,8.305166890957377,0.04952191547152364,8.255644975485854
2019-06-17 07:00:00,10.806046457555746,0.005869379471763379,10.800177078083983
2019-06-17 09:00:00,11.320037253279533,0.000527794642264613,11.319509458637269
2019-06-17 11:00:00,8.250503194734774,0.020014398719999795,8.230488796014775
2019-06-17 13:00:00,12.818115137577095,0.0960902628566694,12.722024874720425
2019-06-17 15:00:00,6.819020082845246,0.11670490154975954,6.702315181295487
2019-06-17 17:00:00,9.51625060535131,0.05844974475790893,9.457800860593402
2019-06-17 19:00:00,3.4924974723724738,0.046125199695930555,3.4463722726765433
2019-06-17 21:00:00,2.8269559889449583,0.011447774430463126,2.815508214514495
2019-06-17 23:00:00,3.369629270016992,0.01257510054089594,3.357054169476096
2019-06-18 01:00:00,1.8119728270414501,0.06966643734184645,1.7423063896996036
2019-06-18 03:00:00,3.24237848444893,0.10512680569099755,3.137251678757932
2019-06-18 07:00:00,7.786683377324958,0.25718004790296434,7.529503329421994
2019-06-18 09:00:00,4.85794484572843,0.517234906038959,4.3407099396894715
2019-06-18 11:00:00,2.8282423362650224,0.019845427251963636,2.8083969090130587
2019-06-18 13:00:00,3.3128315201289187,0.0015599359654304837,3.3112715841634883
2019-06-18 15:00:00,3.487279843650878,0.10490863028994768,3.3823712133609303
2019-06-18 17:00:00,3.355745220534576,0.09808636968909452,3.257658850845482
2019-06-18 19:00:00,2.7081986878549205,0.12896309038411696,2.5792355974708037
2019-06-18 21:00:00,2.556231719529074,0.02799053596664046,2.5282411835624337
2019-06-18 23:00:00,3.322373301672748,0.06041788396594812,3.2619554177067998
2019-06-19 01:00:00,3.5960541953102,0.05005793137970775,3.5459962639304923
2019-06-19 03:00:00,4.62801052930375,0.00858996407277824,4.619420565230971
2019-06-19 05:00:00,5.10659578316432,0.006231325037699102,5.10036445812662
2019-06-19 07:00:00,5.739394011926576,0.009575234862542905,5.729818777064033
2019-06-19 09:00:00,6.826628765224414,0.028958948783354553,6.79766981644106
2019-06-19 11:00:00,7.220354568171914,0.016691009547347646,7.203663558624567
2019-06-19 13:00:00,9.4171036223849,0.010490711599502113,9.406612910785398
2019-06-19 15:00:00,9.880623513390065,0.028785605328469695,9.851837908061595
2019-06-19 17:00:00,10.698859130850703,0.019694387845125585,10.679164743005577
2019-06-19 19:00:00,9.54558324562846,0.009907111465176897,9.535676134163284
2019-06-19 21:00:00,8.524692149174824,0.11213340175080189,8.412558747424022
2019-06-19 23:00:00,8.33447533782978,0.0007776192982279919,8.333697718531552
2019-06-20 01:00:00,12.094017976045386,0.0005039799883549141,12.09351399605703
2019-06-20 03:00:00,14.968626032865041,4.0472145139467205e-05,14.968585560719902
2019-06-20 05:00:00,21.57826486627866,0.00336961197732611,21.57489525430133
2019-06-20 07:00:00,15.172312757531385,0.0034581754627977467,15.168854582068587
2019-06-20 09:00:00,18.180399403653713,0.014063071311464755,18.166336332342247
2019-06-20 11:00:00,11.463101159304808,0.01055785220712946,11.452543307097677
2019-06-20 13:00:00,13.61337471848124,0.009077308732207993,13.604297409749032
2019-06-20 15:00:00,10.769742055287487,0.002074166371842413,10.767667888915645
2019-06-20 17:00:00,7.2218666196752705,0.07714683419450573,7.144719785480765
2019-06-20 19:00:00,7.051167611039737,0.2989271642218803,6.752240446817857
2019-06-20 21:00:00,5.681785891815091,0.6118803164845583,5.069905575330533
2019-06-20 23:00:00,6.90217672316098,0.26128544327895853,6.640891279882021
2019-06-21 01:00:00,11.367434802884523,0.08687285009077346,11.280561952793748
2019-06-21 03:00:00,10.048596202292492,0.12377120547709922,9.924824996815392
2019-06-21 05:00:00,12.670909730772019,0.34407824865075554,12.326831482121264
2019-06-21 07:00:00,12.051309114713543,0.8302136169862367,11.221095497727307
2019-06-21 09:00:00,11.49662563212543,0.5459245759006671,10.950701056224762
2019-06-21 11:00:00,14.141012350378528,0.0019409796140411428,14.139071370764487
2019-06-21 13:00:00,14.332427959209816,0.004050700221147695,14.328377258988668
2019-06-21 15:00:00,12.35332533785475,0.07228284171828694,12.281042496136463
2019-06-21 17:00:00,10.11870451042665,0.09639373596985099,10.022310774456798
2019-06-21 19:00:00,4.617603947738173,0.024870113439500265,4.592733834298673
2019-06-21 21:00:00,4.79793697541203,0.016139719725370684,4.7817972556866595
2019-06-21 23:00:00,3.2329675387856343,0.24540261060495716,2.987564928180677
2019-06-22 01:00:00,5.764906403051664,0.8376298636622318,4.927276539389432
2019-06-22 03:00:00,2.749893471302284,0.5509800328781003,2.1989134384241837
2019-06-22 05:00:00,4.93624728338583,1.32006646693511,3.6161808164507203
2019-06-22 07:00:00,1.4951360665258462,0.6429311490557399,0.8522049174701063
2019-06-22 09:00:00,2.386814409704592,0.2824284277750473,2.1043859819295445
2019-06-22 11:00:00,2.073913193062119,0.7202869691345423,1.3536262239275767
2019-06-22 13:00:00,2.059969937947749,0.009363436322032482,2.0506065016257167
2019-06-22 15:00:00,2.2133376531188693,0.4657859664287862,1.7475516866900829
2019-06-22 17:00:00,1.4037830821320674,0.06933787451087711,1.3344452076211903
2019-06-22 19:00:00,1.7567204280398248,0.017463662620225983,1.7392567654195987
2019-06-22 21:00:00,1.4069105592642024,0.02089497433769646,1.386015584926506
2019-06-22 23:00:00,1.1231609265965112,0.058287881362085604,1.0648730452344257
2019-06-23 01:00:00,1.258504298897478,0.03643412943967811,1.2220701694577998
2019-06-23 03:00:00,1.393787718389394,0.17419983198391878,1.2195878864054752
2019-06-23 07:00:00,0.8070210831376334,0.23306088823971782,0.5739601948979156
2019-06-23 09:00:00,0.7537394812018846,0.3426031251621441,0.4111363560397405
2019-06-23 11:00:00,0.7205612714602753,0.2509537687344782,0.46960750272579704
2019-06-23 15:00:00,1.7179455892696223,0.3863662392866346,1.3315793499829875
2019-06-23 17:00:00,1.9983221921797547,0.728654585696612,1.2696676064831427
2019-06-23 19:00:00,1.1949237683797596,0.7001756347631051,0.49474813361665454
2019-06-23 21:00:00,1.5273180613293493,1.0198713424032206,0.5074467189261287
2019-06-23 23:00:00,2.0802957254777144,0.8952736865361228,1.1850220389415915
2019-06-24 01:00:00,1.7937500056440645,1.1919251489645148,0.6018248566795498
2019-06-24 07:00:00,2.299176797005331,0.31937383399610847,1.9798029630092229
2019-06-24 09:00:00,2.618235111080082,0.0008857141842918798,2.61734939689579
2019-06-24 11:00:00,2.3053902230183256,0.035531863435121006,2.2698583595832047
2019-06-24 13:00:00,1.67076839262424,0.7833835127982166,0.8873848798260234
2019-06-24 15:00:00,2.5431726521573115,1.1679259631458416,1.3752466890114696
2019-06-24 21:00:00,2.096053256558317,1.0580256164503292,1.0380276401079882
2019-06-25 01:00:00,2.9185276911302562,1.1352719497535495,1.783255741376707
2019-06-25 03:00:00,2.799728888097011,1.7872939614981898,1.0124349265988213
2019-06-25 05:00:00,1.7735774478041395,1.3131010838917758,0.4604763639123638
2019-06-25 11:00:00,2.437716585789631,0.7584612070525578,1.6792553787370732
2019-06-25 13:00:00,2.690522084319072,0.014643481197354606,2.675878603121717
2019-06-25 15:00:00,2.4885337491832233,0.012714193098154055,2.475819556085069
2019-06-25 17:00:00,3.1341817733072967,0.03244650690008764,3.1017352664072093
2019-06-25 19:00:00,3.4504242181557774,0.001799841015529295,3.448624377140248
2019-06-25 21:00:00,3.1574360755101134,0.0014828948445918973,3.1559531806655214
2019-06-25 23:00:00,1.6608738496316973,0.010946412071370426,1.6499274375603268
2019-06-26 01:00:00,1.8716046280868341,0.03612471332658379,1.8354799147602503
2019-06-26 03:00:00,4.649001954686504,0.0633254052740837,4.585676549412421
2019-06-26 05:00:00,5.40345389998731,0.006303200036595083,5.397150699950715
2019-06-26 07:00:00,4.994410406613743,0.0014421223214061698,4.992968284292337
2019-06-26 09:00:00,5.264585219000649,0.0024606896560776326,5.262124529344572
2019-06-26 13:00:00,5.400046525783992,0.008009601843113966,5.392036923940878
2019-06-26 15:00:00,5.717459568738236,0.00794595578575509,5.709513612952481
2019-06-26 17:00:00,5.901320422782557,0.0034525698343877247,5.897867852948169
2019-06-26 19:00:00,6.727157566612098,0.016021676613993327,6.711135889998104
2019-06-26 21:00:00,5.928421513874818,0.01615691268032304,5.9122646011944955
2019-06-26 23:00:00,6.150439515771856,0.14045294386707527,6.009986571904781
2019-06-27 01:00:00,6.186821681395156,0.1559109067581608,6.030910774636996
2019-06-27 03:00:00,6.239943435316322,0.2069572554278716,6.03298617988845
2019-06-27 05:00:00,4.669502157351161,0.16271553606343195,4.506786621287729
2019-06-27 07:00:00,6.198838190117765,0.11098435716464493,6.087853832953121
2019-06-27 09:00:00,7.293478050666142,0.0003820777312519954,7.29309597293489
2019-06-27 11:00:00,10.600475299129684,1.1626547960248912,9.437820503104794
2019-06-27 15:00:00,2.134402423238033,0.8094109038664822,1.324991519371551
2019-06-27 17:00:00,1.5170314102609446,0.6433177992195549,0.8737136110413896
2019-06-27 19:00:00,1.1043372860507918,1.0175669976859072,0.08677028836488467
2019-06-27 23:00:00,1.821243768904719,0.9506888354716129,0.8705549334331062
2019-06-28 01:00:00,2.0647282454596985,1.0513599783356296,1.0133682671240687
2019-06-28 03:00:00,2.2722460679110097,0.9782983639608595,1.2939477039501504
2019-06-28 05:00:00,2.7695078335055054,1.4328354408510782,1.3366723926544275
2019-06-28 07:00:00,0.8971021659366631,0.7136399658427715,0.18346220009389175
2019-06-28 09:00:00,0.4061102943260414,0.2710602143256227,0.13505008000041865
2019-06-28 11:00:00,0.2931863922356791,0.052733432657517204,0.2404529595781619
2019-06-28 13:00:00,0.6300295263621976,0.34071067628245544,0.2893188500797422
2019-06-28 15:00:00,3.2400273980975,0.48885086068230976,2.75117653741519
2019-06-28 17:00:00,4.213214892161843,0.637104020488706,3.5761108716731367
2019-06-28 19:00:00,0.942699524712779,0.5828291938737261,0.3598703308390528
2019-06-28 21:00:00,1.4958716660058853,0.8055021949554109,0.6903694710504744
2019-06-28 23:00:00,0.44710148540142225,0.1481933977244207,0.29890808767700155
2019-06-29 01:00:00,1.5928301763034936,1.2369467434911483,0.3558834328123452
2019-06-29 03:00:00,1.5968134044923632,1.124889774078461,0.4719236304139023
2019-06-29 05:00:00,1.7090541702545807,1.473133231990415,0.2359209382641658
2019-06-29 07:00:00,1.6280431767458232,1.509628926304005,0.11841425044181823
2019-06-29 09:00:00,1.4079323317385846,0.6232936691804196,0.784638662558165
2019-06-29 13:00:00,0.852199184176691,0.02170288812368726,0.8304962960530038
2019-06-29 15:00:00,1.5265291088100266,0.05516696117237324,1.4713621476376533
2019-06-29 17:00:00,2.8303141638237097,0.767700415458637,2.062613748365073
2019-06-29 19:00:00,3.1494628991608744,0.5026396321176152,2.6468232670432594
2019-06-29 21:00:00,3.650068395284653,0.5735896587326892,3.0764787365519637
2019-06-29 23:00:00,2.434816799650884,0.4048981836984749,2.029918615952409
2019-06-30 01:00:00,2.4297264158768943,0.7655362371015072,1.6641901787753872
2019-06-30 03:00:00,1.8312322003615806,0.7242734023827327,1.106958797978848
2019-06-30 05:00:00,31.250655731544235,0.9747882962167029,30.275867435327534
2019-06-30 07:00:00,1.196365159549635,0.6477500301742318,0.5486151293754032
2019-06-30 09:00:00,0.6879637703082409,0.37393053048671127,0.3140332398215296
2019-06-30 11:00:00,0.377271324808982,0.0007855068169351358,0.3764858179920469
2019-06-30 13:00:00,0.39179739259819885,0.039675303230170114,0.35212208936802875
2019-06-30 15:00:00,0.6462927671287442,0.4152536732514237,0.23103909387732044
2019-06-30 19:00:00,1.7948768573748002,0.3667745337344679,1.4281023236403323
2019-06-30 21:00:00,3.1771964998236366,0.5653032973253983,2.6118932024982384
2019-06-30 23:00:00,3.061248004211082,0.33761332340416733,2.723634680806915
2019-07-01 01:00:00,3.3918292196933897,1.4058311452873264,1.9859980744060632
2019-07-01 03:00:00,3.513095509586442,2.428422516312695,1.0846729932737467
2019-07-01 05:00:00,3.7238229416133697,3.044504139539521,0.6793188020738485
2019-07-01 07:00:00,8.324480031046534,2.5750275334443007,5.749452497602234
2019-07-01 09:00:00,11.627563767139833,0.020996346200265532,11.606567420939568
2019-07-01 11:00:00,12.61082740446106,0.0001524344956107103,12.61067496996545
2019-07-01 13:00:00,5.447352150271142,0.04740432574968872,5.399947824521453
2019-07-01 19:00:00,3.330301926117923,0.24774235896669042,3.082559567151233
2019-07-01 21:00:00,3.514523123504998,0.31291810986349744,3.2016050136415006
2019-07-01 23:00:00,5.682917425199606,0.47084620778694836,5.2120712174126576
2019-07-02 01:00:00,1.5776432629543748,1.1904806275449573,0.3871626354094176
2019-07-02 03:00:00,1.8441115200309224,1.0142597367999324,0.82985178323099
2019-07-02 07:00:00,2.5702210624349857,1.3192779527432956,1.25094310969169
2019-07-02 09:00:00,2.3760034427717347,1.3179183669245793,1.0580850758471552
2019-07-02 11:00:00,1.3346890779497362,0.005244292938533405,1.3294447850112028
2019-07-02 13:00:00,6.142980792019064,0.24207625271675165,5.900904539302313
2019-07-02 15:00:00,9.012049951580005,1.2496779892125383,7.7623719623674665
2019-07-02 17:00:00,7.059468058298352,1.2249450645045585,5.834522993793794
2019-07-02 19:00:00,2.470071919098185,0.3667384727128686,2.1033334463853164
2019-07-02 21:00:00,1.8099808917963995,1.1463851706948311,0.6635957211015684
2019-07-03 01:00:00,1.4634009727573902,1.1531454124099774,0.31025556034741286
2019-07-03 03:00:00,1.7300884192563826,1.1171223894186164,0.6129660298377662
2019-07-03 05:00:00,2.1555253577771487,0.9426584552578435,1.212866902519305
2019-07-03 09:00:00,1.4846806063231872,0.7925106564213737,0.6921699499018135
2019-07-03 11:00:00,0.9969227569150083,0.2108232802450158,0.7860994766699925
2019-07-03 13:00:00,2.771548241011812,0.6833777271504419,2.08817051386137
2019-07-03 15:00:00,3.390130944884511,0.7450255494834427,2.6451053954010684
2019-07-03 17:00:00,1.6448580098161623,0.665141867127254,0.9797161426889082
2019-07-03 19:00:00,2.039156064402972,0.5311153450073953,1.5080407193955765
2019-07-03 23:00:00,1.1590274031295622,0.7631494407688586,0.39587796236070355
2019-07-04 01:00:00,1.266748978425081,0.8053265060108656,0.4614224724142153
2019-07-04 03:00:00,1.3448126728849812,0.27682683489190263,1.0679858379930784
2019-07-04 07:00:00,1.9637118970153953,0.34628372980297745,1.6174281672124178
2019-07-04 09:00:00,1.0202251786900285,0.5673235817699189,0.4529015969201096
2019-07-04 11:00:00,1.2486068029753659,0.6290737953093518,0.619533007666014
2019-07-04 13:00:00,1.2407288483728152,0.8314158238079196,0.40931302456489554
2019-07-04 15:00:00,2.2043902485269005,0.02963587770229096,2.1747543708246093
2019-07-04 17:00:00,1.0093024800443777,0.6166033856263724,0.3926990944180053
2019-07-04 21:00:00,1.5330768406138253,1.124003976137028,0.40907286447679736
2019-07-04 23:00:00,1.9637709528940757,0.20580665460474382,1.7579642982893318
2019-07-05 01:00:00,2.2209586897445304,1.0072894063708115,1.213669283373719
2019-07-05 03:00:00,2.7681014063287,1.4647463631458197,1.3033550431828806
2019-07-05 05:00:00,2.575458614571002,0.12517109207499594,2.450287522496006
2019-07-05 07:00:00,2.4225722148757556,1.622147000116413,0.8004252147593426
2019-07-05 09:00:00,1.8546220008468348,1.075169794293041,0.7794522065537939
2019-07-05 11:00:00,1.5734589524468132,0.3042493972493722,1.269209555197441
2019-07-05 13:00:00,2.6861013868756913,0.0016937461752972612,2.6844076407003943
2019-07-05 15:00:00,1.979091463599965,0.01714467718415737,1.9619467864158076
2019-07-05 17:00:00,2.4620811440848236,0.02150594047130505,2.4405752036135184
2019-07-05 19:00:00,2.8958588487371957,0.04315319398351533,2.8527056547536804
2019-07-05 21:00:00,4.02694970369501,0.007240129658155607,4.019709574036854
2019-07-05 23:00:00,5.3238491876844405,1.4985642524890064,3.825284935195434
2019-07-06 01:00:00,5.494863350929448,0.042797867745341445,5.452065483184106
2019-07-06 03:00:00,3.7547321268577987,2.219766060553475,1.5349660663043236
2019-07-06 05:00:00,3.5534295880945206,1.9928478863156576,1.560581701778863
2019-07-06 07:00:00,3.6576661266771993,1.5364748054498807,2.1211913212273186
2019-07-06 09:00:00,4.217807732775641,2.096492119808735,2.1213156129669057
2019-07-06 11:00:00,2.999449626326654,0.005287331397202082,2.9941622949294517
2019-07-06 15:00:00,1.597897575362489,0.004222790142272579,1.5936747852202164
2019-07-06 17:00:00,2.5064973471104217,0.011326092996885242,2.4951712541135365
2019-07-06 19:00:00,3.532751995637322,0.07661093345948256,3.4561410621778395
2019-07-06 21:00:00,3.0385702216523542,0.056432129633879766,2.9821380920184746
2019-07-06 23:00:00,2.3839676905553397,0.16205622319276083,2.221911467362579
2019-07-07 01:00:00,3.9824273563188886,0.3510187034240206,3.631408652894868
2019-07-07 03:00:00,5.751047008222485,0.6012870687451447,5.14975993947734
2019-07-07 05:00:00,5.556452161338695,0.33755224647305415,5.2188999148656405
2019-07-07 07:00:00,4.80546688924272,0.14711204309455184,4.6583548461481685
2019-07-07 09:00:00,4.488143643084699,0.0001906769297678072,4.487952966154931
2019-07-07 15:00:00,6.954306959834597,0.013990457093971096,6.940316502740625
2019-07-07 17:00:00,3.4787065575576626,0.2198521904736431,3.2588543670840195
2019-07-07 19:00:00,2.9421665629683744,0.14082665709959533,2.801339905868779
2019-07-07 21:00:00,0.8250259465936836,0.005469983049100461,0.819555963544583
2019-07-07 23:00:00,1.331357207753061,0.0014404172361609686,1.3299167905169
2019-07-08 01:00:00,3.5623827887119557,0.06412951827085948,3.4982532704410962
2019-07-08 03:00:00,2.8106927536033193,0.10305283169524626,2.707639921908073
2019-07-08 05:00:00,6.581369344632227,1.0233419668157633,5.5580273778164635
2019-07-08 07:00:00,6.796983115764726,0.32619314744236194,6.4707899683223635
2019-07-08 09:00:00,5.4802000736798515,0.04944913648225877,5.430750937197593
2019-07-08 11:00:00,5.0337643546885245,0.06726864270635909,4.966495711982166
2019-07-08 13:00:00,4.897470712730239,0.06503354186435267,4.8324371708658855
2019-07-08 15:00:00,1.07013190987314,0.0033920731790901856,1.06673983669405
2019-07-08 17:00:00,2.268445354780216,0.018426806550563918,2.250018548229652
2019-07-08 23:00:00,1.0396778944539686,0.011782521459186894,1.0278953729947817
2019-07-09 01:00:00,0.9059915031438549,0.01842365296152412,0.8875678501823308
2019-07-09 13:00:00,2.8084515921874442,0.042163690153656924,2.7662879020337874
2019-07-09 15:00:00,3.698802132852506,0.053699151714393524,3.6451029811381126
2019-07-09 17:00:00,5.125090799938373,0.10618986948809789,5.0189009304502745
2019-07-09 19:00:00,6.0934148975271505,0.06957908730050631,6.023835810226644
2019-07-09 21:00:00,6.0542262034348076,0.045634605687279735,6.008591597747528
2019-07-09 23:00:00,5.370822752919306,0.07298605292850575,5.297836699990801
2019-07-10 01:00:00,4.446174700356158,0.2220591514075725,4.2241155489485855
2019-07-10 03:00:00,4.894687309665107,0.7266188397008267,4.168068469964281
2019-07-10 05:00:00,2.513412818010833,1.2796201238190719,1.2337926941917612
2019-07-10 07:00:00,1.3117564867220954,0.8354653929998017,0.4762910937222938
2019-07-10 09:00:00,0.8919644268687922,0.0020021712849800154,0.8899622555838121
2019-07-10 11:00:00,0.6819465863310186,0.007111813151775754,0.6748347731792428
2019-07-10 13:00:00,0.6775925006559093,0.009663370776392892,0.6679291298795164
2019-07-10 15:00:00,2.665320698678307,0.008076301249788942,2.657244397428518
2019-07-10 17:00:00,3.023855981092179,1.9092781638063692,1.1145778172858096
2019-07-10 19:00:00,7.808333738978456,0.35537754091668794,7.452956198061768
2019-07-10 21:00:00,7.13796092398849,0.36143395880818097,6.776526965180309
2019-07-10 23:00:00,7.197022490628308,0.23661661394058361,6.960405876687725
2019-07-11 01:00:00,4.428681194304322,0.07292575301624225,4.35575544128808
2019-07-11 03:00:00,5.621241665412658,0.3241398876674796,5.297101777745178
2019-07-11 07:00:00,1.78736737088743,0.18314364984584314,1.6042237210415868
2019-07-11 09:00:00,0.16859274469519006,0.0057308822710654935,0.16286186242412456
2019-07-11 11:00:00,0.9348522449090223,0.004423249005488447,0.9304289959035339
2019-07-11 13:00:00,4.407911990709069,0.19486947098116333,4.213042519727906
2019-07-11 15:00:00,0.5930510574896666,0.3034674503836867,0.2895836071059799
2019-07-11 17:00:00,2.026847962487616,0.4407373678938365,1.5861105945937792
2019-07-11 19:00:00,2.6760041389707085,0.5239034956240609,2.1521006433466474
2019-07-11 21:00:00,1.2924565505331032,0.008606478614709407,1.2838500719183938
2019-07-11 23:00:00,3.9010590359673296,0.6035678537036823,3.2974911822636472
2019-07-12 01:00:00,3.804891361801071,0.6933545500933898,3.111536811707681
2019-07-12 03:00:00,3.5594281044739686,0.9780009881498625,2.581427116324106
2019-07-12 05:00:00,1.688074268004247,0.8589293750753989,0.8291448929288483
2019-07-12 07:00:00,2.176595525678892,0.8543969622107777,1.3221985634681142
2019-07-12 09:00:00,1.7055680107896136,1.0137416457700401,0.6918263650195735
2019-07-12 11:00:00,1.712636517547645,1.2248936342935917,0.48774288325405335
2019-07-12 13:00:00,1.9593352445790897,0.8549884408354176,1.1043468037436721
2019-07-12 15:00:00,2.9283410643299526,0.17820811910477127,2.7501329452251815
2019-07-12 17:00:00,2.7097662691879227,0.007693340567943949,2.702072928619979
2019-07-12 19:00:00,0.9926086587769967,0.03731055211842221,0.9552981066585744
2019-07-12 21:00:00,3.759201763633118,0.2581914292482317,3.5010103343848864
2019-07-12 23:00:00,3.938682966674747,0.6210115268878226,3.3176714397869245
2019-07-13 01:00:00,3.0735566933417133,0.6395017041539188,2.4340549891877945
2019-07-13 03:00:00,3.1824817829947087,0.9108805188353631,2.2716012641593455
2019-07-13 05:00:00,1.828409888119287,1.2105090575427995,0.6179008305764875
2019-07-13 09:00:00,2.945183878318485,0.934836206278645,2.01034767203984
2019-07-13 11:00:00,2.676602025678913,1.381142740795188,1.2954592848837252
2019-07-13 13:00:00,1.6740410689276892,0.7654408541884316,0.9086002147392577
2019-07-13 15:00:00,1.2277413244990787,0.015210575078115365,1.2125307494209634
2019-07-13 17:00:00,1.2383836195027096,0.027565724225933945,1.2108178952767756
2019-07-13 19:00:00,0.9780808372512199,0.020049529045963202,0.9580313082052566
2019-07-13 23:00:00,1.7163504055058612,0.16429017513841337,1.5520602303674478
2019-07-14 01:00:00,1.0612639676627769,0.11339752201458402,0.9478664456481928
2019-07-14 03:00:00,1.4064582731986561,0.050118594273120036,1.3563396789255362
2019-07-14 05:00:00,1.4083490594165486,0.06377168464499418,1.3445773747715544
2019-07-14 07:00:00,1.6860869327489607,0.3355859436005178,1.350500989148443
2019-07-14 09:00:00,1.320918911347658,0.7405454702720834,0.5803734410755745
2019-07-14 11:00:00,1.9547736140043812,0.41274988093995574,1.5420237330644255
2019-07-14 13:00:00,1.3521934253823449,0.00013266638146122871,1.3520607590008837
2019-07-14 15:00:00,2.0322766285669536,0.0003094556205837875,2.03196717294637
2019-07-14 17:00:00,2.293495137822406,0.0003859528541150632,2.2931091849682907
2019-07-14 19:00:00,2.8158549184911443,0.0021220995517557085,2.8137328189393886
2019-07-14 23:00:00,2.7504360334823166,0.0013789825012487412,2.749057050981068
2019-07-15 01:00:00,2.8321577854265394,0.0013812885750986007,2.8307764968514406
2019-07-15 05:00:00,2.3890018206651336,1.5547688752430953,0.8342329454220384
2019-07-15 07:00:00,2.74372341577765,0.036173159731535245,2.707550256046115
2019-07-15 09:00:00,2.51957814208745,0.027154511427485078,2.4924236306599648
2019-07-15 11:00:00,3.688618412278668,0.07309566027451031,3.6155227520041575
2019-07-15 13:00:00,3.1888859112880708,0.001963214404095452,3.1869226968839754
2019-07-15 15:00:00,2.2372550788469794,0.0007251753852825909,2.236529903461697
2019-07-15 17:00:00,3.823754507303431,0.0032467381841683476,3.8205077691192626
2019-07-15 19:00:00,4.04041321723534,0.015447635066697349,4.024965582168643
2019-07-15 23:00:00,5.818129754734306,0.14497014699027333,5.673159607744033
2019-07-16 01:00:00,5.992601987288317,0.17357162482082203,5.819030362467496
2019-07-16 03:00:00,5.080748074609828,0.514169674912522,4.566578399697306
2019-07-16 07:00:00,5.059500466653766,1.128606553334108,3.930893913319658
2019-07-16 09:00:00,5.202605768681941,0.2683623591241394,4.934243409557802
2019-07-16 11:00:00,5.232140930786466,0.07078623130570143,5.161354699480764
2019-07-16 15:00:00,4.528231322146242,0.018475735080397983,4.509755587065844
2019-07-16 17:00:00,3.758558321053662,0.015944244417981552,3.7426140766356806
2019-07-16 19:00:00,4.202041348173301,0.035914143032356016,4.1661272051409455
2019-07-16 21:00:00,6.336689467242972,0.2859626620597338,6.050726805183238
2019-07-16 23:00:00,4.197773942230124,0.05628503479302022,4.141488907437104
2019-07-17 01:00:00,8.586853994070642,0.2229828170307219,8.36387117703992
2019-07-17 03:00:00,8.94469366337745,0.44747741896945786,8.497216244407992
2019-07-17 05:00:00,9.658538420044609,0.4944869618023181,9.164051458242291
2019-07-17 07:00:00,11.980722534058502,0.8348252422781992,11.145897291780303
2019-07-17 09:00:00,11.72540014151596,1.4980955152464557,10.227304626269504
2019-07-17 11:00:00,13.176318867686797,1.3712188865182593,11.805099981168539
2019-07-17 13:00:00,10.400948570897693,0.1948462339291505,10.206102336968543
2019-07-17 15:00:00,9.78020598418247,0.06316989168724106,9.717036092495228
2019-07-17 17:00:00,11.215962145765657,0.04369399820569273,11.172268147559963
2019-07-17 19:00:00,9.38766575843813,0.05832967316803468,9.329336085270096
2019-07-17 21:00:00,7.980741046943456,0.18931339544172138,7.791427651501735
2019-07-17 23:00:00,7.762097028142702,0.19453031020383826,7.567566717938864
2019-07-18 03:00:00,7.366396817980733,0.040261910199679486,7.326134907781054
2019-07-18 05:00:00,7.404314470466031,0.017644216956712547,7.386670253509318
2019-07-18 07:00:00,9.398856516333252,0.020366775658801923,9.37848974067445
2019-07-18 09:00:00,6.292075566867387,0.01767244543243445,6.274403121434953
2019-07-18 11:00:00,6.015479577363269,0.011352939288191085,6.004126638075078
2019-07-18 13:00:00,5.106277268592537,0.027296565235488016,5.078980703357049
2019-07-18 15:00:00,3.95155124823535,0.034236353678532366,3.9173148945568177
2019-07-18 17:00:00,4.855262791685592,0.041858992697470974,4.813403798988121
2019-07-18 19:00:00,6.4421186950271725,0.2360559763300979,6.2060627186970745
2019-07-18 21:00:00,6.411794976453716,0.23486927977443905,6.176925696679277
2019-07-18 23:00:00,5.927798505811477,0.07541442544002454,5.852384080371452
2019-07-19 01:00:00,6.76283619067984,0.07346189300982496,6.689374297670015
2019-07-19 03:00:00,7.137971423493602,0.12543320253777804,7.0125382209558245
2019-07-19 05:00:00,7.529731703540202,0.2459340901214945,7.283797613418708
2019-07-19 07:00:00,7.958360340969318,0.3611261370323511,7.597234203936967
2019-07-19 09:00:00,7.2973857393077575,0.0032285490184353893,7.294157190289322
2019-07-19 11:00:00,6.510315286498203,0.012969130874397394,6.497346155623806
2019-07-19 13:00:00,6.236829436491539,0.05972109031820672,6.177108346173332
2019-07-19 15:00:00,5.1193587651979,0.21718581697503972,4.90217294822286
2019-07-19 17:00:00,3.3063122400290204,0.8518673016831079,2.4544449383459126
2019-07-19 19:00:00,2.238139953583924,1.1795544359582142,1.0585855176257102
2019-07-19 23:00:00,2.5008899801335436,1.0310210875164034,1.4698688926171402
2019-07-20 01:00:00,3.181691516335079,6.610377676887616e-05,3.18162541255831
2019-07-20 03:00:00,3.421557881392991,5.1097905097773824e-05,3.421506783487893
2019-07-20 05:00:00,3.827486427297626,2.612302412008691,1.215184015288935
2019-07-20 07:00:00,4.499109180899107,1.8984252343629933,2.6006839465361136
2019-07-20 09:00:00,5.310652557055375,0.27631169677092854,5.034340860284447
2019-07-20 11:00:00,6.3171041422904395,1.1521282301930083,5.1649759120974315
2019-07-20 13:00:00,4.524176288063975,4.0455286719817855e-05,4.524135832777255
2019-07-20 15:00:00,4.8366760467874075,5.552270032431615e-05,4.836620524087083
2019-07-20 17:00:00,5.78101632008472,4.807874457657942e-05,5.780968241340143
2019-07-20 19:00:00,5.864203183255544,0.009854099530505436,5.8543490837250385
2019-07-20 21:00:00,6.391311746948411,0.011903787374686423,6.379407959573724
2019-07-20 23:00:00,6.397258642936653,0.036252712045822595,6.361005930890831
2019-07-21 01:00:00,6.367475519366908,0.10079152746819135,6.266683991898717
2019-07-21 03:00:00,7.61746057385679,0.09614862828268933,7.521311945574101
2019-07-21 05:00:00,7.106082428185231,0.00012900934621672955,7.1059534188390145
2019-07-21 07:00:00,7.025698609308898,0.056752958003987136,6.968945651304911
2019-07-21 09:00:00,6.760616818901812,0.08495416075674686,6.675662658145065
2019-07-21 11:00:00,6.476841580935707,0.008473237304745435,6.468368343630962
2019-07-21 13:00:00,6.47977799433102,0.0003624255456744462,6.479415568785345
2019-07-21 15:00:00,4.63655347882137,0.013932342846750632,4.62262113597462
2019-07-21 17:00:00,6.480370371943816,0.009258329513398611,6.471112042430417
2019-07-21 19:00:00,7.943038788489211,0.004497420881052345,7.938541367608159
2019-07-21 21:00:00,7.003756589531034,0.048248183404175644,6.955508406126858
2019-07-21 23:00:00,13.245552223637203,0.010963802196450715,13.234588421440753
2019-07-22 01:00:00,16.815725501423785,0.017512885764941533,16.798212615658844
2019-07-22 03:00:00,16.108467079526385,0.1850177264355467,15.923449353090838
2019-07-22 07:00:00,12.828495769437504,0.89586417385547,11.932631595582034
2019-07-22 09:00:00,8.244316334078878,0.1945806858171307,8.049735648261747
2019-07-22 11:00:00,9.739965742559802,0.01458472988702618,9.725381012672775
2019-07-22 13:00:00,8.901028441344524,0.33099954132273834,8.570028900021786
2019-07-22 15:00:00,12.473594948571357,0.10984660818293243,12.363748340388424
2019-07-22 17:00:00,11.207900137318049,0.11277907606560614,11.095121061252442
2019-07-22 19:00:00,11.593422606612915,0.12995761399994504,11.46346499261297
2019-07-22 21:00:00,8.521877202435626,0.30195919056652726,8.219918011869098
2019-07-22 23:00:00,9.794256131284323,0.22357222533985022,9.570683905944472
2019-07-23 07:00:00,12.02540487096207,0.08436738033839292,11.941037490623678
2019-07-23 09:00:00,12.636114855974304,0.014822603286941807,12.621292252687363
2019-07-23 11:00:00,12.452995489087298,0.06870950798119924,12.3842859811061
2019-07-23 13:00:00,13.356404679264855,0.043821364956536296,13.31258331430832
2019-07-23 15:00:00,9.921476836944565,0.00998621332727573,9.91149062361729
2019-07-23 17:00:00,10.680320333899564,0.026075940073751247,10.654244393825813
2019-07-23 19:00:00,14.40060341683982,0.045754742003448236,14.354848674836372
2019-07-23 21:00:00,7.592465407636339,0.5942974102071323,6.998167997429206
2019-07-23 23:00:00,12.12521831685031,0.20382592579776096,11.92139239105255
2019-07-24 01:00:00,10.661300199119387,0.3936680308268495,10.267632168292536
2019-07-24 03:00:00,7.324380618995555,1.3016304354711539,6.022750183524401
2019-07-24 05:00:00,14.109689545649081,1.417212282054059,12.692477263595022
2019-07-24 07:00:00,12.456210817003635,1.2082000147609464,11.248010802242689
2019-07-24 09:00:00,15.725940828187904,6.344706707197958e-05,15.725877381120831
2019-07-24 11:00:00,13.657480929085045,0.05085166075014762,13.606629268334897
2019-07-24 13:00:00,13.747305106125788,0.036843588451228634,13.71046151767456
2019-07-24 15:00:00,10.526618691703765,0.038340040140192884,10.488278651563572
2019-07-24 17:00:00,9.443392138101244,0.06667930672785663,9.376712831373387
2019-07-24 19:00:00,6.441786308063705,0.2103889016612435,6.231397406402461
2019-07-24 21:00:00,8.302524387828326,1.065160179639861,7.237364208188465
2019-07-24 23:00:00,8.953401239890342,0.19775793552187046,8.755643304368471
2019-07-25 01:00:00,10.778391076319803,0.1336314481803771,10.644759628139425
2019-07-25 03:00:00,12.37274000835764,0.0793883225887375,12.293351685768902
2019-07-25 15:00:00,9.400535971192733,0.07166684108657631,9.328869130106156
2019-07-25 17:00:00,11.76685726577227,0.736964134579939,11.029893131192331
2019-07-25 19:00:00,9.853103800515749,0.20560601467250786,9.64749778584324
2019-07-25 21:00:00,6.781502568599273,0.5417517004498845,6.239750868149389
2019-07-25 23:00:00,7.095802578192565,2.7820584898982967,4.313744088294268
2019-07-26 01:00:00,3.8516264160785223,0.1908380592972723,3.66078835678125
2019-07-26 03:00:00,3.764611995860669,1.4915833574529707,2.2730286384076983
2019-07-26 05:00:00,5.767228799941291,0.02437153685799767,5.742857263083294
2019-07-26 07:00:00,8.774475267370965,0.29477673913836705,8.479698528232598
2019-07-26 09:00:00,8.781233982498732,0.06145251805055673,8.719781464448175
2019-07-26 11:00:00,8.468640162135495,0.053257401721049404,8.415382760414445
2019-07-26 13:00:00,8.554884876709904,0.04106498657112037,8.513819890138784
2019-07-26 15:00:00,8.401126106726093,0.008344871762089203,8.392781234964003
2019-07-26 17:00:00,8.10636460838394,0.04667477031578396,8.059689838068156
2019-07-26 19:00:00,7.505382378542776,0.5399444787783383,6.965437899764438
2019-07-26 21:00:00,10.20513728847028,0.0010675327398728504,10.204069755730407
2019-07-26 23:00:00,9.945331025365446,0.8943029649437784,9.051028060421668
2019-07-27 01:00:00,10.324281606712379,6.064767496567022e-05,10.324220959037413
2019-07-27 03:00:00,10.327139782610491,0.4367733980502776,9.890366384560213
2019-07-27 05:00:00,9.861115251348634,0.5923540873544618,9.268761163994172
2019-07-27 07:00:00,13.788653764172144,7.366886312612915e-05,13.788580095309019
2019-07-27 09:00:00,10.12868263144251,0.3711099156032859,9.757572715839224
2019-07-27 11:00:00,9.845135265835111,5.475978467122795e-05,9.84508050605044
2019-07-27 13:00:00,11.051314276589736,5.5175664286949246e-05,11.05125910092545
2019-07-27 15:00:00,11.789108924851417,0.00010955208233389741,11.788999372769084
2019-07-27 19:00:00,16.641222175608235,7.794383742325008e-05,16.641144231770813
2019-07-27 21:00:00,18.551865950037925,0.011426422672457593,18.540439527365468
2019-07-27 23:00:00,22.248684184562677,0.05411123007968374,22.194572954482993
2019-07-28 01:00:00,22.786958518501766,0.48912583331496867,22.297832685186798
2019-07-28 03:00:00,18.181551203230892,0.7748753232979835,17.40667587993291
2019-07-28 05:00:00,16.316650221559353,1.028201194453872,15.28844902710548
2019-07-28 07:00:00,20.043961936924884,0.2635077877010868,19.780454149223797
2019-07-28 09:00:00,20.281023797040515,0.0160738645160903,20.264949932524424
2019-07-28 11:00:00,18.391317916565093,0.017027196327533318,18.37429072023756
2019-07-28 13:00:00,15.901640598801878,2.123365426776649,13.778275172025229
2019-07-28 15:00:00,6.458798812078563,3.9062698726494395e-05,6.458759749379837
2019-07-28 17:00:00,3.86982271117706,0.015996903934642145,3.853825807242418
2019-07-28 19:00:00,6.742526573949104,0.6322000516534583,6.1103265222956455
2019-07-28 21:00:00,3.469168881596164,1.5307536934790194,1.9384151881171445
2019-07-28 23:00:00,3.4296055831663796,1.3031452407354,2.12646034243098
2019-07-29 01:00:00,2.7476032120655516,1.7553815517565456,0.992221660309006
2019-07-29 03:00:00,3.600141341197503,1.118189123587936,2.481952217609567
2019-07-29 05:00:00,3.888296689400448,0.7234711649328105,3.1648255244676373
2019-07-29 07:00:00,3.1561267764341765,1.9253455202852845,1.230781256148892
2019-07-29 09:00:00,2.5205701955930944,1.0232138991951718,1.4973562963979226
2019-07-29 15:00:00,2.0091365298952653,0.830582458252754,1.1785540716425114
2019-07-29 17:00:00,1.1710680582310227,0.48341281946842296,0.6876552387625998
2019-07-29 21:00:00,3.994536752780535,0.638955080058435,3.3555816727220997
2019-07-29 23:00:00,2.5930227700459265,0.06297832028892222,2.5300444497570043
2019-07-30 01:00:00,4.707471170372418,0.14618343836429412,4.561287732008124
2019-07-30 03:00:00,4.000242907132919,0.49489805440534146,3.505344852727578
2019-07-30 05:00:00,3.4521466943318107,0.43710616891721327,3.0150405254145975
2019-07-30 07:00:00,3.4490033647277367,0.43178635510084973,3.017217009626887
2019-07-30 09:00:00,0.9300102829306485,0.29269793221429813,0.6373123507163504
2019-07-30 11:00:00,1.8120070341901797,0.1535303132694732,1.6584767209207065
2019-07-30 13:00:00,1.7863250679477898,0.12738406260385915,1.6589410053439306
2019-07-30 15:00:00,1.4718495544962629,0.03082778456372309,1.4410217699325398
2019-07-30 17:00:00,1.4739111634072797,0.01030666437583185,1.4636044990314478
2019-07-30 19:00:00,2.454115657391173,0.010187771715450206,2.4439278856757225
2019-07-30 21:00:00,2.231967308953167,0.11295210557961685,2.11901520337355
2019-07-31 01:00:00,4.661153045878738,0.33613405158118764,4.32501899429755
2019-07-31 03:00:00,4.559554684619886,0.34192174847140094,4.217632936148485
2019-07-31 05:00:00,6.220703686830095,0.4274432013213064,5.793260485508789
2019-07-31 07:00:00,4.713643658845923,0.38988761934987204,4.323756039496051
2019-07-31 09:00:00,0.08028483692134243,0.003600810243608867,0.07668402667773357
2019-07-31 11:00:00,1.0597528678602168,0.11649319087060336,0.9432596769896134
2019-07-31 13:00:00,6.687909319867924,0.2116452799981795,6.476264039869744
2019-07-31 15:00:00,22.33303277890118,0.2713764985997178,22.061656280301463
2019-07-31 17:00:00,5.245370744728618,0.9666467126505972,4.278724032078021
2019-07-31 19:00:00,3.371465443066019,1.1934019926307562,2.1780634504352627
2019-07-31 21:00:00,6.341378390467001,0.7924050114816451,5.548973378985355
2019-07-31 23:00:00,6.508686054872682,0.6796304291467236,5.8290556257259585
2019-08-01 01:00:00,5.473815888145367,0.5676863500165947,4.906129538128773
2019-08-01 03:00:00,6.106299164185481,0.862399928928591,5.24389923525689
2019-08-01 05:00:00,5.3934175004526725,0.628042638683268,4.765374861769405
2019-08-01 07:00:00,2.422870509027904,0.5327283072574076,1.8901422017704965
2019-08-02 09:00:00,1.671178825948242,0.17288484704769796,1.498293978900544
2019-08-02 11:00:00,0.4241833918820479,0.00031218235385901006,0.4238712095281889
2019-08-02 13:00:00,1.7744257407512725,0.02525963911596231,1.7491661016353102
2019-08-02 17:00:00,2.240065903203709,0.12418780300474186,2.1158781001989673
2019-08-02 19:00:00,3.9395833545305585,0.25081503360683044,3.688768320923728
2019-08-02 21:00:00,1.3971823011402653,0.061516517844991875,1.3356657832952734
2019-08-02 23:00:00,2.7821391816382572,0.12306989370252129,2.659069287935736
2019-08-03 01:00:00,2.411813235083001,0.11839639526850852,2.2934168398144927
2019-08-03 03:00:00,0.5682781160661358,0.002068027548492907,0.5662100885176429
2019-08-03 05:00:00,0.5357377255513041,0.011388628363522424,0.5243490971877817
2019-08-03 07:00:00,3.1746715003127375,0.0432225315708031,3.1314489687419345
2019-08-03 11:00:00,1.8842473459286904,0.0015592175593679507,1.8826881283693224
2019-08-03 13:00:00,2.680006652538382,0.03091737786047315,2.649089274677909
2019-08-03 15:00:00,0.9430697533223273,0.0009785682565551358,0.9420911850657722
2019-08-03 17:00:00,3.2381257358700113,0.019813139346825066,3.218312596523186
2019-08-03 19:00:00,2.594060659743327,0.045515535120707266,2.5485451246226196
2019-08-03 21:00:00,2.980172837518936,0.06799399510102895,2.912178842417907
2019-08-03 23:00:00,2.1355229181924718,0.07104466470448674,2.064478253487985
2019-08-04 01:00:00,3.333320470265747,0.492367150731629,2.8409533195341177
2019-08-04 03:00:00,3.2218182265891646,0.4253295178653143,2.7964887087238504
2019-08-04 05:00:00,5.764788310800765,0.34001177075757055,5.424776540043195
2019-08-04 07:00:00,2.461038270148324,0.25076263379527525,2.2102756363530487
2019-08-04 09:00:00,2.220406635088946,0.16816569722051206,2.052240937868434
2019-08-04 11:00:00,3.943227884424296,0.17743005749803856,3.7657978269262573
2019-08-04 13:00:00,3.7983723917252576,0.04356229822828823,3.7548100934969693
2019-08-04 15:00:00,2.993065350850646,0.04422402113281486,2.948841329717831
2019-08-04 17:00:00,5.171480386315675,0.1719979086766873,4.999482477638988
2019-08-04 19:00:00,3.264182048502372,0.05662557080146269,3.2075564777009093
2019-08-04 21:00:00,1.6379446294079472,0.045227377648319904,1.5927172517596273
2019-08-04 23:00:00,1.0471236661346999,0.013437270827307592,1.0336863953073923
2019-08-05 01:00:00,1.369148456969072,0.0998584259929359,1.2692900309761361
2019-08-05 03:00:00,2.086662845402169,0.7063374478677853,1.3803253975343839
2019-08-05 05:00:00,0.943392264431697,0.49044491107250426,0.4529473533591928
2019-08-05 07:00:00,1.4110718033337986,0.05375408928715746,1.357317714046641
2019-08-05 09:00:00,1.7343608032646534,0.0011893591858712354,1.7331714440787822
2019-08-05 11:00:00,2.5330807790973426,0.0015977715350414536,2.531483007562301
2019-08-05 13:00:00,2.677568793406343,0.011615570862083332,2.6659532225442595
2019-08-05 15:00:00,2.9056917815357752,0.011631918385591732,2.8940598631501837
2019-08-05 17:00:00,1.424371295812124,0.019242575040072322,1.4051287207720515
2019-08-05 19:00:00,2.9399119739924124,0.02316065662737573,2.9167513173650366
2019-08-05 21:00:00,2.3449359302459993,0.0759512927043116,2.2689846375416876
2019-08-05 23:00:00,3.3629619078633217,0.02327405940640173,3.33968784845692
2019-08-06 01:00:00,2.488472975572689,0.07655089345840473,2.4119220821142844
2019-08-06 03:00:00,1.9426659899772423,0.29983780033635077,1.6428281896408916
2019-08-06 07:00:00,2.0268513159767196,0.39156462058552666,1.6352866953911929
2019-08-06 09:00:00,5.8096744761939965,0.5735525570137616,5.236121919180235
2019-08-06 11:00:00,0.8890220732479706,0.013879216953406314,0.8751428562945642
2019-08-06 13:00:00,2.072670424792306,0.008715539906294608,2.063954884886011
2019-08-06 15:00:00,2.9868843810114045,0.02810405609327807,2.9587803249181266
2019-08-06 17:00:00,2.842613581679126,0.030465140501256933,2.812148441177869
2019-08-06 19:00:00,2.587995149797682,0.021985543340603587,2.5660096064570785
2019-08-06 21:00:00,4.823683542318965,0.7229637095628049,4.10071983275616
2019-08-06 23:00:00,3.504034521713744,0.952060825419766,2.551973696293978
2019-08-07 07:00:00,6.140712637154006,0.007650266117249234,6.133062371036757
2019-08-07 09:00:00,4.571770074732397,1.6699447070090954,2.9018253677233017
2019-08-07 11:00:00,6.743847942060892,1.8288137168550807,4.915034225205812
2019-08-07 13:00:00,4.545646596547728,0.7086616970369906,3.836984899510738
2019-08-07 15:00:00,4.605320505136696,0.09934078675902304,4.505979718377673
2019-08-07 17:00:00,3.215815439623554,0.004433672668244964,3.2113817669553093
2019-08-07 19:00:00,3.1528564912034733,0.07357228554693854,3.079284205656535
2019-08-07 21:00:00,2.91270925861555,0.009791878477924258,2.902917380137626
2019-08-07 23:00:00,5.5205205624724885,0.2718276859054083,5.24869287656708
2019-08-08 01:00:00,7.639312790221871,0.2404290123942364,7.398883777827635
2019-08-08 03:00:00,8.552473697242672,0.06503233570505537,8.487441361537616
2019-08-08 05:00:00,6.35397095517925,0.008779432806290951,6.345191522372959
2019-08-08 07:00:00,6.90201013495235,1.1916561150361775,5.710354019916172
2019-08-08 15:00:00,5.245546442814418,0.006790897557093242,5.238755545257325
2019-08-08 17:00:00,3.9572786167882734,0.0010260736778775446,3.956252543110396
2019-08-08 23:00:00,6.8937106735629134,0.011036552347293298,6.88267412121562
2019-08-09 01:00:00,5.995858099287499,0.038950945262980284,5.956907154024519
2019-08-09 03:00:00,5.512763972096505,0.10984890086630275,5.402915071230202
2019-08-09 05:00:00,5.177772079349582,0.04674117122745619,5.131030908122126
2019-08-09 07:00:00,4.758200826367934,0.023364598807835705,4.7348362275600975
2019-08-09 09:00:00,6.365504936428838,1.2058050665990259,5.159699869829812
2019-08-09 11:00:00,5.785608149254937,1.4231605837109143,4.362447565544023
2019-08-09 13:00:00,2.8968356666532387,1.4159704363031373,1.4808652303501013
2019-08-09 15:00:00,2.2774917344203978,1.339072735208655,0.9384189992117428
2019-08-09 17:00:00,2.0555149303345224,0.0027009987031508175,2.0528139316313716
2019-08-09 19:00:00,2.3208312652171585,0.7792480154286963,1.5415832497884625
2019-08-09 23:00:00,4.95532754151844,0.701338951521312,4.253988589997128
2019-08-10 01:00:00,4.25859873739429,0.0112435352278535,4.247355202166436
2019-08-10 03:00:00,5.895776114089294,0.04798882656554466,5.847787287523749
2019-08-10 07:00:00,6.41005030600361,0.056669428232880306,6.3533808777707295
2019-08-10 09:00:00,6.480914777990436,0.04073927322701575,6.44017550476342
2019-08-10 11:00:00,5.84539969933632,0.00048574584140866593,5.8449139534949115
2019-08-10 15:00:00,6.273529269892725,0.011813832961469485,6.261715436931255
2019-08-10 17:00:00,5.307036311521236,0.01829537193596396,5.288740939585272
2019-08-10 19:00:00,6.378713055720586,0.009416963927278555,6.3692960917933075
2019-08-10 21:00:00,7.230511756896998,0.01437604721516201,7.216135709681836
2019-08-10 23:00:00,7.8839008192339595,0.021608415004249013,7.86229240422971
2019-08-11 01:00:00,8.037356539042642,0.03611747252864054,8.001239066514001
2019-08-11 03:00:00,8.698847154182815,0.47642893085205545,8.22241822333076
2019-08-11 05:00:00,9.706196043348564,1.3319200434881087,8.374275999860455
2019-08-11 07:00:00,8.283419749695822,2.039894332642447,6.243525417053376
2019-08-11 09:00:00,9.615183210264034,0.93893179665935,8.676251413604684
2019-08-11 11:00:00,7.814505970306019,0.6986925768723437,7.115813393433675
2019-08-11 13:00:00,7.414381339742719,0.9297999810348988,6.48458135870782
2019-08-11 15:00:00,6.620479635917427,0.9777296655453687,5.642749970372058
2019-08-11 17:00:00,4.183805174848597,0.5139838997113967,3.669821275137201
2019-08-11 19:00:00,6.610443221744543,0.4080146964460254,6.202428525298518
2019-08-11 21:00:00,7.886678144182379,0.46340097446917944,7.4232771697132
2019-08-11 23:00:00,6.503174858001609,1.1313532893455887,5.37182156865602
2019-08-12 01:00:00,5.040746107667072,1.3869397166339494,3.653806391033123
2019-08-12 03:00:00,5.61757474750441,1.4493800835541926,4.168194663950217
2019-08-12 15:00:00,1.634705011074582,0.022353366970415945,1.612351644104166
2019-08-12 17:00:00,1.9950833997547286,0.004016730128179907,1.9910666696265487
2019-08-12 19:00:00,2.3101365948331654,0.021316654373007487,2.288819940460158
2019-08-12 21:00:00,1.987195533832435,0.011491874210151784,1.9757036596222832
2019-08-12 23:00:00,4.655873993646748,1.680928301985303,2.974945691661445
2019-08-13 01:00:00,6.136906684669073,1.65716819784745,4.479738486821623
2019-08-13 03:00:00,7.284250171890461,0.9736363039482733,6.3106138679421875
2019-08-13 05:00:00,7.086840088327846,1.141570766070276,5.94526932225757
2019-08-13 07:00:00,6.603676027784477,1.0533234993365301,5.550352528447947
2019-08-13 09:00:00,6.945524193901826,1.0327046160312898,5.912819577870536
2019-08-13 11:00:00,4.467457935084185,0.8427251372484063,3.624732797835778
2019-08-13 13:00:00,4.073319074450611,0.7357635063133172,3.3375555681372933
2019-08-13 15:00:00,2.0486563546821177,0.0028204905645670512,2.0458358641175507
2019-08-13 17:00:00,1.774439403372543,0.0014365422338677193,1.7730028611386752
2019-08-13 19:00:00,3.9640288928964837,0.14572952927037458,3.8182993636261093
2019-08-13 21:00:00,2.35427300015385,0.848250020960501,1.5060229791933488
2019-08-13 23:00:00,2.1148399903754824,0.6222542185225063,1.4925857718529763
2019-08-14 01:00:00,2.796939151450356,0.003041083031534288,2.7938980684188217
2019-08-14 03:00:00,2.980819520240367,0.004589830514848723,2.9762296897255185
2019-08-14 05:00:00,2.5975111080237014,0.002708018751951751,2.5948030892717497
2019-08-14 07:00:00,2.0104327048552015,0.003045522747253341,2.0073871821079483
2019-08-14 09:00:00,1.903520561337449,0.007619756169553512,1.8959008051678956
2019-08-14 11:00:00,1.0760119245550201,0.15799725848665974,0.9180146660683605
2019-08-14 13:00:00,1.40364353053916,0.36680136660724955,1.0368421639319103
2019-08-14 15:00:00,4.285741754119708,0.8007765797282734,3.4849651743914345
2019-08-14 17:00:00,1.4504624013903016,0.9518246452054029,0.4986377561848987
2019-08-14 19:00:00,2.703948099613049,0.7941487550594144,1.9097993445536348
2019-08-14 21:00:00,1.7833527370228817,0.7061640683591526,1.077188668663729
2019-08-14 23:00:00,1.194937756624677,0.4542117529259431,0.7407260036987339
2019-08-15 01:00:00,0.9690557557681154,0.6216731080840175,0.3473826476840978
2019-08-15 03:00:00,1.1843945861643017,0.001647267024717154,1.1827473191395845
2019-08-15 05:00:00,1.333333006544129,0.2794240439711576,1.0539089625729714
2019-08-15 07:00:00,4.0155162575322,0.48285677227226115,3.532659485259939
2019-08-15 11:00:00,2.4992508233436923,0.6174093353342937,1.8818414880093985
2019-08-15 13:00:00,0.9609370830781806,0.0012459598434225634,0.959691123234758
2019-08-15 15:00:00,1.2635610050159571,0.0003606530702807367,1.2632003519456765
2019-08-15 17:00:00,0.8863001229971278,0.0034765988982901567,0.8828235240988377
2019-08-15 19:00:00,1.3338117058256351,0.12753569299190867,1.2062760128337264
2019-08-15 21:00:00,1.0626720955907472,0.04549372815770417,1.017178367433043
2019-08-15 23:00:00,1.4015687985169432,0.034947310832625075,1.3666214876843181
2019-08-16 01:00:00,1.3778542481246068,0.12746126363937194,1.2503929844852348
2019-08-16 05:00:00,1.7502620413621452,0.011080397639542942,1.7391816437226022
2019-08-16 07:00:00,1.8995052731873092,0.05025148299545202,1.849253790191857
2019-08-16 09:00:00,2.23277153173378,0.028136509260966516,2.2046350224728135
2019-08-16 11:00:00,2.017135858760464,0.008213029762189277,2.008922828998275
2019-08-16 13:00:00,2.775029603373505,0.02041826228416242,2.7546113410893427
2019-08-16 15:00:00,3.8641810922082476,0.0018237892363847843,3.862357302971863
2019-08-16 17:00:00,7.92661221418013,0.009238761986526626,7.917373452193603
2019-08-16 19:00:00,7.921684540645084,0.1855023306151572,7.736182210029927
2019-08-16 21:00:00,9.26425225104687,0.09488764083213092,9.169364610214739
2019-08-16 23:00:00,8.170638642034147,0.028985380720966177,8.14165326131318
2019-08-17 01:00:00,7.663414438214383,0.009817852549910772,7.653596585664473
2019-08-17 03:00:00,7.771767022291483,0.02921268977410439,7.742554332517378
2019-08-17 05:00:00,7.118410320677971,0.13998757820035646,6.978422742477615
2019-08-17 07:00:00,5.0797787016661,0.13636121695645453,4.943417484709645
2019-08-17 09:00:00,5.966028818333717,0.561870422466905,5.404158395866812
2019-08-17 11:00:00,5.998207701205125,0.8837615593249982,5.114446141880126
2019-08-17 13:00:00,4.858741395996287,0.5145571014624015,4.3441842945338855
2019-08-17 15:00:00,2.124821643240477,0.00015828875004392698,2.1246633544904334
2019-08-17 17:00:00,4.151721030791705,0.646415644529183,3.5053053862625223
2019-08-17 19:00:00,1.5479428307526768,0.0045956085527773995,1.5433472221998994
2019-08-17 21:00:00,1.5514428322900773,0.0012031306113543688,1.5502397016787228
2019-08-17 23:00:00,1.8537748315020488,0.011591846649995467,1.8421829848520532
2019-08-18 01:00:00,5.448313041832901,0.02895753195119026,5.419355509881711
2019-08-18 03:00:00,11.560456417523515,0.14681147295297045,11.413644944570544
2019-08-18 05:00:00,12.97886150782573,0.2708691399474081,12.707992367878322
2019-08-18 07:00:00,7.5173890551419635,0.34573875953124306,7.17165029561072
2019-08-18 09:00:00,7.300057828939589,0.32043870215062586,6.979619126788963
2019-08-18 11:00:00,7.424873176428438,0.3613051268223043,7.0635680496061335
2019-08-18 13:00:00,5.068869929778631,0.0653247587469632,5.003545171031668
2019-08-18 15:00:00,5.247009181261915,0.05303977064193061,5.193969410619984
2019-08-18 17:00:00,5.888670513410668,0.0999150704871822,5.7887554429234855
2019-08-18 21:00:00,4.157087536126928,0.01911888604268547,4.137968650084243
2019-08-18 23:00:00,6.553714878633036,0.4168289637379322,6.136885914895104
2019-08-19 01:00:00,7.5004441241109205,0.42870706460188085,7.07173705950904
2019-08-19 03:00:00,8.545644544677709,1.1004956765164053,7.445148868161303
2019-08-19 05:00:00,7.056717317983322,0.7348885099141524,6.32182880806917
2019-08-19 07:00:00,6.7239584110990105,0.09829995059691801,6.625658460502092
2019-08-19 09:00:00,5.367154970409214,0.08983228146267645,5.277322688946537
2019-08-19 11:00:00,5.431460825395287,0.30647263151893783,5.124988193876349
2019-08-19 13:00:00,2.9594202942971313,0.04133971010710539,2.918080584190026
2019-08-19 15:00:00,1.232003766037094,0.004119153223151154,1.2278846128139427
2019-08-19 17:00:00,2.1271707177015884,0.012309023439439562,2.114861694262149
2019-08-19 19:00:00,1.9625314969326153,0.020879897511787003,1.9416515994208283
2019-08-19 23:00:00,2.108903071530324,0.10059214923046811,2.008310922299856
2019-08-20 01:00:00,1.9624764699034738,0.07431932345378753,1.8881571464496862
2019-08-20 03:00:00,2.3674718150455627,0.019222237220957106,2.3482495778246055
2019-08-20 05:00:00,4.829914782243881,1.3431647045757003,3.4867500776681806
2019-08-20 07:00:00,6.836410589548956,0.7918736030307812,6.044536986518175
2019-08-20 09:00:00,5.086287430262382,0.5491822470448655,4.537105183217516
2019-08-20 11:00:00,1.8693028259161246,0.02080852610426636,1.8484942998118583
2019-08-20 13:00:00,2.4613534437073206,0.0007219370120602706,2.46063150669526
2019-08-20 15:00:00,1.7213555129922362,0.001698376375149375,1.7196571366170867
2019-08-20 17:00:00,1.6096767142488573,0.008448734672230073,1.601227979576627
2019-08-20 19:00:00,1.8040461673182937,0.004727904482261583,1.799318262836032
2019-08-20 21:00:00,1.8072321285635926,0.0068269035384373195,1.8004052250251552
2019-08-20 23:00:00,1.7974267930449346,0.006992563227254526,1.79043422981768
2019-08-21 01:00:00,2.038524136707012,0.010008094796064905,2.0285160419109474
2019-08-21 03:00:00,3.857989784617359,1.4264046974515487,2.4315850871658102
2019-08-21 05:00:00,6.024418557690339,1.019010013434743,5.005408544255596
2019-08-21 07:00:00,7.072068851737774,0.7030045802507084,6.3690642714870656
2019-08-21 09:00:00,6.693128827252617,0.9299646481258069,5.76316417912681
2019-08-21 11:00:00,1.6283854154064124,0.07617898803673963,1.5522064273696727
2019-08-21 13:00:00,2.0210117783619848,0.00657349135529808,2.0144382870066866
2019-08-21 15:00:00,1.8785045997078789,0.054273154069179846,1.824231445638699
2019-08-21 17:00:00,1.7457861877733245,0.00840394846321512,1.7373822393101095
2019-08-21 19:00:00,2.2219260064298845,0.00749620862122012,2.2144297978086644
2019-08-21 21:00:00,1.6008524352161069,0.04850591843155869,1.5523465167845483
2019-08-21 23:00:00,1.397298898159471,0.38857111479956696,1.008727783359904
2019-08-22 01:00:00,1.357862739904632,0.5145966216952056,0.8432661182094263
2019-08-22 03:00:00,1.8997226193300751,0.0871781889374048,1.8125444303926703
2019-08-22 05:00:00,2.08077535989729,0.026615130366685287,2.0541602295306043
2019-08-22 07:00:00,1.4963564217825966,0.17841827169168642,1.3179381500909102
2019-08-22 09:00:00,5.431215408437151,1.123008793425134,4.308206615012017
2019-08-22 11:00:00,1.9451291184232284,0.39745995912961957,1.547669159293609
2019-08-22 13:00:00,2.3833249704211155,0.49991455310174404,1.8834104173193713
2019-08-22 15:00:00,2.11386791919621,0.2916543482375809,1.8222135709586291
2019-08-22 17:00:00,2.565390084976034,0.33406995962626396,2.2313201253497703
2019-08-22 19:00:00,4.204520705610536,0.3773777642515291,3.827142941359007
2019-08-22 21:00:00,4.898146259141958,0.8305896795085226,4.067556579633436
2019-08-22 23:00:00,2.167255310052764,0.8850065124627314,1.2822487975900325
2019-08-23 01:00:00,2.0720187953996234,1.3461680498717665,0.7258507455278568
2019-08-23 03:00:00,2.706089845089105,1.6498283201305877,1.0562615249585172
2019-08-23 05:00:00,2.215309182271295,0.005803023451005476,2.2095061588202896
2019-08-23 07:00:00,1.5611870964652736,0.005899579854212343,1.5552875166110613
2019-08-23 09:00:00,1.912089797714795,0.034734860931815194,1.8773549367829798
2019-08-23 11:00:00,4.868727731442591,0.07933402156839023,4.789393709874201
2019-08-23 13:00:00,4.1648251081566015,0.0018409814956179356,4.162984126660984
2019-08-23 15:00:00,2.2281741485841717,0.001843581447499055,2.2263305671366727
2019-08-23 17:00:00,2.3031682437140857,0.008049439509133251,2.2951188042049524
2019-08-23 19:00:00,2.265676049142348,0.005441634878064828,2.260234414264283
2019-08-23 21:00:00,2.8162857900068747,0.008239892201858993,2.8080458978050156
2019-08-23 23:00:00,2.898712976979805,0.13742517737260318,2.7612877996072016
2019-08-24 01:00:00,3.043603758259714,0.21930140813510776,2.8243023501246065
2019-08-24 03:00:00,2.720583122807671,0.19481915451724535,2.5257639682904256
2019-08-24 07:00:00,2.1118021659406203,0.5182535249348478,1.5935486410057726
2019-08-24 09:00:00,0.8515895590471523,0.048484995092767345,0.8031045639543849
2019-08-24 11:00:00,1.898599403230257,0.8104107943293467,1.0881886089009103
2019-08-24 13:00:00,2.1881775026456585,0.005192775222211609,2.182984727423447
2019-08-24 17:00:00,5.340965009294244,0.2073310048649823,5.133634004429262
2019-08-24 19:00:00,2.350872945080881,0.020378275448746538,2.3304946696321345
2019-08-24 21:00:00,2.775562511767443,0.038314906860768244,2.7372476049066745
2019-08-24 23:00:00,2.978989846684118,0.3900158265885043,2.5889740200956135
2019-08-25 01:00:00,2.421603800989425,0.01374128307185369,2.4078625179175717
2019-08-25 03:00:00,2.460405602887183,0.016302782781409626,2.4441028201057735
2019-08-25 05:00:00,3.6915875132696687,0.04800161767880921,3.6435858955908595
2019-08-25 07:00:00,3.7802572324693395,0.033606910806012025,3.7466503216633273
2019-08-25 09:00:00,3.2130661832439906,0.03249435001328356,3.180571833230707
2019-08-25 11:00:00,3.6310538640108687,0.04860636870855586,3.5824474953023127
2019-08-25 13:00:00,1.656875816556581,0.01141596819783965,1.6454598483587413
2019-08-25 15:00:00,1.3665362145263469,0.019849549351064796,1.346686665175282
2019-08-25 17:00:00,4.163407807266008,0.29214276746383144,3.8712650398021764
2019-08-25 19:00:00,3.2942310042750473,0.15284504895214637,3.141385955322901
2019-08-25 21:00:00,2.821094885983196,0.006837720953964879,2.814257165029231
2019-08-25 23:00:00,1.8476679199991308,0.003168906935662364,1.8444990130634684
2019-08-26 01:00:00,7.25971675605865,0.9943445915983095,6.265372164460341
2019-08-26 03:00:00,8.813509640843897,0.8997243855531858,7.91378525529071
2019-08-26 05:00:00,10.078872320083832,0.863049622935114,9.215822697148718
2019-08-26 07:00:00,8.868792646336194,1.301308328911728,7.567484317424467
2019-08-26 09:00:00,8.296116001093573,1.2553282090713531,7.04078779202222
2019-08-26 11:00:00,6.580346644872408,1.0355371695725282,5.54480947529988
2019-08-26 13:00:00,4.334118891579013,0.001970974869854426,4.332147916709159
2019-08-26 15:00:00,5.073367210800158,0.0013485894485405813,5.072018621351617
2019-08-26 19:00:00,5.911322778489034,0.00047017563638267884,5.910852602852652
2019-08-26 21:00:00,7.04555577410995,0.00965434876051335,7.0359014253494365
2019-08-26 23:00:00,7.959490873222509,0.015742038221492654,7.943748835001016
2019-08-27 01:00:00,8.091719529955208,0.012952559841685854,8.078766970113522
2019-08-27 03:00:00,8.1736018994985,0.012148744055848168,8.161453155442652
2019-08-27 05:00:00,10.036634158382688,0.01545183461844714,10.02118232376424
2019-08-27 07:00:00,8.175714779680414,0.008546021807296602,8.167168757873117
2019-08-27 11:00:00,8.221907008528966,0.008571931039119112,8.213335077489846
2019-08-27 13:00:00,11.07177036367245,0.04833171235178439,11.023438651320665
2019-08-27 15:00:00,9.671678738477466,0.03835945090227871,9.633319287575187
2019-08-27 17:00:00,11.295442552386142,0.016713631603582236,11.278728920782559
2019-08-27 19:00:00,11.482967564419488,0.02455082602441014,11.458416738395078
2019-08-27 21:00:00,12.7205019560849,0.016097161152851633,12.70440479493205
2019-08-27 23:00:00,13.775424607626638,0.0324750330496759,13.742949574576961
2019-08-28 01:00:00,16.093805718181418,0.13340296681273067,15.960402751368687
2019-08-28 03:00:00,15.58622760777359,0.09633098901626425,15.489896618757326
2019-08-28 05:00:00,16.36025620007083,0.11551495105981795,16.24474124901101
2019-08-28 07:00:00,15.175420683912568,0.016414892128062013,15.159005791784507
2019-08-28 09:00:00,13.7528681958742,0.006955087235547996,13.745913108638652
2019-08-28 11:00:00,12.497756522847821,0.021016947476355678,12.476739575371464
2019-08-28 13:00:00,14.799008612556612,0.013803708305674473,14.785204904250937
2019-08-28 15:00:00,14.710335512586731,0.006609289153229899,14.7037262234335
2019-08-28 17:00:00,12.638067756967986,0.020957462132107644,12.617110294835879
2019-08-28 19:00:00,11.397147001515545,0.006695298007006367,11.390451703508539
2019-08-28 21:00:00,12.90068232956909,0.02833193814696524,12.872350391422124
2019-08-28 23:00:00,14.808837331788903,0.06049144803106324,14.748345883757839
2019-08-29 05:00:00,14.984545537173165,0.7146419883742231,14.269903548798942
2019-08-29 07:00:00,13.533816432123208,0.5127051259611695,13.02111130616204
2019-08-29 09:00:00,10.47144909453185,0.059363285926659085,10.412085808605191
2019-08-29 11:00:00,11.582434110636802,0.15585587303615497,11.426578237600648
2019-08-29 13:00:00,8.03347978415531,0.021747775558424328,8.011732008596885
2019-08-29 15:00:00,4.6975975051074075,0.032728572967776925,4.664868932139631
2019-08-29 17:00:00,7.011850021499338,0.14436595213546818,6.86748406936387
2019-08-29 19:00:00,7.855105699965334,0.6055482486039897,7.249557451361344
2019-08-29 21:00:00,5.676604805807159,0.33295877982428046,5.343646025982879
2019-08-29 23:00:00,7.51886773668086,0.2898073438896082,7.229060392791252
2019-08-30 05:00:00,10.133482024407984,0.5675411845421909,9.565940839865792
2019-08-30 07:00:00,9.934371285442586,0.44997890157728654,9.484392383865298
2019-08-30 09:00:00,9.489943891219186,0.20762157825610453,9.282322312963082
2019-08-30 11:00:00,10.952218591793178,0.7235337474102219,10.228684844382956
2019-08-30 13:00:00,10.199316716492808,0.07529288691123409,10.124023829581574
2019-08-30 15:00:00,10.08529381618413,0.02608485875966519,10.059208957424465
2019-08-30 17:00:00,11.391561757029017,0.3842380684147833,11.007323688614234
2019-08-30 19:00:00,7.09659858603487,0.7239785557523052,6.372620030282564
2019-08-30 21:00:00,6.3118363515566545,0.5309638881981102,5.780872463358544
2019-08-30 23:00:00,2.5384523982701426,0.3488596055892521,2.1895927926808905
2019-08-31 01:00:00,2.6540686583594213,0.7341656819205756,1.9199029764388458
2019-08-31 03:00:00,2.6407778027220323,0.40649015569058405,2.234287647031448
2019-08-31 05:00:00,2.4345608864417256,0.018825261263342757,2.415735625178383
2019-08-31 07:00:00,2.4267089020028396,0.03361151846608546,2.393097383536754
2019-08-31 09:00:00,3.2002536591513775,0.3181799015901941,2.8820737575611832
2019-08-31 11:00:00,3.2740539782743254,0.13334362841093356,3.140710349863392
2019-08-31 13:00:00,3.144986566242551,0.0010610836644721782,3.1439254825780787
2019-08-31 15:00:00,3.5839714288789906,0.0005391948113297063,3.583432234067661
2019-08-31 17:00:00,4.067862577507471,0.001665432649119063,4.066197144858352
2019-08-31 19:00:00,4.408570850605302,0.0019359559485639102,4.4066348946567375
2019-08-31 21:00:00,5.688929603391424,0.002026371694551396,5.686903231696872
2019-08-31 23:00:00,5.580237391390409,0.008557829090281424,5.571679562300128
2019-09-01 01:00:00,6.1570065251737205,0.011095800710510197,6.14591072446321
2019-09-01 03:00:00,4.478583271154363,0.006293707356811975,4.472289563797552
2019-09-01 05:00:00,5.181641115007256,0.05256732658262268,5.129073788424633
2019-09-01 07:00:00,12.481389125829455,1.5805354195057175,10.900853706323737
2019-09-01 09:00:00,10.26041685983103,1.1167773656703281,9.143639494160702
2019-09-01 11:00:00,6.973125435964739,0.24651386171597275,6.726611574248767
2019-09-01 13:00:00,4.243876662662176,0.0028511604801796887,4.241025502181996
2019-09-01 15:00:00,4.717811573711827,0.0037871418527497215,4.714024431859077
2019-09-01 17:00:00,4.987780368085704,0.0033525684193290908,4.984427799666375
2019-09-01 19:00:00,5.080395872877564,0.014708233852008206,5.065687639025556
2019-09-01 21:00:00,5.164662810506024,0.2534415039069613,4.911221306599063
2019-09-01 23:00:00,4.543883781869686,0.22053899563174123,4.323344786237945
2019-09-02 01:00:00,4.720478968010323,0.22791005134095427,4.492568916669369
2019-09-02 03:00:00,4.7163502696216035,0.41399788883025973,4.302352380791344
2019-09-02 05:00:00,6.442292422248156,0.1628515717840415,6.279440850464114
2019-09-02 07:00:00,6.205562921500667,0.05599939094888971,6.149563530551777
2019-09-02 09:00:00,5.721133117365873,0.03515700125710645,5.685976116108766
2019-09-02 11:00:00,7.373142571217188,0.1122041805463947,7.260938390670793
2019-09-02 13:00:00,7.4694779023684,0.12144200202794461,7.348035900340455
2019-09-02 15:00:00,6.847148990380875,0.05289497757278006,6.794254012808095
2019-09-02 17:00:00,1.5428643069533658,0.007342278529554487,1.5355220284238114
2019-09-02 19:00:00,3.567263036263914,0.2075775555793117,3.3596854806846026
2019-09-02 21:00:00,4.023568230370728,0.6484220408386547,3.3751461895320727
2019-09-02 23:00:00,1.2772995481150198,1.0067320213095696,0.27056752680545004
2019-09-03 01:00:00,1.8765060463927832,0.06104387435935198,1.8154621720334312
2019-09-03 03:00:00,2.128394519124562,0.4121574439628384,1.7162370751617237
2019-09-03 05:00:00,2.4113678455535856,0.25757669631560937,2.153791149237976
2019-09-03 07:00:00,4.24161070347413,1.2636894528873568,2.9779212505867734
2019-09-03 09:00:00,1.2754714758741867,0.26147971414951443,1.0139917617246723
2019-09-03 11:00:00,1.1175765729171934,0.15245590940071704,0.9651206635164763
2019-09-03 13:00:00,1.7491952889412192,0.2692163878188508,1.4799789011223685
2019-09-03 15:00:00,2.1632658238717597,0.008208061539599796,2.15505776233216
2019-09-03 17:00:00,2.035395523118497,0.009113455369342672,2.026282067749154
2019-09-03 19:00:00,2.3836335904267187,0.007696979711110063,2.3759366107156086
2019-09-03 21:00:00,2.592324691687297,0.03239978008020606,2.559924911607091
2019-09-03 23:00:00,2.3761288020889757,0.05275051449445611,2.3233782875945197
2019-09-04 01:00:00,2.484458179903157,0.04999874132120373,2.4344594385819533
2019-09-04 03:00:00,1.2538218696448906,0.8223225322896655,0.43149933735522517
2019-09-04 05:00:00,1.2434373725604098,0.7684339689780648,0.47500340358234483
2019-09-04 07:00:00,1.2991848870897313,0.16113232476974682,1.1380525623199844
2019-09-04 09:00:00,3.802651343590868,0.3088325166339154,3.493818826956953
2019-09-04 11:00:00,4.9110744845968215,0.4826710997311016,4.42840338486572
2019-09-04 13:00:00,4.468661372265817,0.49807579600402996,3.9705855762617874
2019-09-04 15:00:00,2.1664136990948957,0.45441968533608423,1.7119940137588114
2019-09-04 19:00:00,0.8617398735793383,0.0018193161515894464,0.8599205574277489
2019-09-04 21:00:00,0.8945775400295107,0.006592463503508958,0.8879850765260018
2019-09-04 23:00:00,0.9017448794051761,0.00829446800962841,0.8934504113955477
2019-09-05 01:00:00,1.072064231311497,0.019876181938431436,1.0521880493730655
2019-09-05 03:00:00,1.1270049773935071,0.0863747091437126,1.0406302682497945
2019-09-05 07:00:00,2.947533855277114,0.9240664433286434,2.0234674119484706
2019-09-05 09:00:00,3.420259941020207,0.6994187564196491,2.7208411846005576
2019-09-05 11:00:00,4.647005684993638,0.39848797628291727,4.248517708710721
2019-09-05 13:00:00,4.232316291316985,0.21875461163322435,4.01356167968376
2019-09-05 15:00:00,2.7294837960353786,0.07017704551165453,2.659306750523724
2019-09-05 19:00:00,2.531282355450196,0.009471693237923382,2.5218106622122725
2019-09-05 21:00:00,2.923454250470036,0.032306464405651304,2.8911477860643844
2019-09-05 23:00:00,2.557946786465868,0.06893481265707085,2.489011973808797
2019-09-06 01:00:00,2.16582706400088,0.16794126860023006,1.99788579540065
2019-09-06 03:00:00,1.8723517443678337,0.1332140698781455,1.7391376744896883
2019-09-06 05:00:00,2.5080322269680426,0.1806975440957801,2.3273346828722627
2019-09-06 09:00:00,1.5271257479537554,0.2468367742016013,1.2802889737521541
2019-09-06 13:00:00,2.186334324112694,0.47849379573657086,1.7078405283761233
2019-09-06 21:00:00,0.9678520276520072,0.06636485619309859,0.9014871714589086
2019-09-06 23:00:00,0.5438846776958625,0.18341947179717558,0.3604652058986869
2019-09-07 01:00:00,0.580432238093159,0.3060818965885641,0.27435034150459486
2019-09-07 05:00:00,1.1096889522170024,0.6805840903760679,0.4291048618409343
2019-09-07 07:00:00,0.906755860049372,0.7222226034443541,0.18453325660501793
2019-09-07 09:00:00,1.568993620577348,0.5912180947146353,0.9777755258627129
2019-09-07 11:00:00,1.1888468116784907,0.8540201473789228,0.3348266642995678
2019-09-07 13:00:00,1.305093760739836,0.18790518955450414,1.117188571185332
2019-09-07 15:00:00,1.617203597005564,0.3583116971884207,1.2588918998171432
2019-09-07 17:00:00,2.2155083186834434,0.6841261006823347,1.5313822180011087
2019-09-07 19:00:00,2.686558915771373,0.6500665479887611,2.036492367782612
2019-09-07 21:00:00,0.845382807629638,0.5273053821403031,0.31807742548933493
2019-09-07 23:00:00,2.3942195644778423,0.9381931316380435,1.4560264328397987
2019-09-08 01:00:00,5.58189362865267,0.7484445942757422,4.833449034376928
2019-09-08 03:00:00,6.109263630642346,1.2723247172882735,4.836938913354072
2019-09-08 05:00:00,4.570568218025274,2.10990298021906,2.460665237806214
2019-09-08 07:00:00,4.5257541105515156,2.200488157605842,2.325265952945674
2019-09-08 09:00:00,4.8829787484883855,1.74794433548026,3.135034413008125
2019-09-08 11:00:00,2.1195898334203904,1.0016078625495914,1.117981970870799
2019-09-08 13:00:00,2.6740606835745577,0.0018593606328386521,2.672201322941719
2019-09-08 15:00:00,2.2938444307836114,0.03318324517280313,2.2606611856108083
2019-09-08 17:00:00,2.3628866342530603,0.011088390096490142,2.35179824415657
2019-09-08 19:00:00,2.5146433697486055,0.019335785862780695,2.495307583885825
2019-09-08 21:00:00,2.8589466867880313,0.041048679874536004,2.817898006913495
2019-09-08 23:00:00,2.6447480259008898,0.004873371874251665,2.639874654026638
2019-09-09 01:00:00,2.5162256016742632,0.011812088065029761,2.5044135136092334
2019-09-09 05:00:00,2.3413388912921347,0.0005887716238703105,2.3407501196682645
2019-09-09 07:00:00,2.913186516187292,0.0010897166803761867,2.912096799506916
2019-09-09 09:00:00,3.705219537914659,0.02093250807647628,3.684287029838183
2019-09-09 11:00:00,5.760770810368179,0.06374319323917357,5.697027617129005
2019-09-09 13:00:00,5.625759327348587,0.0614753279825812,5.564283999366006
2019-09-09 15:00:00,5.82561749786429,0.09082230555244483,5.734795192311845
2019-09-09 17:00:00,8.039143493798424,0.40213726868468325,7.6370062251137405
2019-09-09 23:00:00,11.200030874191967,0.939509427050557,10.260521447141409
2019-09-10 01:00:00,11.372376451867934,0.79264853091935,10.579727920948585
2019-09-10 03:00:00,9.577430281374665,0.6991511900803979,8.878279091294267
2019-09-10 05:00:00,11.247096276942933,0.5329054192523399,10.714190857690594
2019-09-10 07:00:00,9.791422569750333,0.4852957533626989,9.306126816387634
2019-09-10 09:00:00,9.499295222511392,0.3319909802110627,9.16730424230033
2019-09-10 11:00:00,9.096420716735327,0.1881805843738593,8.908240132361469
2019-09-10 13:00:00,12.472769326123059,0.00723775401312094,12.465531572109938
2019-09-10 15:00:00,12.602136245206601,0.005457988266311613,12.59667825694029
2019-09-10 17:00:00,15.605646215425375,0.019179566536607125,15.586466648888768
2019-09-10 19:00:00,14.410396994562328,0.004448865398290284,14.405948129164038
2019-09-11 01:00:00,19.69108619693438,2.4701593216755553,17.220926875258822
2019-09-11 03:00:00,19.628646163186037,2.1120364369450093,17.51660972624103
2019-09-11 11:00:00,4.424704732204782,0.0272700090788531,4.397434723125929
2019-09-11 13:00:00,3.9659982492854153,0.05819150168546903,3.9078067475999463
2019-09-11 15:00:00,4.385179429908345,0.1319764726232459,4.253202957285099
2019-09-11 17:00:00,7.724548490634773,0.17200957753690857,7.552538913097865
2019-09-11 19:00:00,4.356764071939568,0.17928553086324722,4.177478541076321
2019-09-11 21:00:00,7.381645729390432,0.1834400414207355,7.198205687969697
2019-09-11 23:00:00,9.391909894210677,0.16853407580282964,9.223375818407847
2019-09-12 01:00:00,4.42005577806989,0.05945119074860582,4.360604587321284
2019-09-12 03:00:00,4.249182407571904,0.09278970302778602,4.156392704544118
2019-09-12 05:00:00,4.6376576826165685,0.17604982777392114,4.461607854842647
2019-09-12 07:00:00,5.378209286505782,0.1782664636459764,5.199942822859805
2019-09-12 09:00:00,6.0815200717126405,0.13246722659620014,5.94905284511644
2019-09-12 11:00:00,5.038688252580623,0.194854891172426,4.843833361408197
2019-09-12 13:00:00,1.3174140006760353,0.008404122402984878,1.3090098782730504
2019-09-12 15:00:00,1.0375615415190902,0.0075720715817320615,1.0299894699373582
2019-09-12 17:00:00,2.5186178985342766,0.16705818761612676,2.35155971091815
2019-09-12 19:00:00,1.0664443813024167,0.021294221318106415,1.0451501599843103
2019-09-12 21:00:00,1.095793430903035,0.035356756037927636,1.0604366748651075
2019-09-12 23:00:00,3.104327775322199,0.6554752847239897,2.448852490598209
2019-09-13 03:00:00,2.204193298089225,0.6911579929687656,1.5130353051204593
2019-09-13 05:00:00,1.4970758458433933,0.6135168152158453,0.883559030627548
2019-09-13 07:00:00,2.2657469152688297,0.6029526866746828,1.6627942285941466
2019-09-13 09:00:00,0.7966046625477106,0.545917558581032,0.2506871039666786
2019-09-13 11:00:00,0.723260736388903,0.5468375208245717,0.1764232155643313
2019-09-13 13:00:00,0.18754512402181053,0.02224054261189151,0.16530458140991902
2019-09-13 15:00:00,0.39472324088067884,0.02776422699728547,0.36695901388339336
2019-09-13 17:00:00,0.8930927828834349,0.02687476334021966,0.8662180195432152
2019-09-13 19:00:00,0.5356692369841289,0.017246527886450518,0.5184227090976784
2019-09-13 21:00:00,0.6605483198362475,0.04014328070667061,0.6204050391295769
2019-09-14 01:00:00,0.9018218807962376,0.13494459823456642,0.7668772825616712
2019-09-14 05:00:00,1.0339547009761616,0.2366670611031354,0.7972876398730262
2019-09-14 09:00:00,0.6281544629765978,0.09782360848688675,0.5303308544897111
2019-09-14 11:00:00,1.4367924448636724,0.21862198886922446,1.218170455994448
2019-09-14 15:00:00,0.03553900100316741,0.018219218454881947,0.017319782548285464
2019-09-14 17:00:00,0.23599823692491215,0.012010414337586678,0.22398782258732547
2019-09-14 19:00:00,0.4766246589281327,0.03865531313122738,0.43796934579690533
2019-09-14 23:00:00,3.646407408762263,0.2458885571827461,3.400518851579517
2019-09-15 01:00:00,1.8875592266293517,0.3745802871765707,1.512978939452781
2019-09-15 03:00:00,2.9385573398795013,0.7009146279773315,2.23764271190217
2019-09-15 07:00:00,1.0933052108679444,0.4165139612209345,0.6767912496470099
2019-09-15 11:00:00,0.7436176526930439,0.19736001863657324,0.5462576340564707
2019-09-15 13:00:00,1.1757430437124277,0.1376373013462669,1.0381057423661608
2019-09-16 01:00:00,0.9915150469561169,0.18200874321629132,0.8095063037398256
2019-09-16 03:00:00,1.0746721035116236,0.16784331408961192,0.9068287894220117
2019-09-16 11:00:00,0.34599407573056523,0.1735031841202144,0.17249089161035083
2019-09-16 13:00:00,3.0929588683394247,0.22116531526948324,2.871793553069941
2019-09-16 15:00:00,3.2382645107590253,0.3600676339140356,2.8781968768449895
2019-09-16 17:00:00,3.716020774991015,0.596898941269123,3.119121833721892
2019-09-16 19:00:00,1.5356112230983088,0.04834032286976178,1.487270900228547
2019-09-16 21:00:00,1.226745244621851,0.024836533503105118,1.2019087111187459
2019-09-16 23:00:00,4.024776719668191,0.1473451106682306,3.8774316089999608
2019-09-17 01:00:00,4.5901486474970845,0.20710342003309784,4.383045227463986
2019-09-17 03:00:00,5.010033864890428,0.2654545307746053,4.744579334115822
2019-09-17 05:00:00,3.262251938243582,0.32247856265334185,2.93977337559024
2019-09-17 07:00:00,2.688370333378721,0.3306983503452372,2.357671983033484
2019-09-17 09:00:00,2.0691738300208273,0.8010770118521655,1.2680968181686616
2019-09-17 11:00:00,1.4230343165491806,0.35032104690266586,1.0727132696465147
2019-09-17 13:00:00,0.7564335900014091,0.008973255994715773,0.7474603340066933
2019-09-17 17:00:00,0.7690916186930122,0.07424548907324845,0.6948461296197638
2019-09-17 21:00:00,0.6610904925246093,0.05611898273875262,0.6049715097858567
2019-09-17 23:00:00,2.4289363025504462,0.3716421601857576,2.0572941423646887
2019-09-18 01:00:00,3.2150971640825667,0.4327367977056114,2.782360366376955
2019-09-18 03:00:00,3.025196058703529,0.22342427358223402,2.801771785121295
2019-09-18 05:00:00,2.443338029006421,0.22290916017018853,2.2204288688362324
2019-09-18 09:00:00,3.0223743153912244,0.3347510716048807,2.6876232437863434
2019-09-18 11:00:00,2.270418106641151,0.25684886977302085,2.01356923686813
2019-09-18 13:00:00,0.12508134793458886,0.0035254931443553118,0.12155585479023355
2019-09-18 15:00:00,0.42277703372407804,0.011787067835357988,0.41098996588872005
2019-09-18 17:00:00,2.308886197911058,0.047718641829997306,2.2611675560810607
2019-09-18 19:00:00,2.165350667643604,0.08400853232847345,2.0813421353151305
2019-09-18 21:00:00,2.793455042212436,0.140107386545086,2.65334765566735
2019-09-18 23:00:00,2.500039947625819,0.18599265528196113,2.3140472923438575
2019-09-19 01:00:00,2.838202252306977,0.2394278380761926,2.5987744142307845
2019-09-19 03:00:00,2.749250051576643,0.3496385181800951,2.399611533396548
2019-09-19 05:00:00,2.3618501516869497,0.3360218994750024,2.025828252211947
2019-09-19 07:00:00,1.3880302906343285,0.014535965825072095,1.3734943248092564
2019-09-19 13:00:00,1.099643916067008,0.044345218886786164,1.0552986971802218
2019-09-19 15:00:00,0.24153845530889403,0.009561772874522399,0.23197668243437164
2019-09-19 17:00:00,3.5405829327953366,0.19340632065137617,3.3471766121439606
2019-09-19 19:00:00,2.9007393460734865,0.14902747575267766,2.751711870320809
2019-09-19 21:00:00,0.7386423090794256,0.03964996768252005,0.6989923413969056
2019-09-19 23:00:00,1.8286615784963256,0.11919833649423753,1.709463242002088
2019-09-20 01:00:00,1.663059959431307,0.224902788152838,1.4381571712784689
2019-09-20 05:00:00,2.1747159099072837,0.3348179367278006,1.8398979731794831
2019-09-20 07:00:00,2.1383643893081308,0.40129267027883464,1.737071719029296
2019-09-20 09:00:00,1.9154160426225613,0.30732668065847407,1.6080893619640872
2019-09-20 11:00:00,1.3265503859714762,0.2230040503946581,1.103546335576818
2019-09-20 17:00:00,0.48996741244348385,0.10551288082549679,0.3844545316179871
2019-09-20 19:00:00,1.5417115194134858,0.20167612254616019,1.3400353968673255
2019-09-20 21:00:00,0.9194131989788734,0.2772409429062927,0.6421722560725807
2019-09-20 23:00:00,0.8130628740228645,0.152839480491326,0.6602233935315385
2019-09-21 01:00:00,0.9386276464872343,0.1718797034296617,0.7667479430575727
2019-09-21 03:00:00,2.0442585402300892,0.27457306934658327,1.7696854708835061
2019-09-21 05:00:00,2.7508535918222656,0.4359719941646877,2.314881597657578
2019-09-21 07:00:00,3.2530099004753974,0.4338605294109651,2.8191493710644324
2019-09-21 09:00:00,4.648288592621863,0.3945026313220509,4.253785961299812
2019-09-21 11:00:00,1.0881487453040535,0.3201616332900544,0.7679871120139989
2019-09-21 17:00:00,0.7226319851471898,0.18533631182141103,0.5372956733257788
2019-09-21 19:00:00,1.8777098325993402,0.1836261765888194,1.6940836560105208
2019-09-21 21:00:00,1.6976024894757114,0.25738529926086107,1.4402171902148504
2019-09-21 23:00:00,1.3462080279085393,0.24988974681847387,1.0963182810900653
2019-09-22 01:00:00,1.108204731529403,0.38712171137723006,0.7210830201521731
2019-09-22 05:00:00,2.519327827857998,0.5200547403518716,1.999273087506126
2019-09-22 07:00:00,1.3878589384168514,0.5327969689888175,0.8550619694280338
2019-09-22 09:00:00,0.39599264593161876,0.10823767959976843,0.2877549663318503
2019-09-22 11:00:00,0.6749613144568711,0.04412289814870534,0.6308384163081658
2019-09-22 13:00:00,0.5436226026440274,0.023444818881538453,0.5201777837624889
2019-09-22 15:00:00,0.48319053924065386,0.02793325556622327,0.4552572836744306
2019-09-22 19:00:00,0.31250537873968426,0.004333692058312985,0.3081716866813713
2019-09-22 21:00:00,0.4898853069041948,0.014436591414226298,0.4754487154899685
2019-09-23 01:00:00,1.5349035519386043,0.05511654649861675,1.4797870054399875
2019-09-23 03:00:00,2.0668525602855734,0.11266544156753544,1.9541871187180377
2019-09-23 07:00:00,2.9250049115059547,0.33426907773296466,2.59073583377299
2019-09-23 13:00:00,1.3102967691926137,0.08494410960549917,1.2253526595871145
2019-09-23 17:00:00,1.7615629429807431,0.01219994316017619,1.7493629998205669
2019-09-23 19:00:00,0.9817085625828398,0.05592062905282066,0.9257879335300191
2019-09-23 21:00:00,1.427320899137687,0.07421143512436718,1.3531094640133197
2019-09-23 23:00:00,1.1268805443912608,0.11391143826071556,1.0129691061305452
2019-09-24 03:00:00,1.3666400935480878,0.19165156350699913,1.1749885300410887
2019-09-24 05:00:00,1.3217280558105426,0.3249803418871585,0.9967477139233841
2019-09-24 07:00:00,2.1517542481749543,0.4570897203086892,1.694664527866265
2019-09-24 09:00:00,3.2225069601497784,0.6736100799260972,2.548896880223681
2019-09-24 11:00:00,2.132815225201294,0.42047727208775326,1.7123379531135408
2019-09-24 13:00:00,1.667319595683405,0.26691948283564076,1.4004001128477643
2019-09-24 15:00:00,2.065954763228815,0.41253223616209633,1.6534225270667187
2019-09-24 17:00:00,1.5204225664982374,0.3414271440330033,1.1789954224652341
2019-09-24 19:00:00,1.5558176399799963,0.39318946379464514,1.1626281761853512
2019-09-24 23:00:00,1.2158561303900732,0.6245274864750808,0.5913286439149924
2019-09-25 01:00:00,0.9522354449786216,0.5805359696187813,0.37169947535984027
2019-09-25 03:00:00,0.7006712549826493,0.5736189165427616,0.12705233843988756
2019-09-25 05:00:00,0.7602774331139823,0.4368065319109397,0.32347090120304267
2019-09-25 07:00:00,1.5060147274184073,0.003983332479878198,1.502031394938529
2019-09-26 01:00:00,1.7480810098225903,0.00036261489536369647,1.7477183949272266
2019-09-26 03:00:00,2.310500314304138,0.0031494512063757947,2.307350863097762
2019-09-26 05:00:00,2.4844268702761,0.00881236999105798,2.475614500285042
2019-09-26 07:00:00,2.4214744528674452,0.004330991986364451,2.4171434608810807
2019-09-26 09:00:00,1.4908227316625868,0.0053294008009093456,1.4854933308616776
2019-09-26 11:00:00,0.9787431125534171,0.007466883713144249,0.9712762288402728
2019-09-26 17:00:00,1.5130495767066225,0.004800592846280881,1.5082489838603417
2019-09-26 19:00:00,1.7518788713477136,0.0159873898876942,1.7358914814600195
2019-09-26 21:00:00,2.100484594286105,0.03222725290180384,2.0682573413843013
2019-09-26 23:00:00,3.053905365793881,0.056744428821809974,2.9971609369720706
2019-09-27 01:00:00,4.1377006618552565,0.10436303540969097,4.033337626445565
2019-09-27 03:00:00,4.006165009319562,0.0850021519246623,3.9211628573949
2019-09-27 05:00:00,3.478436585349241,0.07551284327473223,3.402923742074509
2019-09-27 07:00:00,3.175948851757842,0.05735534108856508,3.118593510669277
2019-09-27 09:00:00,3.7460253031798914,0.1961759586137747,3.5498493445661166
2019-09-27 11:00:00,2.4187074046592607,0.11956850512769875,2.299138899531562
2019-09-27 13:00:00,2.7140332858476333,0.13267731253290188,2.5813559733147313
2019-09-27 15:00:00,0.8397875842831126,0.010713401717397007,0.8290741825657156
2019-09-27 17:00:00,0.8490471272166321,0.0074528203896408055,0.8415943068269913
2019-09-28 09:00:00,2.800771861198903,0.6844378950424533,2.1163339661564495
2019-09-28 11:00:00,0.8283128184061008,0.0003301621394612137,0.8279826562666396
2019-09-28 13:00:00,1.5125072238277202,0.00044458465515813736,1.512062639172562
2019-09-28 15:00:00,0.7365655054187282,0.003995771807460703,0.7325697336112675
2019-09-28 17:00:00,2.6042572816655634,0.3880387411196991,2.216218540545864
2019-09-28 19:00:00,5.414843810565956,0.8319965852291311,4.582847225336825
2019-09-28 21:00:00,5.75940338963155,0.8527795154400646,4.906623874191485
2019-09-28 23:00:00,6.7449330055248495,1.8230251388948644,4.921907866629986
2019-09-29 01:00:00,4.386823269430725,0.09372421803894165,4.293099051391784
2019-09-29 03:00:00,8.32161743065432,0.40204416036532714,7.919573270288992
2019-09-29 05:00:00,12.119601360262969,0.454016143151086,11.665585217111882
2019-09-29 07:00:00,12.484935786960268,0.30961071844957444,12.175325068510693
2019-09-29 11:00:00,2.928184214083929,0.14318323304162583,2.7850009810423035
2019-09-29 13:00:00,1.9947878803087595,0.10041167510566248,1.894376205203097
2019-09-29 15:00:00,1.9385172430199897,0.19775635372072697,1.7407608892992628
2019-09-29 17:00:00,3.274207586391504,0.3734496491492307,2.900757937242273
2019-09-29 19:00:00,4.816114370677611,0.3964783031836146,4.419636067493997
2019-09-29 21:00:00,6.723913051707132,0.07666927150824038,6.647243780198892
2019-09-29 23:00:00,7.290447702786151,0.0347085223102398,7.255739180475912
2019-09-30 01:00:00,7.700974559962165,0.23397617525923775,7.4669983847029275
2019-09-30 03:00:00,7.845458290634307,0.18912179876526364,7.656336491869043
2019-09-30 05:00:00,7.633757289363412,0.19840791106828234,7.435349378295129
2019-09-30 07:00:00,6.4281669344570425,0.3598524025568162,6.068314531900226
2019-09-30 09:00:00,5.759730692370346,0.32045589268528063,5.439274799685066
2019-09-30 11:00:00,4.576375082226978,0.32703515521128357,4.249339927015694
2019-09-30 15:00:00,1.6575375852273568,0.2372946361790352,1.4202429490483217
2019-09-30 17:00:00,0.9519536689745948,0.00626918132402448,0.9456844876505703
2019-09-30 19:00:00,1.263750868033703,0.0065893457028688195,1.2571615223308343
2019-09-30 21:00:00,1.0748967519747732,0.06035327893690758,1.0145434730378655
2019-09-30 23:00:00,0.9668211321184657,0.11283051171873973,0.853990620399726
2019-10-01 01:00:00,7.475870346527849,0.38334660940345,7.092523737124399
2019-10-01 03:00:00,3.2686651393542623,0.22791135258397915,3.040753786770283
2019-10-01 05:00:00,1.596138341684559,0.2198882010667007,1.3762501406178582
2019-10-01 07:00:00,0.39221557529590645,0.01134469376175176,0.3808708815341547
2019-10-01 11:00:00,0.8943747010200481,0.054344712661304806,0.8400299883587433
2019-10-01 13:00:00,0.8538361423688494,0.03470959540736922,0.8191265469614802
2019-10-01 19:00:00,0.6859895691971438,0.052423943010074144,0.6335656261870697
2019-10-01 21:00:00,0.7072960398109116,0.034757302652799325,0.6725387371581123
2019-10-01 23:00:00,1.2277014775598163,0.12173564124759566,1.1059658363122207
2019-10-02 01:00:00,0.8568766108143167,0.22848054311817606,0.6283960676961406
2019-10-02 03:00:00,1.4466420312568191,0.2803494156913201,1.166292615565499
2019-10-02 13:00:00,0.6407641315058937,0.003864881463005404,0.6368992500428883
2019-10-02 15:00:00,0.585301293477096,0.006975055164775918,0.5783262383123201
2019-10-02 19:00:00,0.9528639637472438,0.006351380602755427,0.9465125831444884
2019-10-02 21:00:00,1.0548895923476487,0.039640267491630056,1.0152493248560186
2019-10-02 23:00:00,1.0297803377685677,0.03651482630624315,0.9932655114623246
2019-10-03 01:00:00,2.7423947251190874,0.09797008221212418,2.644424642906963
2019-10-03 03:00:00,1.6868066431002644,0.08734097164801706,1.5994656714522473
2019-10-03 05:00:00,0.5292368671500854,0.013564179269229502,0.515672687880856
2019-10-03 07:00:00,0.5925583283937647,0.008973912847328668,0.583584415546436
2019-10-03 09:00:00,1.5057161198630067,0.03710644094391105,1.4686096789190957
2019-10-03 11:00:00,2.5721794528015796,0.03261651613128208,2.5395629366702974
2019-10-03 13:00:00,3.150681003900419,0.022298257585355453,3.1283827463150637
2019-10-03 15:00:00,2.710959117733344,0.01205524415396179,2.698903873579382
2019-10-03 17:00:00,2.644699865683204,0.0028641509895481125,2.6418357146936557
2019-10-03 19:00:00,2.6179665766189024,0.015531555688546493,2.602435020930356
2019-10-04 01:00:00,1.44650231283007,0.01391081517556905,1.432591497654501
2019-10-04 03:00:00,2.3686234182595083,0.03214754800885896,2.3364758702506494
2019-10-04 05:00:00,2.2860711246108587,0.0460157802047852,2.2400553444060733
2019-10-04 09:00:00,2.6961051511884424,0.03862071133734063,2.657484439851102
2019-10-04 11:00:00,2.372067543234651,0.06056603735911046,2.3115015058755404
2019-10-04 13:00:00,2.775985818725796,0.035905742746517214,2.7400800759792787
2019-10-04 17:00:00,0.406543080464287,0.004340874175339791,0.4022022062889472
2019-10-04 19:00:00,0.4803574662765412,0.019721977544090392,0.4606354887324508
2019-10-04 21:00:00,0.8220772630218582,0.03169160189697564,0.7903856611248826
2019-10-04 23:00:00,0.45344511706900253,0.017384794492338266,0.43606032257666427
2019-10-05 01:00:00,0.45454441449142974,0.022861448314014887,0.43168296617741486
2019-10-05 03:00:00,1.5928613253796493,0.08060835557600374,1.5122529698036455
2019-10-05 05:00:00,1.7230246275016419,0.3241552323713621,1.3988693951302797
2019-10-05 07:00:00,3.4063699080571834,0.3298924934289961,3.0764774146281875
2019-10-05 19:00:00,1.9672540543064077,0.030722071484960742,1.936531982821447
2019-10-06 01:00:00,1.865438092767121,0.18243510405310048,1.6830029887140205
2019-10-06 03:00:00,0.4574623434167251,0.17780503254590116,0.2796573108708239
2019-10-06 05:00:00,1.5781945512846227,0.23665404130551654,1.3415405099791062
2019-10-06 07:00:00,2.453888809719603,0.3523669001114441,2.101521909608159
2019-10-06 11:00:00,1.5677283356252825,0.3415636015123521,1.2261647341129303
2019-10-06 13:00:00,1.2157708341449631,0.17980589527990598,1.0359649388650571
2019-10-06 17:00:00,0.7369510264686434,0.12348808113875133,0.6134629453298921
2019-10-06 19:00:00,1.2843751363070102,0.18269473873917091,1.1016803975678393
2019-10-06 21:00:00,1.412476545256749,0.22044939733669677,1.1920271479200522
2019-10-06 23:00:00,0.6507653659531262,0.0972949761987346,0.5534703897543916
2019-10-07 01:00:00,2.6521348138627454,0.5549253680598991,2.0972094458028465
2019-10-07 03:00:00,4.502109388877825,0.6942785953115849,3.80783079356624
2019-10-07 05:00:00,4.650266696975908,0.6799962197529071,3.970270477223001
2019-10-07 07:00:00,0.8158762422062618,0.36093105927724056,0.4549451829290212
2019-10-07 09:00:00,0.5687344912561818,0.15694758679966708,0.4117869044565148
2019-10-07 17:00:00,1.3017640016650573,0.08369973140034728,1.21806427026471
2019-10-07 19:00:00,1.090824168637587,0.05191679797304907,1.038907370664538
2019-10-07 21:00:00,0.3084033917878348,0.022618205327126065,0.2857851864607088
2019-10-07 23:00:00,0.3785490055314265,0.040529233984413424,0.33801977154701307
2019-10-08 01:00:00,0.5308569625763107,0.05523364864390381,0.47562331393240687
2019-10-08 05:00:00,2.0595816965234657,0.1047045157097218,1.954877180813744
2019-10-08 07:00:00,1.5419401330847051,0.09558108060117401,1.446359052483531
2019-10-08 11:00:00,1.0394945556062816,0.08428441539195947,0.9552101402143222
2019-10-08 13:00:00,2.4555257795782603,0.11899409671753351,2.336531682860727
2019-10-08 15:00:00,1.248326886504242,0.10185690652658341,1.1464699799776588
2019-10-08 17:00:00,0.5793982923885184,0.004363792349397262,0.5750345000391212
2019-10-08 19:00:00,0.3246223024490678,0.02990989015190209,0.2947124122971657
2019-10-08 21:00:00,0.5085353112903902,0.04110063148027457,0.46743467981011566
2019-10-09 01:00:00,2.8544231089266954,0.12388781876659842,2.730535290160097
2019-10-09 09:00:00,1.7702049740289263,0.06983459933790201,1.7003703746910244
2019-10-09 11:00:00,3.731848619176524,0.07498574126421396,3.6568628779123102
2019-10-09 15:00:00,0.42118376983898315,0.0004952000035228163,0.4206885698354603
2019-10-09 17:00:00,0.5741236150966799,0.0015536132209889716,0.5725700018756908
2019-10-09 19:00:00,0.4356349280802598,0.0007189744678238489,0.4349159536124359
2019-10-09 21:00:00,0.7094832169491735,0.0014412123670393506,0.7080420045821342
2019-10-09 23:00:00,1.9414691833979567,0.03717890834558586,1.904290275052371
2019-10-10 03:00:00,3.912341072285842,0.15990003613845805,3.752441036147384
2019-10-10 05:00:00,3.527745316931476,0.15478779548912872,3.3729575214423475
2019-10-10 07:00:00,9.412093936512296,0.018794603533136407,9.39329933297916
2019-10-10 09:00:00,2.881957228485513,0.040793877372994405,2.8411633511125185
2019-10-10 11:00:00,3.582620463961733,0.092652297071925,3.489968166889808
2019-10-10 13:00:00,3.769135606930728,0.16179772694276293,3.607337879987965
2019-10-10 19:00:00,1.4371455313498653,0.005376739182909352,1.431768792166956
2019-10-10 21:00:00,2.0904066934039833,0.005697433467937805,2.0847092599360457
2019-10-10 23:00:00,2.8904814610743332,0.010601634125810331,2.879879826948523
2019-10-11 01:00:00,2.7104892175138726,0.006337928780316124,2.7041512887335566
2019-10-11 03:00:00,2.5746496256724525,0.008604578710178369,2.566045046962274
2019-10-11 05:00:00,1.7102656736827513,0.008090983713219044,1.7021746899695323
2019-10-11 07:00:00,5.60999400505967,0.21313972700371658,5.396854278055954
2019-10-11 09:00:00,4.272179850769027,0.27394330391152344,3.9982365468575036
2019-10-11 11:00:00,0.5590630365597791,0.025885413091732135,0.533177623468047
2019-10-11 13:00:00,1.4124230804196405,0.00523633307786247,1.407186747341778
2019-10-11 15:00:00,1.0205546622810207,0.008245176516322549,1.0123094857646981
2019-10-11 17:00:00,1.3211765871382386,0.0021693348751595453,1.3190072522630791
2019-10-11 19:00:00,0.8048440998643634,0.016291308252626882,0.7885527916117365
2019-10-11 21:00:00,0.7507493412578268,0.015301318953445006,0.7354480223043818
2019-10-11 23:00:00,1.1319971487705844,0.03501102647349366,1.0969861222970907
2019-10-12 03:00:00,3.7150355634059693,0.32630216604544543,3.388733397360524
2019-10-12 07:00:00,1.167245366281593,0.1398641512630642,1.0273812150185286
2019-10-12 09:00:00,2.4964194371145902,0.08646232159565416,2.409957115518936
2019-10-12 11:00:00,2.696626823613521,0.1245880486361392,2.572038774977382
2019-10-12 13:00:00,3.1080142623568308,0.11858359362598339,2.989430668730847
2019-10-12 17:00:00,2.3783462447264805,0.14220518991447084,2.2361410548120095
2019-10-12 19:00:00,0.5445423776330791,0.000698378087770985,0.5438439995453082
2019-10-12 21:00:00,2.470419519336909,0.1668490881152035,2.3035704312217056
2019-10-12 23:00:00,2.4519888730085873,0.3914610811771541,2.0605277918314333
2019-10-13 03:00:00,5.002586568969378,0.4220352473422811,4.580551321627097
2019-10-13 05:00:00,3.6453557418277036,0.18508192428464965,3.460273817543054
2019-10-13 07:00:00,1.0113864397009296,0.052390329944478876,0.9589961097564508
2019-10-13 09:00:00,0.40932159438070315,0.04175741719978063,0.36756417718092255
2019-10-13 11:00:00,0.5474321463485482,0.021432991861372642,0.5259991544871756
2019-10-13 15:00:00,1.4072689481627563,0.020075689871303024,1.3871932582914532
2019-10-13 17:00:00,1.4829527635727107,0.00814579369386114,1.4748069698788495
2019-10-13 21:00:00,1.351386873904057,0.032698736598032824,1.3186881373060242
2019-10-13 23:00:00,1.2416189072955781,0.002593149511750593,1.2390257577838275
2019-10-14 01:00:00,1.2054500310856904,0.02531113464356862,1.1801388964421218
2019-10-14 09:00:00,2.734039480861634,0.10223489983582831,2.631804581025806
2019-10-14 11:00:00,2.450885394484999,0.14321010132218526,2.3076752931628137
2019-10-14 17:00:00,1.5242659518329336,0.08561101596292897,1.4386549358700045
2019-10-14 19:00:00,2.7168720110058837,0.17755317996834574,2.539318831037538
2019-10-14 21:00:00,1.8291328003524214,0.12065325407271091,1.7084795462797104
2019-10-15 01:00:00,2.1136241839470977,0.11054843353387457,2.003075750413223
2019-10-15 03:00:00,2.9495960137595283,0.2622270553178053,2.687368958441723
2019-10-15 05:00:00,2.5303097288735215,0.2659600762476193,2.264349652625902
2019-10-15 07:00:00,2.115794574018676,0.2489204564789288,1.866874117539747
2019-10-15 11:00:00,2.138121833055015,0.12804004110952888,2.010081791945486
2019-10-15 13:00:00,2.714114369060868,0.0855398830897692,2.628574485971099
2019-10-15 15:00:00,2.3146517722459903,0.053289382461162764,2.2613623897848276
2019-10-15 17:00:00,1.1454700038950996,0.007819029154536038,1.1376509747405634
2019-10-15 19:00:00,1.650459585221598,0.024141636196695904,1.626317949024902
2019-10-15 21:00:00,1.5773975737942552,0.03256290694457088,1.5448346668496842
2019-10-15 23:00:00,2.609105988183787,0.07389693385337684,2.53520905433041
2019-10-16 01:00:00,4.232319623798296,0.12307988844100898,4.109239735357287
2019-10-16 03:00:00,3.427470979680897,0.09265116256370658,3.3348198171171903
2019-10-16 05:00:00,3.4046693034966395,0.40595232731417125,2.998716976182468
2019-10-16 07:00:00,2.480972102156039,0.1529791422513635,2.327992959904676
2019-10-16 09:00:00,1.559709787187904,0.10787402137027888,1.451835765817625
2019-10-16 11:00:00,1.365854083591084,0.08242141312613031,1.2834326704649537
2019-10-16 13:00:00,2.0482028142470297,0.10627712840955406,1.9419256858374758
2019-10-16 15:00:00,2.920025829717419,0.10237975706410138,2.817646072653318
2019-10-16 17:00:00,3.0923988234121538,0.09328741163652829,2.9991114117756257
2019-10-16 19:00:00,3.08250659221321,0.08865030492646718,2.993856287286743
2019-10-16 23:00:00,2.252060370702636,0.0598630943791684,2.1921972763234674
2019-10-17 01:00:00,2.334648710572152,0.04215329970583387,2.292495410866318
2019-10-17 03:00:00,2.8910862953959096,0.045808208808996595,2.845278086586913
2019-10-17 05:00:00,2.9015754419476565,0.03528444264562171,2.8662909993020347
2019-10-17 07:00:00,2.244115828334484,0.03843345129321486,2.2056823770412692
2019-10-17 09:00:00,1.3703490955913635,0.032556510961391096,1.3377925846299725
2019-10-17 11:00:00,1.5132041682933512,0.025632319388048823,1.4875718489053025
2019-10-17 13:00:00,0.9435045444339182,0.022431072163547956,0.9210734722703702
2019-10-17 17:00:00,1.859758404782655,0.00429885176080047,1.8554595530218545
2019-10-17 19:00:00,1.6592507202172264,0.006917136214678225,1.6523335840025482
2019-10-17 23:00:00,2.660751361129804,0.03207096575894982,2.6286803953708544
2019-10-18 03:00:00,1.7688785163485425,0.025350141097098395,1.743528375251444
2019-10-18 05:00:00,2.514596811266859,0.024375971577034684,2.490220839689824
2019-10-18 07:00:00,1.7995574634179792,0.02522090327905615,1.774336560138923
2019-10-18 09:00:00,1.8628194846005972,0.020522051790532667,1.8422974328100645
2019-10-18 11:00:00,1.6960788400257356,0.016850561599245955,1.6792282784264896
2019-10-18 13:00:00,3.7357737659276253,0.07570307134257148,3.660070694585054
2019-10-18 15:00:00,5.214035136449745,0.09336911458126407,5.120666021868481
2019-10-18 17:00:00,4.857537285016392,0.18888621196336536,4.668651073053026
2019-10-18 19:00:00,4.467124098331655,0.2726158112787644,4.194508287052891
2019-10-18 21:00:00,4.249589785751772,0.2781226174994912,3.9714671682522815
2019-10-18 23:00:00,4.923563908982112,0.2421108828824924,4.68145302609962
2019-10-19 01:00:00,5.389667763785777,0.37070559956695703,5.01896216421882
2019-10-19 03:00:00,4.261583300700968,0.38761623927858535,3.873967061422383
2019-10-19 05:00:00,6.852699426799814,0.4266490456236912,6.426050381176123
2019-10-19 07:00:00,6.5649822363636074,0.41110443516757733,6.15387780119603
2019-10-19 09:00:00,1.2380440886886959,0.06316093439588258,1.1748831542928133
2019-10-19 11:00:00,4.722422556087598,0.8068776408482535,3.915544915239345
2019-10-19 13:00:00,2.376710362607254,0.001611770375500876,2.3750985922317533
2019-10-19 15:00:00,2.7471768853378893,0.005073153982513776,2.7421037313553756
2019-10-19 19:00:00,4.444117698620336,0.20672397169627196,4.237393726924064
2019-10-19 23:00:00,2.552120842969763,0.2396598377269208,2.312461005242842
2019-10-20 07:00:00,0.6167097798546762,0.007076404466392858,0.6096333753882833
2019-10-20 09:00:00,0.6424655753842631,0.004537531477023082,0.63792804390724
2019-10-20 11:00:00,0.653397740272271,0.001097663799709836,0.6523000764725612
2019-10-20 13:00:00,0.9769632678785172,0.005536786495003855,0.9714264813835133
2019-10-20 15:00:00,2.5035431401321406,0.03516172229687525,2.4683814178352654
2019-10-20 17:00:00,1.947803107224091,0.031020280415410977,1.91678282680868
2019-10-20 19:00:00,1.1453482886389506,0.033275947290282354,1.1120723413486682
2019-10-21 01:00:00,0.33974424717300195,0.04372338067122402,0.29602086650177795
2019-10-21 03:00:00,0.6223598063311172,0.05894293841654354,0.5634168679145737
2019-10-21 05:00:00,0.6317937331020534,0.05226472696163773,0.5795290061404157
2019-10-21 07:00:00,1.0726021183889363,0.04966858653073777,1.0229335318581985
2019-10-21 09:00:00,1.269216181713891,0.03755859005128707,1.2316575916626038
2019-10-21 11:00:00,1.0329978703056641,0.04228571954609159,0.9907121507595726
2019-10-21 15:00:00,1.6848182960381883,0.025170647575998354,1.65964764846219
2019-10-21 17:00:00,0.33565749616058715,0.0014441322324587047,0.33421336392812845
2019-10-21 19:00:00,0.494619121542546,0.011602544414667607,0.4830165771278784
2019-10-21 21:00:00,0.4020406689097677,0.017634499154774448,0.38440616975499325
2019-10-21 23:00:00,1.0569034981641594,0.048116414043138614,1.0087870841210207
2019-10-22 01:00:00,3.092154024521674,0.042897325135811314,3.0492566993858627
2019-10-22 03:00:00,3.5278876093418976,0.10303723378570741,3.4248503755561903
2019-10-22 05:00:00,3.824849362906782,0.07928774215179639,3.7455616207549856
2019-10-22 07:00:00,3.98733829817971,0.11612718276745836,3.871211115412252
2019-10-22 11:00:00,2.9103035237792985,0.027641450825309027,2.8826620729539894
2019-10-22 13:00:00,0.8286047765768149,0.0006978230647219111,0.827906953512093
2019-10-22 15:00:00,0.5189344725592503,0.0005810675511745131,0.5183534050080758
2019-10-22 17:00:00,1.1346304307382575,0.01309146155760828,1.1215389691806492
2019-10-22 19:00:00,0.8610708703011279,0.013659056101526061,0.8474118141996019
2019-10-22 21:00:00,1.2082986315537823,0.040134261610530374,1.1681643699432518
2019-10-22 23:00:00,1.5756138922924396,0.10928442844848439,1.4663294638439552
2019-10-23 01:00:00,2.328357888286483,0.2173210904382338,2.111036797848249
2019-10-23 03:00:00,2.0584225874779443,0.252214885154232,1.8062077023237124
2019-10-23 07:00:00,1.3532852237880915,0.09059734265123497,1.2626878811368565
2019-10-23 13:00:00,0.15518517937386436,0.050717426385074295,0.10446775298879007
2019-10-23 15:00:00,0.16626385350040684,0.08621355705123815,0.08005029644916868
2019-10-23 17:00:00,0.9432562303282027,0.07398231124525453,0.8692739190829482
2019-10-23 21:00:00,1.9277042707183722,0.5472581432490313,1.380446127469341
2019-10-23 23:00:00,1.2029773858929387,0.38878167921085816,0.8141957066820804
2019-10-24 01:00:00,0.7942330495866555,0.02368267025001316,0.7705503793366424
2019-10-24 03:00:00,4.436540014204063,0.6309933561477729,3.8055466580562896
2019-10-24 05:00:00,2.2103676139449435,0.329472130540792,1.8808954834041516
2019-10-24 07:00:00,5.124540486160429,0.2579604480710345,4.866580038089395
2019-10-24 09:00:00,3.5698756092478034,0.0935640827753095,3.476311526472494
2019-10-24 11:00:00,5.525618359055912,0.323328677005949,5.202289682049963
2019-10-24 13:00:00,5.35877192234975,0.29536398233289113,5.063407940016859
2019-10-24 15:00:00,1.3719604668297098,0.004342770169345789,1.3676176966603641
2019-10-24 17:00:00,3.4915024765297784,0.006857845629729033,3.4846446309000494
2019-10-24 19:00:00,5.151988519008303,0.1612167505905923,4.990771768417711
2019-10-24 21:00:00,7.5976736740156765,0.42112299844862444,7.176550675567052
2019-10-24 23:00:00,10.33383185001716,0.4603029855283668,9.873528864488794
2019-10-25 01:00:00,7.548928762534809,0.5022915151400735,7.046637247394735
2019-10-25 03:00:00,6.610468486952236,0.5577599270894255,6.05270855986281
2019-10-25 05:00:00,1.5122000391561483,0.014302052360814417,1.497897986795334
2019-10-25 07:00:00,4.391376891235832,0.3478604339660404,4.043516457269791
2019-10-25 09:00:00,14.434069823637715,0.30409593805057455,14.129973885587141
2019-10-25 11:00:00,16.95240311445759,2.7471887071446105e-06,16.952400367268883
2019-10-25 13:00:00,9.499209574956854,0.0038233733611105526,9.495386201595744
2019-10-25 15:00:00,10.765406051320427,0.006375598751413809,10.759030452569014
2019-10-25 17:00:00,11.090115475894208,0.07411347177697816,11.01600200411723
2019-10-25 19:00:00,4.116153519861267,0.014884824957833028,4.101268694903434
2019-10-25 23:00:00,0.6377636665925984,0.11658298605930816,0.5211806805332903
2019-10-26 05:00:00,1.3609921001891767,0.5038282472938915,0.8571638528952852
2019-10-26 07:00:00,0.6087908493472179,0.19890585858516385,0.4098849907620541
2019-10-26 09:00:00,1.4593677562507654,0.26362900607352835,1.195738750177237
2019-10-26 11:00:00,0.37060461489975194,0.31205321022468413,0.058551404675067836
2019-10-26 13:00:00,0.3230902829095683,0.016306864782689227,0.3067834181268791
2019-10-26 15:00:00,0.2612467129548999,0.03221435207632373,0.22903236087857617
2019-10-26 17:00:00,0.23127291683996679,0.054408827025026314,0.17686408981494048
2019-10-26 19:00:00,0.6832409914018152,0.3661429343503485,0.31709805705146665
2019-10-26 21:00:00,0.6628303417421946,0.1449384237639389,0.5178919179782557
2019-10-26 23:00:00,0.9637325560530884,0.16386300670860823,0.7998695493444802
2019-10-27 03:00:00,1.7682771362606895,0.016620685501131115,1.7516564507595584
2019-10-27 05:00:00,2.2773895034575693,0.012815999342357503,2.2645735041152117
2019-10-27 07:00:00,2.4916149467250612,0.005413384630320799,2.4862015620947404
2019-10-27 09:00:00,1.9098713036546586,0.010444583950540067,1.8994267197041186
2019-10-27 11:00:00,0.9269293364574391,0.011460139553673258,0.9154691969037658
2019-10-27 13:00:00,0.4460523298123482,0.02197967303717243,0.4240726567751758
2019-10-27 15:00:00,0.31564072453724507,0.012454646966827682,0.3031860775704174
2019-10-27 19:00:00,0.18041535725553798,0.00012152848535530272,0.18029382877018268
2019-10-27 21:00:00,2.584100877873154,0.005640087954153774,2.578460789919
2019-10-27 23:00:00,3.370676993265333,6.498604296625675e-05,3.3706120072223666
2020-01-01 03:00:00,1.1949543657604222,0.05963765040751527,1.135316715352907
2020-01-01 05:00:00,0.8234720740668562,0.12724105940121694,0.6962310146656393
2020-01-01 07:00:00,0.7201960189116147,0.17970019450975003,0.5404958244018646
2020-01-01 11:00:00,0.8954403822976508,0.09045933685371202,0.8049810454439388
2020-01-01 13:00:00,0.5263466753013469,0.08227851703078314,0.4440681582705638
2020-01-01 15:00:00,0.2654729703600239,0.07538408338364283,0.19008888697638104
2020-01-01 17:00:00,0.35177840971046287,0.02997436875253505,0.3218040409579278
2020-01-02 09:00:00,0.2429414633289969,0.0905680612620002,0.1523734020669967
2020-01-02 11:00:00,1.0267653832584898,0.10730541992376158,0.9194599633347282
2020-01-02 13:00:00,2.2194664421307073,0.1593231103504995,2.060143331780208
2020-01-02 15:00:00,2.73462547399877,0.05649060365753625,2.6781348703412338
2020-01-02 17:00:00,2.448943103740825,0.02630898601655519,2.42263411772427
2020-01-02 19:00:00,4.185860943807918,0.021695042218712445,4.164165901589206
2020-01-02 21:00:00,4.473976811002351,0.0165102261040072,4.457466584898344
2020-01-02 23:00:00,7.154289502272647,0.01112046460303026,7.143169037669617
2020-01-03 01:00:00,6.78672068817309,0.0096221787606477,6.7770985094124425
2020-01-03 03:00:00,4.2622021909938885,0.007990942157602272,4.254211248836286
2020-01-03 05:00:00,3.0036968297876574,0.006950816429558101,2.9967460133580994
2020-01-03 09:00:00,2.452513679689664,0.003183804289673036,2.449329875399991
2020-01-03 13:00:00,0.6468782564202723,0.005855716824440991,0.6410225395958313
2020-01-03 23:00:00,0.4024324568244064,0.007878799147187207,0.3945536576772192
2020-01-04 17:00:00,0.8389875788123358,0.04883443172106444,0.7901531470912714
2020-01-05 21:00:00,1.1174995735071016,0.01679139738530135,1.1007081761218003
2020-01-05 23:00:00,1.7017842575897737,0.04343432813501424,1.6583499294547595
2020-01-06 01:00:00,1.091090691908337,0.03488438486205629,1.0562063070462806
2020-01-06 05:00:00,1.0949278154997628,0.03386474344544687,1.061063072054316
2020-01-06 07:00:00,0.2738905452775406,0.0003461783509960547,0.27354436692654455
2020-01-06 09:00:00,2.0041636947325667,0.06632108700441186,1.9378426077281548
2020-01-06 15:00:00,2.5049947466817013,0.1010655424356027,2.4039292042460985
2020-01-06 17:00:00,3.6823332658134276,0.19175697713195392,3.4905762886814737
2020-01-06 19:00:00,4.190382964301364,0.173310272569291,4.017072691732072
2020-01-06 21:00:00,2.873541518285983,0.19270111670515752,2.6808404015808254
2020-01-07 13:00:00,1.2345123748938744,0.013420544733462169,1.2210918301604123
2020-01-07 15:00:00,1.475320815731448,0.038758635391782204,1.4365621803396658
2020-01-07 17:00:00,1.1684046355300313,0.036248791072389965,1.1321558444576414
2020-01-07 19:00:00,1.9084480400204393,0.03667570257197866,1.8717723374484607
2020-01-07 21:00:00,2.5174471717963467,0.029255106324724216,2.4881920654716225
2020-01-07 23:00:00,3.683741617530819,0.016127720756550692,3.667613896774268
2020-01-08 01:00:00,3.950823274092783,0.013647312948701383,3.9371759611440815
2020-01-08 03:00:00,6.068387335940385,0.022339153218559407,6.046048182721826
2020-01-08 05:00:00,6.506090764941246,0.05219012126866338,6.453900643672583
2020-01-08 11:00:00,0.7305973501996897,0.014846331629318345,0.7157510185703714
2020-01-08 13:00:00,1.3032223856085046,0.04508128141004036,1.2581411041984643
2020-01-08 15:00:00,1.0056988038593726,0.04550311353565068,0.960195690323722
2020-01-08 17:00:00,0.9228568750191047,0.020255848247313184,0.9026010267717915
2020-01-09 01:00:00,2.4282895114319274,0.17516398735338407,2.2531255240785435
2020-01-09 07:00:00,0.13491335313888017,0.1257764955151327,0.009136857623747456
2020-01-12 11:00:00,1.4203908266026382,0.11449227073889173,1.3058985558637464
2020-01-12 17:00:00,0.20575746279856433,0.06314556869089501,0.1426118941076693
2020-01-12 19:00:00,0.21543579328811302,0.02556820861611088,0.18986758467200215
2020-01-12 21:00:00,0.49784575947681486,0.025613163682467698,0.4722325957943472
2020-01-13 03:00:00,0.9160885133748387,0.041695201040908195,0.8743933123339305
2020-01-13 05:00:00,1.9060042102356682,0.1766505347014505,1.7293536755342178
2020-01-13 07:00:00,2.582750120035975,0.30765574692141584,2.275094373114559
2020-01-13 09:00:00,1.0433748768668019,0.23831044982731864,0.8050644270394833
2020-01-13 11:00:00,1.1751918316861598,0.21684680673532264,0.9583450249508372
2020-01-13 13:00:00,1.125556358976818,0.21946768287478688,0.9060886761020313
2020-01-13 15:00:00,2.904236845436455,0.335305580302135,2.56893126513432
2020-01-13 17:00:00,4.123002284490546,0.3073753204068313,3.815626964083715
2020-01-13 19:00:00,3.63367630944188,0.22055384276206358,3.4131224666798166
2020-01-13 21:00:00,2.8591893840230846,0.11543806847348656,2.743751315549598
2020-01-14 01:00:00,2.601964481784507,0.15042362335325277,2.4515408584312546
2020-01-14 05:00:00,3.465779361116835,0.11188766369501439,3.3538916974218207
2020-01-14 07:00:00,3.070885070099933,0.07466764482319703,2.996217425276736
2020-01-14 13:00:00,0.46199748642777466,0.009562840822456106,0.45243464560531854
2020-01-14 15:00:00,1.030154933099335,0.04024984598149742,0.9899050871178374
2020-01-14 17:00:00,1.6679317612218072,0.07239971691920334,1.5955320443026038
2020-01-14 19:00:00,3.8452043097611575,0.06816328765014787,3.7770410221110096
2020-01-14 21:00:00,2.4525539202035778,0.06406361495331325,2.3884903052502646
2020-01-14 23:00:00,1.0383919226195122,0.056625902410816,0.9817660202086961
2020-01-15 01:00:00,1.576589401427593,0.06337209641008834,1.5132173050175046
2020-01-15 03:00:00,2.942264405031318,0.04917174848487887,2.893092656546439
2020-01-15 05:00:00,2.3926806334433524,0.03740974209710928,2.355270891346243
2020-01-15 07:00:00,2.1839708344191466,0.08404551009686953,2.0999253243222773
2020-01-15 09:00:00,1.1655733528846384,0.054936279098711044,1.1106370737859272
2020-01-15 11:00:00,0.8201492913784413,0.1060809833468084,0.7140683080316329
2020-01-15 13:00:00,2.4525365304946045,0.10006811443938277,2.352468416055222
2020-01-15 15:00:00,1.6144316992061416,0.0365960440828746,1.577835655123267
2020-01-15 17:00:00,0.30379481698068983,0.007876624002736777,0.2959181929779531
2020-01-15 19:00:00,0.5370648255583441,0.027381766122009998,0.5096830594363341
2020-01-15 21:00:00,0.9562528653544345,0.05936677955115381,0.8968860858032808
2020-01-15 23:00:00,1.2835224494044974,0.07326050548373757,1.2102619439207598
2020-01-16 03:00:00,1.7390212938169827,0.0986917311914576,1.640329562625525
2020-01-16 07:00:00,2.025822115472079,0.13392367546930503,1.8918984400027739
2020-01-16 09:00:00,0.8112900100175435,0.15165259583637752,0.659637414181166
2020-01-16 11:00:00,0.8604743556581187,0.09315806387854772,0.767316291779571
2020-01-16 13:00:00,0.8841153124353041,0.15598256656883483,0.7281327458664693
2020-01-16 15:00:00,1.3564865950177738,0.10763759742660409,1.2488489975911696
2020-01-16 23:00:00,1.9792183692863496,0.11886296531772117,1.8603554039686285
2020-01-17 01:00:00,2.751452192288807,0.2658364022800754,2.485615790008732
2020-01-17 03:00:00,2.012158873968128,0.43761820766895043,1.5745406662991774
2020-01-17 05:00:00,2.040278637485625,0.26519144476597556,1.7750871927196492
2020-01-17 07:00:00,1.0774988186871224,0.14028002102699907,0.9372187976601234
2020-01-17 09:00:00,4.0247386261760845,0.17109646523178254,3.853642160944302
2020-01-17 11:00:00,3.6396645373850607,0.1374621596884061,3.5022023776966544
2020-01-17 13:00:00,3.610374780683686,0.0718996887159842,3.5384750919677015
2020-01-17 15:00:00,3.415232418476347,0.09351844614479392,3.321713972331553
2020-01-17 17:00:00,1.396717724359454,0.03926696914723903,1.357450755212215
2020-01-17 19:00:00,5.04170473485233,0.08701939131050396,4.9546853435418265
2020-01-17 21:00:00,8.317044789477704,0.1573707180646282,8.159674071413075
2020-01-17 23:00:00,9.633624383856285,0.2835937159843109,9.350030667871973
2020-01-18 01:00:00,8.650600759806654,0.1998455812923712,8.450755178514283
2020-01-18 03:00:00,9.85310475221875,0.21898036756352346,9.634124384655227
2020-01-18 05:00:00,10.040854676668202,0.19777500156269767,9.843079675105503
2020-01-18 07:00:00,9.155365025804652,0.15156197646129452,9.003803049343357
2020-01-18 09:00:00,7.728110648296279,0.12002278910783268,7.608087859188446
2020-01-18 11:00:00,6.829765856851353,0.07452831392559943,6.755237542925753
2020-01-18 13:00:00,5.781047411075068,0.075045073430217,5.706002337644851
2020-01-18 15:00:00,7.969262483676268,0.20486323329548137,7.764399250380787
2020-01-18 17:00:00,9.356483327881827,0.26780732449966116,9.088676003382167
2020-01-18 19:00:00,11.003319674735595,0.15149031042366254,10.851829364311932
2020-01-18 21:00:00,6.871673153048454,0.1644470916177891,6.707226061430665
2020-01-18 23:00:00,3.767467838288569,0.07189562532604063,3.6955722129625284
2020-01-19 01:00:00,4.71431083413186,0.0971401658514022,4.617170668280457
2020-01-19 05:00:00,1.1415104053590324,0.04714147497450526,1.0943689303845272
2020-01-19 09:00:00,0.7913097317629498,0.05070293362541507,0.7406067981375347
2020-01-19 11:00:00,2.012495841057736,0.0874799882349517,1.925015852822784
2020-01-19 13:00:00,2.823141605893525,0.10888289817254591,2.7142587077209788
2020-01-25 09:00:00,1.3899655350963869,0.011173055238456022,1.3787924798579307
2020-01-25 23:00:00,1.3835014760922233,0.0818356664757646,1.3016658096164586
2020-01-27 01:00:00,2.6011071058730164,0.005915976882740636,2.5951911289902756
2020-01-27 05:00:00,1.9754379372297592,0.028054577208913273,1.9473833600208459
2020-01-27 09:00:00,0.6005408931160087,0.008550025766672542,0.5919908673493361
2020-01-27 11:00:00,0.6762123015608831,0.008035252381566882,0.6681770491793162
2020-01-27 13:00:00,0.49907382663018823,0.032756468706732156,0.4663173579234561
2020-01-27 17:00:00,1.6633069452448226,0.06160508950973319,1.6017018557350895
2020-01-27 19:00:00,2.563867472034112,0.08705510761917867,2.476812364414933
2020-01-27 21:00:00,2.8605077430220067,0.0873203458890709,2.773187397132936
2020-01-27 23:00:00,3.3424710304831784,0.13918407703626623,3.203286953446912
2020-01-28 01:00:00,3.4640093402155894,0.2345826037241622,3.229426736491427
2020-01-28 03:00:00,3.085119629101114,0.2089147917295751,2.8762048373715388
2020-01-28 09:00:00,1.830823619737764,0.07578549046324999,1.755038129274514
2020-01-28 11:00:00,1.7320777777771061,0.09655188144292247,1.6355258963341837
2020-01-28 13:00:00,0.9550614320845949,0.04033591852683949,0.9147255135577554
2020-01-28 15:00:00,1.4358637384278663,0.058585701358632364,1.377278037069234
2020-01-28 19:00:00,1.7167665581211011,0.048757231108187186,1.668009327012914
2020-01-28 23:00:00,1.9247619648095478,0.0593887555126186,1.865373209296929
2020-01-29 01:00:00,1.8038334461319456,0.07406851790252224,1.7297649282294234
2020-01-29 03:00:00,1.9367928149250162,0.04910305137949549,1.8876897635455208
2020-01-29 05:00:00,2.755337815056266,0.04965952473339466,2.7056782903228713
2020-01-29 07:00:00,5.961652253601898,0.016222945863359168,5.9454293077385385
2020-01-29 09:00:00,5.299750667284936,0.013431882850278118,5.286318784434658
2020-01-29 11:00:00,1.401718657903212,0.02737609936641034,1.3743425585368017
2020-01-29 13:00:00,2.2356402018580166,0.02789070950791402,2.2077494923501026
2020-01-29 15:00:00,1.9189719581461901,0.023891343782159145,1.895080614364031
2020-01-29 17:00:00,2.9474547637414346,0.0245390738631592,2.9229156898782755
2020-01-29 19:00:00,5.429582827264593,0.04239938046247164,5.387183446802121
2020-01-29 21:00:00,6.902686214494471,0.0452018344935844,6.857484380000887
2020-01-29 23:00:00,6.237877228608693,0.12260965543110137,6.115267573177592
2020-01-30 01:00:00,6.321604037644599,0.1497028876975097,6.1719011499470895
2020-01-30 03:00:00,8.23030475174965,0.10556182385876708,8.124742927890882
2020-01-30 05:00:00,7.6115259710645375,0.055981770736824116,7.555544200327714
2020-01-30 07:00:00,8.32203098503831,0.14841295185445147,8.173618033183859
2020-01-30 09:00:00,5.464560093910963,0.06134492911202252,5.40321516479894
2020-01-30 11:00:00,5.0884740734879,0.05511638363036497,5.033357689857535
2020-01-30 13:00:00,5.3700410706650334,0.04769992566122506,5.322341145003809
2020-01-30 15:00:00,4.98599354674303,0.09567564118342879,4.890317905559601
2020-01-30 17:00:00,4.248994773011658,0.0746829050205111,4.174311867991147
2020-01-30 19:00:00,4.081257772291389,0.08648373369149794,3.994774038599891
2020-01-30 21:00:00,4.067950223774519,0.07983377593679866,3.9881164478377196
2020-01-30 23:00:00,5.309642306144423,0.1129949655700551,5.196647340574367
2020-01-31 01:00:00,5.823400596915024,0.15914685522896108,5.664253741686063
2020-01-31 03:00:00,8.010113914421671,0.16738964543180385,7.842724268989867
2020-01-31 05:00:00,8.191636068978257,0.12945818226264,8.062177886715617
2020-01-31 07:00:00,8.432198370423496,0.12832855726876483,8.303869813154732
2020-01-31 09:00:00,8.063211840035324,0.28807534573720744,7.775136494298117
2020-01-31 11:00:00,7.244683173094668,0.20721894318972106,7.037464229904947
2020-01-31 13:00:00,7.765787481059597,0.14965099202414858,7.616136489035449
2020-01-31 15:00:00,8.639743287654625,0.010560085161389662,8.629183202493236
2020-01-31 17:00:00,9.661703561257946,0.011335340226218118,9.650368221031728
2020-01-31 19:00:00,10.560956805870596,0.04366582527704247,10.517290980593554
2020-01-31 21:00:00,9.374032795822869,0.08204376187682434,9.291989033946045
2020-01-31 23:00:00,9.777456829276161,0.13754458006770404,9.639912249208457
2020-02-01 01:00:00,10.512219573523804,0.1870047607097468,10.325214812814057
2020-02-01 03:00:00,13.647050036033896,0.3122713601901664,13.33477867584373
2020-02-01 05:00:00,13.884555721370276,0.3426943480170166,13.54186137335326
2020-02-01 07:00:00,12.686051487564258,0.17972052655122014,12.506330961013038
2020-02-01 09:00:00,9.91666812692889,0.06528168872633698,9.851386438202553
2020-02-01 11:00:00,5.920085125639155,0.034868170626951016,5.885216955012204
2020-02-01 15:00:00,1.6578373918472618,0.03853312206405576,1.619304269783206
2020-02-01 17:00:00,0.297766222512345,0.011034273118183096,0.2867319493941619
2020-02-01 23:00:00,0.6738815774195747,0.02721657784828829,0.6466649995712864
2020-02-02 01:00:00,0.9898532741664675,0.06712366463141037,0.9227296095350571
2020-02-02 03:00:00,1.6607750392252216,0.07718826929851744,1.583586769926704
2020-02-02 05:00:00,1.5172999034308634,0.09054013436052885,1.4267597690703346
2020-02-02 07:00:00,1.2964964290162908,0.08658037815312712,1.2099160508631637
2020-02-02 13:00:00,0.758500567813503,0.05812117809390809,0.7003793897195949
2020-02-02 15:00:00,0.946117492793756,0.03729180200260507,0.9088256907911509
2020-02-02 17:00:00,1.6021993113843975,0.08734737608743173,1.5148519352969658
2020-02-02 19:00:00,1.537492480861643,0.1101175059763344,1.4273749748853086
2020-02-02 21:00:00,1.857176007441442,0.0748967762750824,1.7822792311663596
2020-02-02 23:00:00,1.6384076401150611,0.052677803358071075,1.58572983675699
2020-02-03 01:00:00,2.141067767499774,0.008998644557789943,2.132069122941984
2020-02-03 03:00:00,2.601807177052614,0.008075617005280323,2.5937315600473334
2020-02-03 05:00:00,1.5746330469208567,0.005159316555620529,1.5694737303652362
2020-02-03 11:00:00,0.1724022652670414,0.010383922027335641,0.16201834323970574
2020-02-03 15:00:00,0.40126341780727054,0.003665395692857976,0.3975980221144126
2020-02-03 17:00:00,0.20525420133773464,0.0048211606488575715,0.20043304068887707
2020-02-04 03:00:00,1.401764140265138,0.08485803947409654,1.3169061007910414
2020-02-04 07:00:00,1.2009202634660614,0.03785640518120434,1.1630638582848571
2020-02-04 13:00:00,0.9214804350364963,0.05592235660790002,0.8655580784285963
2020-02-04 17:00:00,1.0077689955966458,0.051718288933179216,0.9560507066634665
2020-02-04 19:00:00,0.7358433974479246,0.05469488964272292,0.6811485078052016
2020-02-04 21:00:00,1.4888430144809055,0.06088864842829722,1.4279543660526084
2020-02-04 23:00:00,1.5408213055884916,0.05442291040697258,1.486398395181519
2020-02-05 03:00:00,1.1139103622723465,0.054914884683442536,1.0589954775889039
2020-02-05 05:00:00,1.3965533770149898,0.1100236464366505,1.2865297305783394
2020-02-05 09:00:00,0.5862442531680405,0.03875424465256909,0.5474900085154715
2020-02-05 11:00:00,0.3524693705970443,0.015171289921377762,0.3372980806756665
2020-02-05 15:00:00,0.3215225509976779,0.00785569692428835,0.31366685407338957
2020-02-05 17:00:00,0.456717995859558,0.0138223505288597,0.4428956453306983
2020-02-05 21:00:00,0.5391049454913852,0.009756892367727872,0.5293480531236573
2020-02-06 05:00:00,0.16343144473125218,0.012604579266485425,0.15082686546476676
2020-02-06 15:00:00,0.16881060121059377,0.0017478407888245242,0.16706276042176924
2020-02-06 17:00:00,0.3677584322134731,0.0010936397847336023,0.3666647924287395
2020-02-06 21:00:00,0.7228578001812498,0.016538577248343043,0.7063192229329067
2020-02-06 23:00:00,1.0904229156065692,0.02004409684223719,1.070378818764332
2020-02-07 01:00:00,0.9893056933575451,0.028574807907533733,0.9607308854500114
2020-02-07 03:00:00,1.7480436732312044,0.04785126273602566,1.7001924104951787
2020-02-07 09:00:00,1.8255903133622318,0.0808041158983945,1.7447861974638372
2020-02-07 11:00:00,0.3744127893446674,0.009416398000942482,0.3649963913437249
2020-02-07 13:00:00,0.6238650562967957,0.010892003331441753,0.6129730529653539
2020-02-07 17:00:00,0.8229473360806426,0.049813328989385106,0.7731340070912576
2020-02-07 19:00:00,3.4408382833286018,0.31840085588385475,3.122437427444747
2020-02-07 21:00:00,4.049965580634824,0.2511343588452998,3.798831221789524
2020-02-07 23:00:00,3.6392781705585806,0.2293958030379977,3.409882367520583
2020-02-08 03:00:00,1.7333575474087723,0.08738648683919464,1.6459710605695776
2020-02-08 09:00:00,0.42898947126309483,0.08553151473852526,0.34345795652456956
2020-02-08 11:00:00,0.20160924148048293,0.014299033147420613,0.1873102083330623
2020-02-08 13:00:00,1.3081072371728104,0.3091041214836112,0.9990031156891991
2020-02-08 15:00:00,3.19209283028771,0.41254726935698904,2.7795455609307207
2020-02-08 17:00:00,5.242187320363662,0.4366503477850255,4.805536972578636
2020-02-08 19:00:00,5.528248900933811,0.25067603775355485,5.277572863180256
2020-02-08 21:00:00,6.265052968496293,0.06365290538256828,6.2014000631137245
2020-02-08 23:00:00,1.2446545514489167,0.0204839286341541,1.2241706228147626
2020-02-09 05:00:00,0.3645713682726468,0.0009093353407802966,0.3636620329318665
2020-02-09 07:00:00,0.4909868448009087,0.0019786948931537255,0.489008149907755
2020-02-09 09:00:00,5.990224685035328,0.020232543878536607,5.969992141156791
2020-02-09 11:00:00,11.146845198286542,0.11140945066695898,11.035435747619582
2020-02-09 13:00:00,5.357078437311346,0.2049652234450647,5.152113213866281
2020-02-09 15:00:00,4.125702364663224,0.2055105685968407,3.920191796066383
2020-02-09 17:00:00,5.603252757737945,0.09894819877834549,5.504304558959599
2020-02-09 19:00:00,5.360761042923942,0.05384739589136569,5.306913647032576
2020-02-09 21:00:00,8.379629821954175,0.0718713727476032,8.307758449206572
2020-02-09 23:00:00,9.349225759957855,0.2878670145672078,9.061358745390647
2020-02-10 01:00:00,5.628557658194495,0.25050392266546484,5.37805373552903
2020-02-10 03:00:00,2.9227681846691635,0.4245697995345684,2.4981983851345952
2020-02-10 05:00:00,2.010184502658264,0.5562439917015646,1.4539405109566994
2020-02-10 07:00:00,1.2457860411590347,0.20999951752667678,1.035786523632358
2020-02-10 09:00:00,0.8840146327265528,0.00027419435076294415,0.8837404383757899
2020-02-10 11:00:00,1.0976273242383079,0.006520801389067299,1.0911065228492405
2020-02-10 13:00:00,0.9649727800927688,0.0007080816815307669,0.964264698411238
2020-02-10 15:00:00,1.3303171860772391,0.022213951324560645,1.3081032347526784
2020-02-10 17:00:00,1.5906240666200202,0.026640358761783316,1.5639837078582368
2020-02-10 19:00:00,1.0714417021992522,0.029319948464140225,1.042121753735112
2020-02-10 21:00:00,0.8745350378033069,0.016723915061853573,0.8578111227414533
2020-02-10 23:00:00,0.8817866283298739,0.030985350977295312,0.8508012773525786
2020-02-11 07:00:00,0.182117408833604,0.17519839575015766,0.006919013083446334
2020-02-11 13:00:00,2.501670553922175,0.31859646077237364,2.1830740931498016
2020-02-11 15:00:00,1.2387932890250402,0.20639039778191648,1.0324028912431236
2020-02-11 17:00:00,0.4932408836624967,0.1004544801685799,0.3927864034939168
2020-02-11 19:00:00,0.7337873015374927,0.06169145790451522,0.6720958436329775
2020-02-11 21:00:00,0.813375632915335,0.03956846669971239,0.7738071662156226
2020-02-11 23:00:00,0.998571454215482,0.06231950776731118,0.9362519464481708
2020-02-12 01:00:00,1.3561721978015315,0.061217053238017446,1.2949551445635141
2020-02-12 03:00:00,1.6732932281823798,0.05676741889001626,1.6165258092923636
2020-02-12 07:00:00,1.7778146748993577,0.05914230618349779,1.71867236871586
2020-02-12 09:00:00,2.034932481396252,0.09635610424915449,1.9385763771470976
2020-02-12 11:00:00,1.6961294283307147,0.06353907141732615,1.6325903569133886
2020-02-12 13:00:00,1.3497822791210135,0.05662425732238513,1.2931580217986283
2020-02-12 15:00:00,0.23016410378189156,0.007090822126756209,0.22307328165513535
2020-02-12 17:00:00,0.6254397456700912,0.01325151831116498,0.6121882273589262
2020-02-12 19:00:00,0.6490947903436587,0.010483486246183194,0.6386113040974755
2020-02-12 23:00:00,1.003049258318328,0.035527976499376925,0.967521281818951
2020-02-13 01:00:00,1.4826741431640424,0.03671795659432915,1.4459561865697133
2020-02-13 03:00:00,0.7870027011451559,0.030497872818588356,0.7565048283265675
2020-02-13 05:00:00,1.012872515144962,0.04213178188632773,0.9707407332586342
2020-02-13 11:00:00,1.1103292868144972,0.012787181811572785,1.0975421050029244
2020-02-13 19:00:00,0.4924697526903757,0.00028001126023115746,0.49218974143014455
2020-02-13 21:00:00,0.3044818979770482,0.009500106792558116,0.2949817911844901
2020-02-13 23:00:00,1.3731060994145647,0.028940923845894327,1.3441651755686703
2020-02-14 01:00:00,0.9539214768407174,0.04087669337048349,0.9130447834702339
2020-02-14 03:00:00,1.0938503998208247,0.03964502053901998,1.0542053792818047
2020-02-14 05:00:00,1.3973882637540729,0.03467446392578947,1.3627137998282834
2020-02-14 07:00:00,1.2424762612694464,0.07505111325009639,1.16742514801935
2020-02-14 11:00:00,0.6822171359660535,0.03706624545029178,0.6451508905157617
2020-02-14 17:00:00,0.7738829437751512,0.0013865278404185406,0.7724964159347326
2020-02-15 01:00:00,1.7206637679833197,0.13788661401186647,1.5827771539714532
2020-02-15 03:00:00,1.9379287323557164,0.15358641479877985,1.7843423175569366
2020-02-15 05:00:00,3.0772567935628956,0.2875332615857049,2.7897235319771907
2020-02-15 09:00:00,1.8956949392237696,0.23492309912826714,1.6607718400955025
2020-02-15 11:00:00,1.8074632236119528,0.27447524778960763,1.532987975822345
2020-02-15 13:00:00,1.627287068360875,0.24356023265752547,1.3837268357033496
2020-02-15 15:00:00,2.5866428861034807,0.3264884546292657,2.260154431474215
2020-02-15 17:00:00,2.677508534833661,0.5079451593708523,2.1695633754628085
2020-02-15 19:00:00,2.090824252780876,0.38932405892297006,1.701500193857906
2020-02-15 21:00:00,2.2745695059298896,0.24522386076543962,2.02934564516445
2020-02-15 23:00:00,3.8686354030245393,0.14551178146690896,3.7231236215576304
2020-02-16 01:00:00,6.899438589003283,0.0728585332952918,6.826580055707992
2020-02-16 03:00:00,4.200074215393012,0.0522781824750463,4.147796032917966
2020-02-16 05:00:00,5.035488271618238,0.10165749037503286,4.933830781243206
2020-02-16 07:00:00,5.26420723405348,0.0818890855796389,5.182318148473841
2020-02-16 09:00:00,1.8824733766698927,0.10626067180654228,1.7762127048633505
2020-02-16 11:00:00,1.7058867791488501,0.06827125672545811,1.637615522423392
2020-02-16 13:00:00,3.5485336025196927,0.18219520612796877,3.366338396391724
2020-02-16 15:00:00,4.711592472904351,0.3576012477225854,4.353991225181765
2020-02-16 17:00:00,4.6011487455399385,0.5378828461205712,4.063265899419367
2020-02-16 19:00:00,2.188408208691051,0.6165080256462986,1.5719001830447523
2020-02-16 21:00:00,2.202303184706317,0.32131854948032307,1.8809846352259938
2020-02-16 23:00:00,1.219989125416505,0.30370877581468303,0.9162803496018219
2020-02-17 01:00:00,1.2576054938325938,0.0405447221668168,1.217060771665777
2020-02-17 03:00:00,0.5157750884593058,0.019561105896465397,0.4962139825628404
2020-02-17 05:00:00,0.6063338847290697,0.0430773680355734,0.5632565166934963
2020-02-17 07:00:00,0.4439988298711558,0.025645885819202154,0.41835294405195367
2020-02-17 11:00:00,0.7662545865722352,0.023608533988665557,0.7426460525835696
2020-02-17 13:00:00,0.43530537121274193,0.029042737155866888,0.40626263405687507
2020-02-17 17:00:00,0.6439186137291066,0.037455347279941896,0.6064632664491647
2020-02-17 23:00:00,0.5561800834342095,0.01595328635323683,0.5402267970809728
2020-02-18 01:00:00,0.7101862615697571,0.0225312862357156,0.6876549753340414
2020-02-18 05:00:00,0.438863035616403,0.022580909834428307,0.4162821257819747
2020-02-18 07:00:00,0.8108189836862927,0.10291222782182523,0.7079067558644675
2020-02-18 11:00:00,1.8533273537265222,0.1528462261375275,1.7004811275889948
2020-02-18 15:00:00,0.4545480720107006,0.07255752572514072,0.38199054628555984
2020-02-18 17:00:00,0.3184394035352514,0.044107403637198596,0.2743319998980528
2020-02-18 19:00:00,0.5541342287126246,0.02075567228079892,0.5333785564318257
2020-02-18 21:00:00,0.6328509582367058,0.02285951076837326,0.6099914474683326
2020-02-18 23:00:00,0.7281312293465142,0.03903003669646827,0.6891011926500459
2020-02-19 01:00:00,1.4097823092838981,0.08291348037004802,1.3268688289138502
2020-02-19 03:00:00,2.455587881405084,0.24703445394432202,2.208553427460762
2020-02-19 05:00:00,1.9624951220772497,0.4680592869074293,1.4944358351698204
2020-02-19 07:00:00,4.306340129781219,0.2710731227416905,4.035267007039529
2020-02-19 09:00:00,3.7263418812597404,0.4069603387346048,3.319381542525136
2020-02-19 11:00:00,3.6184198666742957,0.2462878807007594,3.372131985973536
2020-02-19 13:00:00,2.337917163855421,0.33263859876720686,2.005278565088214
2020-02-19 17:00:00,1.5511697207251385,0.27640053974516254,1.274769180979976
2020-02-19 19:00:00,0.993054850762087,0.2375678651537548,0.7554869856083322
2020-02-19 21:00:00,0.8718920823936045,0.023803721400544008,0.8480883609930605
2020-02-19 23:00:00,1.29542931582679,0.02601033950989274,1.2694189763168973
2020-02-20 01:00:00,1.4385194460115864,0.04210945008549445,1.396409995926092
2020-02-20 05:00:00,1.7480326767375653,0.016458509603658033,1.7315741671339073
2020-02-20 07:00:00,1.770003975352325,0.015975564564249384,1.7540284107880755
2020-02-20 09:00:00,1.8519248287869394,0.01202171003081581,1.8399031187561237
2020-02-20 11:00:00,1.9218801651093738,0.013760606747123512,1.9081195583622503
2020-02-20 13:00:00,2.1949355210053665,0.0045331322846580095,2.1904023887207087
2020-02-20 15:00:00,2.229873602262323,0.003818752727519098,2.226054849534804
2020-02-20 17:00:00,3.248553538886002,0.033974966052040124,3.2145785728339615
2020-02-20 21:00:00,1.8368575617516743,0.13366239816774175,1.7031951635839324
2020-02-20 23:00:00,2.4710225593302875,0.24978973764082113,2.2212328216894663
2020-02-21 03:00:00,1.5615089887029687,0.06974474262835297,1.4917642460746157
2020-02-21 05:00:00,0.5979181044511904,0.008416125857583074,0.5895019785936073
2020-02-21 09:00:00,2.3817303089647606,0.09581882241001465,2.285911486554746
2020-02-21 11:00:00,2.5292707119714892,0.15393456322108431,2.3753361487504048
2020-02-21 13:00:00,3.2809659041121795,0.14834176491054035,3.132624139201639
2020-02-21 15:00:00,2.752502712642774,0.18806343053699875,2.5644392821057753
2020-02-21 17:00:00,1.7456537559055973,0.2185625431959562,1.5270912127096412
2020-02-21 19:00:00,1.7658687256796715,0.05527072407075242,1.710598001608919
2020-02-21 21:00:00,1.3922824081259608,0.24535234647947082,1.14693006164649
2020-02-21 23:00:00,0.7074596746735085,0.09255989473588992,0.6148997799376186
2020-02-22 01:00:00,0.6980652174413481,0.052412893190680716,0.6456523242506673
2020-02-22 03:00:00,0.9272941763092043,0.02559510751164901,0.9016990687975552
2020-02-22 05:00:00,0.7178498913741213,0.024874157387600192,0.692975733986521
2020-02-22 07:00:00,1.2844946708148468,0.03279066274648646,1.2517040080683604
2020-02-22 11:00:00,0.3232789814808309,0.02882430870130226,0.29445467277952864
2020-02-22 19:00:00,0.762735125864131,0.053682264627507054,0.7090528612366239
2020-02-23 03:00:00,0.47867031280167294,0.01679799202038544,0.4618723207812875
2020-02-23 13:00:00,0.7117005323179076,0.09430022722175391,0.6174003050961537
2020-02-23 17:00:00,0.5224533662662421,0.055836024721240746,0.46661734154500134
2020-02-23 19:00:00,0.3656788842456211,0.03554397707112331,0.3301349071744978
2020-02-23 21:00:00,1.2463844081247009,0.08717398174348566,1.1592104263812153
2020-02-23 23:00:00,1.0731385201569312,0.1692125558019312,0.903925964355
2020-02-24 07:00:00,0.7721400560015125,0.022678124891054217,0.7494619311104582
2020-02-26 07:00:00,1.674760149626755,0.5333609402437207,1.1413992093830343
2020-02-26 11:00:00,2.5168431320678932,0.07866591307930036,2.438177218988593
2020-02-26 13:00:00,0.9571371177482236,0.01912708303299623,0.9380100347152274
2020-02-26 15:00:00,0.8860315980291309,0.006032652952118796,0.8799989450770122
2020-02-26 17:00:00,0.22376726124417187,0.002364963983325936,0.22140229726084593
2020-02-26 19:00:00,0.7512316455879872,0.016742551244187984,0.7344890943437992
2020-02-26 21:00:00,2.4013536546984944,2.000615876413232,0.4007377782852622
2020-02-27 03:00:00,1.1213699500429513,0.21916044054972178,0.9022095094932294
2020-02-27 05:00:00,1.1837390749502734,0.11230173335113694,1.0714373415991365
2020-02-27 07:00:00,1.2508039467132814,0.14112998662717816,1.1096739600861032
2020-02-27 13:00:00,0.21269141090326624,0.014734102315309881,0.19795730858795635
2020-02-27 17:00:00,0.7649162811640906,0.00780371606825242,0.7571125650958382
2020-02-27 19:00:00,1.336222520694997,0.03398830460490668,1.3022342160900902
2020-02-27 21:00:00,1.7914614605641102,0.07462829054937573,1.7168331700147343
2020-02-27 23:00:00,1.8168290261932183,0.16820462800782618,1.648624398185392
2020-02-28 01:00:00,1.5150482379515164,0.25425927091487244,1.260788967036644
2020-02-28 03:00:00,1.4740787253618246,0.3461454206773904,1.1279333046844342
2020-02-28 05:00:00,2.2056214322369385,0.3959974874465144,1.809623944790424
2020-02-28 07:00:00,4.0254393875341234,0.4828352746275305,3.542604112906593
2020-02-28 11:00:00,2.4360144187705557,0.23558418412265145,2.200430234647904
2020-02-28 13:00:00,0.213115754892807,0.0005483826044830717,0.21256737228832395
2020-02-28 17:00:00,0.5616515410901078,0.015861171545074344,0.5457903695450335
2020-02-28 19:00:00,0.9111173658133057,0.0040508686506971064,0.9070664971626086
2020-02-28 21:00:00,1.3555995279382793,0.013905609166739,1.3416939187715402
2020-02-28 23:00:00,1.7698670125759948,0.03980990302552192,1.7300571095504729
2020-02-29 01:00:00,2.3301408714216314,0.0803371186695475,2.2498037527520838
2020-02-29 03:00:00,2.5565657856157444,0.2118435261389535,2.344722259476791
2020-02-29 07:00:00,1.6119045955616365,0.08312391326688873,1.5287806822947478
2020-02-29 09:00:00,1.481310295950628,0.2714066281035629,1.209903667847065
2020-02-29 11:00:00,1.359467366987939,0.30219880789378517,1.0572685590941537
2020-02-29 13:00:00,1.7004038369345322,0.3919173324921712,1.308486504442361
2020-02-29 15:00:00,1.7990677935126118,0.46759950615318435,1.3314682873594275
2020-02-29 17:00:00,1.7164294046192572,0.6198109331494419,1.0966184714698153
2020-02-29 21:00:00,2.489745732620351,0.028673531135517082,2.461072201484834
2020-03-01 01:00:00,3.849199315696414,0.013292637862008811,3.835906677834405
2020-03-01 03:00:00,4.615929689988607,0.008650134655611465,4.607279555332996
2020-03-01 05:00:00,5.46841845246013,0.020232110317026604,5.448186342143103
2020-03-01 07:00:00,6.280977796988848,1.3057021586554511,4.975275638333397
2020-03-01 09:00:00,5.205379044520978,1.1368043019089595,4.068574742612018
2020-03-01 11:00:00,5.466782310716987,0.3398290505161358,5.1269532602008505
2020-03-01 13:00:00,4.858875601286924,0.23779707879768375,4.62107852248924
2020-03-01 15:00:00,4.892001512941835,0.30829415150780126,4.583707361434034
2020-03-01 17:00:00,3.1483334846497386,0.30417659413464354,2.844156890515095
2020-03-01 19:00:00,1.383863077390602,0.2190489293611698,1.1648141480294323
2020-03-01 21:00:00,1.8781590167746265,0.043887436552502025,1.8342715802221246
2020-03-01 23:00:00,2.12040414324095,0.09405068281277046,2.0263534604281794
2020-03-02 01:00:00,1.2527059921490158,0.17677063575215637,1.0759353563968594
2020-03-02 03:00:00,2.950676670987624,0.26087647596051616,2.689800195027108
2020-03-02 05:00:00,2.8908338849387407,0.20448854517553983,2.686345339763201
2020-03-02 07:00:00,3.192352152707513,0.19649968458063277,2.99585246812688
2020-03-02 09:00:00,1.374592923120494,0.0016174340910349498,1.3729754890294592
2020-03-02 11:00:00,1.3046134375872278,0.002269949366633707,1.3023434882205942
2020-03-02 13:00:00,4.746084829143744,0.03462011709360843,4.711464712050136
2020-03-02 15:00:00,6.386941480989948,0.043895587535076414,6.343045893454871
2020-03-02 17:00:00,3.3955917193878333,0.19978390313766536,3.195807816250168
2020-03-02 19:00:00,2.9721683198849598,0.09797168476919299,2.8741966351157666
2020-03-02 21:00:00,5.22403604232603,0.20732831495762222,5.0167077273684075
2020-03-02 23:00:00,5.2656736122119066,0.21925805879969107,5.046415553412215
2020-03-03 01:00:00,4.512760101135193,0.18127725881982606,4.331482842315367
2020-03-03 03:00:00,4.186385203071854,0.19341707268330732,3.9929681303885465
2020-03-03 05:00:00,5.145348852391354,0.176013058443465,4.969335793947889
2020-03-03 07:00:00,5.125967417154525,0.22962889183747698,4.896338525317049
2020-03-03 09:00:00,8.517158474304747,0.16968322583670237,8.347475248468044
2020-03-03 11:00:00,9.97806195792344,0.11774708624011732,9.860314871683324
2020-03-03 13:00:00,7.0220137458610274,0.05264959080316777,6.9693641550578596
2020-03-03 19:00:00,2.538807332795503,0.015892385213455092,2.522914947582048
2020-03-03 21:00:00,3.3691694924844424,0.04545397497356029,3.323715517510882
2020-03-03 23:00:00,3.282379827494563,0.035528632988556054,3.246851194506007
2020-03-04 01:00:00,3.2963707899032815,0.035959833871974704,3.260410956031307
2020-03-04 05:00:00,3.891677804819316,0.011411914023027362,3.880265890796289
2020-03-04 07:00:00,3.50749585317298,0.005603846724293203,3.5018920064486867
2020-03-04 09:00:00,3.5665485229135756,0.01517660047437331,3.5513719224392024
2020-03-04 11:00:00,3.632156973131344,0.007495675119695442,3.624661298011649
2020-03-04 13:00:00,4.629728247165947,0.00458832636848746,4.6251399207974595
2020-03-04 15:00:00,3.1013818013164576,0.005518759334474845,3.095863041981983
2020-03-04 17:00:00,2.505528406096908,0.021579709263977544,2.4839486968329307
2020-03-04 19:00:00,2.0367878155579904,0.03767140721428358,1.9991164083437067
2020-03-04 21:00:00,1.2005709069176622,0.025121791436647774,1.1754491154810145
2020-03-04 23:00:00,0.9266470950491694,0.03539779089915249,0.8912493041500169
2020-03-05 01:00:00,2.6549301550862725,0.03757743100101853,2.617352724085254
2020-03-05 03:00:00,2.548798737196599,0.12803519430393587,2.4207635428926633
2020-03-05 05:00:00,2.043186334637613,0.029475159980521092,2.013711174657092
2020-03-05 11:00:00,0.6218220190804027,0.0037367508659952513,0.6180852682144075
2020-03-05 13:00:00,0.6353852749926944,0.0025514172051270606,0.6328338577875673
2020-03-05 15:00:00,1.499450954652338,0.029092889998507412,1.4703580646538306
2020-03-05 17:00:00,0.9065665138835898,0.007761341708162954,0.8988051721754268
2020-03-05 19:00:00,0.7897130822531325,0.014565763550018172,0.7751473187031144
2020-03-05 23:00:00,1.4538912038533778,0.04422020304834967,1.4096710008050282
2020-03-06 03:00:00,1.3495152256262042,0.04737901281054528,1.3021362128156588
2020-03-06 07:00:00,0.6524036921540203,0.0007162937459102165,0.6516873984081101
2020-03-06 09:00:00,0.3756169191887211,0.0006765270304990253,0.37494039215822206
2020-03-06 11:00:00,3.860331022356297,0.08247062155736229,3.777860400798935
2020-03-06 13:00:00,1.5834981747858716,0.11301430854530314,1.4704838662405684
2020-03-06 15:00:00,1.1067166529885795,0.07975625782055006,1.0269603951680295
2020-03-06 17:00:00,1.0076088062031723,0.06225766629522593,0.9453511399079463
2020-03-06 19:00:00,1.006263563617748,0.08778883723907362,0.9184747263786743
2020-03-06 21:00:00,1.5685905833511822,0.0507874108591546,1.5178031724920276
2020-03-06 23:00:00,1.2640501008115135,0.06490531822129292,1.1991447825902206
2020-03-07 01:00:00,1.8591255760338328,0.0758909330332973,1.7832346430005355
2020-03-07 03:00:00,1.4586011635571294,0.03258549982320362,1.4260156637339259
2020-03-07 07:00:00,1.517518652266284,0.03148120222304666,1.4860374500432374
2020-03-07 09:00:00,1.7060788932481006,0.02031857514186906,1.6857603181062315
2020-03-07 11:00:00,1.3275962326648065,0.029296549175920304,1.2982996834888862
2020-03-09 07:00:00,8.813626052451012,0.19446904170259408,8.619157010748417
2020-03-09 09:00:00,9.223703352330713,0.17376381696631374,9.049939535364398
2020-03-09 11:00:00,10.79734390095086,0.19670105559894177,10.600642845351919
2020-03-09 13:00:00,9.426636969936228,0.1795385191844999,9.247098450751727
2020-03-09 15:00:00,9.645001990157612,0.18771761941248866,9.457284370745123
2020-03-09 17:00:00,11.030780920143389,0.2463321059526302,10.784448814190759
2020-03-09 19:00:00,14.437521568809524,0.3237335209936035,14.113788047815921
2020-03-09 21:00:00,14.907250381874455,0.3832731550583377,14.523977226816118
2020-03-09 23:00:00,14.169509064672067,0.30331869522786403,13.866190369444203
2020-03-10 01:00:00,12.429910437634307,0.2542769945686095,12.175633443065697
2020-03-10 03:00:00,12.371011576073089,0.27736052117867094,12.093651054894417
2020-03-10 05:00:00,11.734677620347794,0.4710015737791528,11.26367604656864
2020-03-10 07:00:00,8.643413084819557,0.6103495774298263,8.03306350738973
2020-03-10 09:00:00,9.672425732329508,0.6921725636959806,8.980253168633528
2020-03-10 11:00:00,4.662283393997763,0.9171652258412862,3.745118168156477
2020-03-10 15:00:00,1.1118009977209322,0.0013045978843728694,1.1104963998365593
2020-03-10 17:00:00,2.744271895179937,0.40463580172442176,2.3396360934555154
2020-03-10 19:00:00,1.9785377159850903,0.20360180651390067,1.7749359094711896
2020-03-10 21:00:00,3.8305227101961714,0.27248036356351135,3.5580423466326603
2020-03-10 23:00:00,5.340572889370175,0.2334270597654795,5.107145829604695
2020-03-11 01:00:00,3.793662316323313,0.08388039118250731,3.7097819251408057
2020-03-11 03:00:00,6.188514850645405,0.07514263831739675,6.1133722123280085
2020-03-11 05:00:00,6.377197499962501,0.057052557177843424,6.320144942784658
2020-03-11 07:00:00,9.141996901470145,0.06263544667513156,9.079361454795015
2020-03-11 09:00:00,10.788401571962002,0.02579573096583733,10.762605840996164
2020-03-11 11:00:00,9.481868322179531,0.17390231511209303,9.307966007067439
2020-03-11 13:00:00,9.714287112665614,0.0784892442572052,9.635797868408408
2020-03-11 15:00:00,6.382915477434302,0.13351240871541217,6.24940306871889
2020-03-11 17:00:00,1.478925032320631,0.05345994169503876,1.4254650906255923
2020-03-11 21:00:00,1.4556103904766498,0.09981332487516391,1.355797065601486
2020-03-13 09:00:00,0.8180235468087714,0.028320972909124817,0.7897025738996466
2020-03-13 13:00:00,0.6615861230375777,0.006950449587836591,0.654635673449741
2020-03-14 01:00:00,0.2651262231590846,0.08417679323719184,0.18094942992189275
2020-03-14 11:00:00,0.18818856567750886,0.00048168347638869764,0.18770688220112017
2020-03-14 17:00:00,0.4590358865814737,0.002576924122291228,0.4564589624591825
2020-03-14 19:00:00,0.4290122690578484,0.005600929603536057,0.42341133945431236
2020-03-14 21:00:00,2.6663465245144047,0.3919439850047742,2.2744025395096306
2020-03-14 23:00:00,2.0440756244261133,0.09619842283371921,1.947877201592394
2020-03-15 01:00:00,2.1107073221569457,0.16853990974298444,1.9421674124139612
2020-03-15 03:00:00,1.4028690118565919,0.11541898203968565,1.2874500298169063
2020-03-15 05:00:00,0.5141303955880978,0.08063984995095554,0.4334905456371423
2020-03-15 07:00:00,0.9734667103479036,0.16434083959509088,0.8091258707528127
2020-03-15 11:00:00,1.8351694935983318,0.2922183387119432,1.5429511548863886
2020-03-15 13:00:00,0.8403914239600434,0.3181654846498505,0.5222259393101929
2020-03-15 15:00:00,2.294493478430605,0.44133960378807935,1.8531538746425258
2020-03-15 19:00:00,1.510364208143538,0.26908926975796943,1.2412749383855686
2020-03-15 21:00:00,1.8325685203918132,0.8657346057921569,0.9668339145996563
2020-03-15 23:00:00,2.8598443855764453,0.920424589804355,1.9394197957720904
2020-03-16 01:00:00,1.6823856013747567,0.7578259312215144,0.9245596701532424
2020-03-16 03:00:00,2.6664680990985197,1.3242732903595362,1.3421948087389837
2020-03-16 05:00:00,2.695024800824769,0.6914469497489805,2.0035778510757885
2020-03-16 11:00:00,0.1065180475554902,0.0014586421013274673,0.10505940545416273
2020-03-21 17:00:00,0.5036280155091212,0.02395383677963774,0.4796741787294834
2020-03-21 19:00:00,0.2894573586725883,0.06289185308659646,0.22656550558599184
2020-03-21 23:00:00,1.8893604134672866,0.11458248511554381,1.7747779283517429
2020-03-22 01:00:00,1.5606664457877644,0.5813943092492851,0.9792721365384791
2020-03-22 07:00:00,4.829225069977006,0.5548925356581693,4.2743325343188365
2020-03-22 15:00:00,0.6072787421103184,0.020158760238990384,0.587119981871328
2020-03-22 17:00:00,0.5343385176694759,0.011761164521977653,0.5225773531474983
2020-03-22 19:00:00,0.5056039549792977,0.0016282135376974754,0.5039757414416002
2020-03-22 21:00:00,1.080355118448556,0.006502410212853896,1.0738527082357021
2020-03-22 23:00:00,1.18432962889247,0.04449801483238714,1.1398316140600828
2020-03-23 01:00:00,1.1441452253313629,0.1724977126105578,0.9716475127208051
2020-03-23 03:00:00,2.7115288469611434,0.4377235026173205,2.2738053443438226
2020-03-23 05:00:00,2.370420042701964,0.33449119649848746,2.0359288462034764
2020-03-23 07:00:00,0.8031579868918987,0.009810269932246445,0.7933477169596522
2020-03-23 09:00:00,1.03160805900094,0.03149981041609279,1.0001082485848471
2020-03-23 11:00:00,0.5202203286993557,0.015216355089651698,0.5050039736097041
2020-03-23 13:00:00,1.2874707044864357,0.4130774687723661,0.8743932357140697
2020-03-23 15:00:00,1.8873946927803122,0.29982303291442064,1.5875716598658915
2020-03-23 17:00:00,3.098991406057979,0.3030181546790751,2.795973251378904
2020-03-23 19:00:00,4.5284943791069106,0.4213330431578814,4.107161335949029
2020-03-23 23:00:00,1.4290244726202763,0.04760941778707758,1.3814150548331987
2020-03-24 01:00:00,1.4814480607272187,0.015742138314366393,1.4657059224128524
2020-03-24 03:00:00,1.4907495540901319,0.04848123469075058,1.4422683193993813
2020-03-24 05:00:00,1.3681762594578528,0.08045914980318096,1.2877171096546718
2020-03-24 07:00:00,4.156652361263035,0.5650336441340421,3.591618717128993
2020-03-24 09:00:00,2.528947220420693,0.9128564479217092,1.6160907724989837
2020-03-24 11:00:00,4.401930731074374,0.8021557536049363,3.5997749774694374
2020-03-24 13:00:00,1.1178463895626767,0.004167238338424084,1.1136791512242525
2020-03-24 15:00:00,1.313292117427388,0.01895633363615097,1.294335783791237
2020-03-24 17:00:00,2.8976493668407715,0.001259539954125931,2.8963898268866455
2020-03-24 19:00:00,2.0337985101640603,0.0005710376355043186,2.033227472528556
2020-03-24 21:00:00,2.0604978849343065,0.014140645994070247,2.0463572389402365
2020-03-24 23:00:00,2.3981492235992174,0.008741734666853903,2.3894074889323638
2020-03-25 01:00:00,2.665432376271532,0.012368725289063128,2.653063650982469
2020-03-25 03:00:00,2.65797221131723,0.009198105738591441,2.6487741055786387
2020-03-25 05:00:00,2.777073098935433,0.010186380486884507,2.766886718448548
2020-03-25 07:00:00,3.1438034406841626,0.008877718724126812,3.1349257219600357
2020-03-25 09:00:00,2.819851378311248,0.010832919272201902,2.809018459039046
2020-03-25 11:00:00,3.2932421613985925,0.007345142213037918,3.2858970191855548
2020-03-25 13:00:00,7.804189593685605,0.0015125614300904313,7.802677032255514
2020-03-25 15:00:00,7.717024880170265,0.000489385211104513,7.71653549495916
2020-03-25 17:00:00,6.376877984690617,0.0015905113398040837,6.375287473350813
2020-03-25 19:00:00,5.041708065150412,0.0073644511724390935,5.034343613977973
2020-03-25 21:00:00,6.104921310185791,0.009806567319259793,6.095114742866531
2020-03-25 23:00:00,7.0437815200127245,0.015371595937878181,7.028409924074846
2020-03-26 01:00:00,6.797431440124527,0.02725033451545834,6.770181105609068
2020-03-26 03:00:00,6.734451626474109,0.03525341522629214,6.699198211247817
2020-03-26 05:00:00,6.26639235152507,0.017130111883742135,6.249262239641328
2020-03-26 07:00:00,4.798716830706396,0.0446746497585498,4.754042180947846
2020-03-26 09:00:00,6.781270759997294,0.012208252504068859,6.769062507493225
2020-03-26 11:00:00,6.67298965118768,0.04207067145149819,6.630918979736182
2020-03-26 13:00:00,7.437000416727184,0.1156476814065619,7.321352735320622
2020-03-26 15:00:00,8.77232755063033,0.04782503213905019,8.72450251849128
2020-03-26 17:00:00,9.344163984277788,0.03631255258928907,9.3078514316885
2020-03-26 19:00:00,10.605847191947545,0.1243209739341322,10.481526218013412
2020-03-26 21:00:00,11.835709240609347,0.10741218346705478,11.728297057142292
2020-03-26 23:00:00,12.372992153137536,0.11162858195562411,12.261363571181912
2020-03-27 01:00:00,12.729923752671171,0.09968628561853256,12.630237467052638
2020-03-27 03:00:00,12.549896463847906,0.09546301531153777,12.454433448536369
2020-03-27 07:00:00,16.355298262242158,0.4748218371633936,15.880476425078765
2020-03-27 09:00:00,13.238113128558254,0.08981900470787652,13.148294123850377
2020-03-27 11:00:00,10.599453403591477,0.06397892117137817,10.5354744824201
2020-03-27 13:00:00,13.387327732469373,0.16769687064852343,13.21963086182085
2020-03-27 15:00:00,10.285770362457619,0.03723489277372353,10.248535469683896
2020-03-27 17:00:00,9.275219061889155,0.043205609255571355,9.232013452633584
2020-03-27 19:00:00,9.458193271116464,0.014297420893842262,9.443895850222622
2020-03-27 21:00:00,10.146336531373544,0.01479116688140414,10.13154536449214
2020-03-27 23:00:00,14.008069802677564,0.018740267239253768,13.98932953543831
2020-03-28 01:00:00,15.168092455507406,0.019520149624873834,15.148572305882531
2020-03-28 03:00:00,15.283140523404239,0.023820979038707474,15.259319544365532
2020-03-28 05:00:00,17.077804321398737,0.05156660555119211,17.026237715847547
2020-03-28 07:00:00,15.437710111010958,0.03851027736861496,15.399199833642342
2020-03-28 09:00:00,9.859006140872443,0.057402824727959476,9.801603316144483
2020-03-28 11:00:00,6.080341713021931,0.05489066654820448,6.0254510464737265
2020-03-28 13:00:00,0.5445283931151255,0.09061088288165309,0.4539175102334724
2020-03-28 19:00:00,0.8345901201428334,0.00632353017358659,0.8282665899692468
2020-03-28 21:00:00,0.2988125853803502,0.0018835258035989264,0.2969290595767513
2020-03-29 01:00:00,1.2552399139145458,0.03998111724671743,1.2152587966678283
2020-03-29 03:00:00,1.0664395298833078,0.045338395260890695,1.021101134622417
2020-03-29 07:00:00,0.4639942810705432,0.1041729879354614,0.35982129313508177
2020-03-29 09:00:00,0.30243962184771006,0.021696832822052304,0.28074278902565775
2020-03-29 15:00:00,0.34991265703862834,0.0007604384704398488,0.3491522185681885
2020-03-29 17:00:00,0.3975839057272501,0.006652698114299082,0.390931207612951
2020-03-29 19:00:00,0.406702917847702,0.00684478827666285,0.39985812957103917
2020-03-29 21:00:00,0.46309873011224273,0.03072747864172765,0.4323712514705151
2020-03-29 23:00:00,0.11914668700842965,0.038703742635827994,0.08044294437260165
2020-03-30 01:00:00,0.3116651606953641,0.20040725996545672,0.11125790072990735
2020-03-30 03:00:00,0.23044112898997693,0.035916147911835554,0.19452498107814137
2020-03-30 05:00:00,2.3392354616518176,0.43097068247675535,1.9082647791750624
2020-03-30 09:00:00,1.7426625302968501,0.1728606573395316,1.5698018729573187
2020-03-30 11:00:00,2.7244412751087896,0.1516558670531691,2.5727854080556205
2020-03-30 15:00:00,0.38500313223269367,0.06519080736741176,0.3198123248652819
2020-03-30 17:00:00,0.39229737357662664,0.04926641133068899,0.34303096224593765
2020-03-30 19:00:00,0.5935208218815076,0.029939683591542848,0.5635811382899647
2020-03-30 21:00:00,0.5161367620847075,0.03674176736557237,0.47939499471913516
2020-03-30 23:00:00,1.9371698011904908,0.10325138575944098,1.8339184154310497
2020-03-31 01:00:00,2.3644648499219167,0.3194710492424303,2.0449938006794866
2020-03-31 05:00:00,2.071698565506214,0.3717360134943929,1.699962552011821
2020-03-31 07:00:00,2.9103701021966044,0.2970152206092609,2.6133548815873437
2020-03-31 09:00:00,0.5643748470933428,0.031100539694979286,0.5332743073983636
2020-03-31 17:00:00,1.5461116340892975,0.13286858682391695,1.4132430472653805
2020-03-31 19:00:00,1.8567969103897473,0.18908362901999354,1.6677132813697537
2020-04-01 03:00:00,3.2107043437287963,0.039005065945614995,3.171699277783181
2020-04-01 09:00:00,2.650313759735362,0.010991678618677959,2.639322081116684
2020-04-01 11:00:00,0.20031075643749136,0.01437326026400191,0.18593749617348945
2020-04-01 15:00:00,0.8791813511000443,0.0065218868994710265,0.8726594642005733
2020-04-01 17:00:00,0.4082810884841376,0.004313497658309516,0.40396759082582806
2020-04-01 19:00:00,0.42495565867350893,0.03386054602924374,0.39109511264426516
2020-04-01 21:00:00,1.5340391279928394,0.09846154472919998,1.4355775832636395
